document_id,filename,table_name,title_or_description,update_cycle,adjusted,indexes_raw,first_page,last_page
qa_database_schema_axioma_v1_1_6_2022_11_07,QA Database Schema - Axioma v1.1.6 (2022-11-07).pdf,AxFactor,,,,,8,8
qa_database_schema_axioma_v1_1_6_2022_11_07,QA Database Schema - Axioma v1.1.6 (2022-11-07).pdf,AxCode,Numeric Codes | This table contains descriptions of Axioma numeric codes.,Daily,N/A,"pkey_AxCode (Clustered) Type_, Code",8,8
qa_database_schema_axioma_v1_1_6_2022_11_07,QA Database Schema - Axioma v1.1.6 (2022-11-07).pdf,AxCusipChg,CUSIP Values | This table contains CUSIP values for each Axioma ID when provided in the feed.,Daily,N/A,"pkey_AxCusipChg (Clustered) SecID, StartDate LSEG Quantitative Analytics Database Schema for Axioma 9",8,9
qa_database_schema_axioma_v1_1_6_2022_11_07,QA Database Schema - Axioma v1.1.6 (2022-11-07).pdf,AxDesc,Character Codes | This table contains descriptions of Axioma character codes.,Daily,N/A,"pkey_AxDesc (Clustered) Type_, Code",9,9
qa_database_schema_axioma_v1_1_6_2022_11_07,QA Database Schema - Axioma v1.1.6 (2022-11-07).pdf,AxFactHolding,Factor-Related Information | This table contains factor-related information.,Daily,N/A,"pkey_AxFactHolding (Clustered) Date_, ModelID, SecID, FactID",9,10
qa_database_schema_axioma_v1_1_6_2022_11_07,QA Database Schema - Axioma v1.1.6 (2022-11-07).pdf,AxFactor,"Input File Factors | This table contains the various factors in the input file, including Style, Industry, Country, Currency, Statistical,",Daily,N/A,pkey_AxFactor (Clustered) FactID,10,10
qa_database_schema_axioma_v1_1_6_2022_11_07,QA Database Schema - Axioma v1.1.6 (2022-11-07).pdf,AxFxRate,Foreign Exchange Details | This table contains the ISO currency code and its exchange rate and risk-free rate details.,Daily,N/A,"pkey_AxFxRate (Clustered) Date_, CurrCode",10,10
qa_database_schema_axioma_v1_1_6_2022_11_07,QA Database Schema - Axioma v1.1.6 (2022-11-07).pdf,AxIndustryMap,Industry Hierarchy | This table contains information about the industry hierarchy.,Daily,N/A,"pkey_AxIndustryMap (Clustered) SectorID, IndGrpID, IndID",10,11
qa_database_schema_axioma_v1_1_6_2022_11_07,QA Database Schema - Axioma v1.1.6 (2022-11-07).pdf,AxIsinChg,Ex-North American ISIN Values | This table contains ex-North American ISIN values for each Axioma ID provided in the feed. ISIN values that are,Daily,N/A,"pkey_AxIsinChg (Clustered) SecID, StartDate",11,11
qa_database_schema_axioma_v1_1_6_2022_11_07,QA Database Schema - Axioma v1.1.6 (2022-11-07).pdf,AxIsinChgC,North American ISIN Values | This table contains North American ISIN values for each Axioma ID provided in the feed. These are derived from,Daily,N/A,"pkey_AxIsinChgC (Clustered) SecID, StartDate",11,11
qa_database_schema_axioma_v1_1_6_2022_11_07,QA Database Schema - Axioma v1.1.6 (2022-11-07).pdf,AxItem,Data Item Information | This table contains the item code assigned to the individual identifiers.,Daily,N/A,pkey_AxItem (Clustered) Item,11,12
qa_database_schema_axioma_v1_1_6_2022_11_07,QA Database Schema - Axioma v1.1.6 (2022-11-07).pdf,AxSecInfo_V4,"Security-Level Details | This table contains the security-level information provided by Axioma. The identifiers like CUSIP, SEDOL, and",Daily,N/A,pkey_AxSecInfo (Clustered) SecID,12,12
qa_database_schema_axioma_v1_1_6_2022_11_07,QA Database Schema - Axioma v1.1.6 (2022-11-07).pdf,AxSecAttr_V4,Security Market-Level Attributes | This table contains the market-level attributes associated with a particular security.,Daily,N/A,"pkey_AxSecAttr (Clustered) Date_, SecID",12,13
qa_database_schema_axioma_v1_1_6_2022_11_07,QA Database Schema - Axioma v1.1.6 (2022-11-07).pdf,AxSecRskData_V4,Security Risk Data | This table contains the risk related-details associated with a particular security in a particular model.,Daily,N/A,"pkey_AxSecRskData (Clustered) Date_, ModelID, SecID",13,13
qa_database_schema_axioma_v1_1_6_2022_11_07,QA Database Schema - Axioma v1.1.6 (2022-11-07).pdf,AxFactReturns_V4,Factor Return Values | This table contains the return values for each of the factors.,Daily,N/A,"pkey_AxFactReturns (Clustered) Date_, ModelID, FactID",13,14
qa_database_schema_axioma_v1_1_6_2022_11_07,QA Database Schema - Axioma v1.1.6 (2022-11-07).pdf,AxFactCovar_V4,Covariance Values | This table contains covariance values for pairs of factors in each model.,Daily,N/A,"pkey_AxFactCovar (Clustered) Date_, ModelID, FactID1, FactID2",14,14
qa_database_schema_axioma_v1_1_6_2022_11_07,QA Database Schema - Axioma v1.1.6 (2022-11-07).pdf,AxSecCovar_V4,Covariance Values | This table contains the covariance values for a pair of securities in each model.,Daily,N/A,"pkey_AxSecCovar (Clustered) Date_, ModelID, SecID1, SecID2",14,14
qa_database_schema_axioma_v1_1_6_2022_11_07,QA Database Schema - Axioma v1.1.6 (2022-11-07).pdf,AxSecInfoChg,Historical Security-Level Details | This table contains the historical details of all the identifiers.,Daily,N/A,"pkey_AxSecInfoChg (Clustered) SecID, Item, StartDate",14,15
qa_database_schema_axioma_v1_1_6_2022_11_07,QA Database Schema - Axioma v1.1.6 (2022-11-07).pdf,AxSecModelMap,Security and Model Identification | This table contains the SecID and the corresponding ModelID.,Daily,N/A,"pkey_AxSecModelMap (Clustered) SecID, ModelID",15,15
qa_database_schema_axioma_v1_1_6_2022_11_07,QA Database Schema - Axioma v1.1.6 (2022-11-07).pdf,AxSedolChg,SEDOL Values | This table contains SEDOL values for each Axioma ID when provided in the feed.,Daily,N/A,"pkey_AxSedolChg (Clustered) SecID, StartDate",15,16
qa_database_schema_axioma_v1_1_6_2022_11_07,QA Database Schema - Axioma v1.1.6 (2022-11-07).pdf,AxUS4MHStatExpDly,Daily Exposure Details for U.S. – Medium | This table contains daily exposure details for U.S. – Medium Horizon statistical factors.,Daily Adjusted: N/A,,"pkey_AxUS4MHStatExpDly (clustered) SecID, Date_",16,17
qa_database_schema_axioma_v1_1_6_2022_11_07,QA Database Schema - Axioma v1.1.6 (2022-11-07).pdf,AxUS4MHStyleExp,"Exposure Details for U.S. – Medium Horizon | This table contains exposure details for U.S. – Medium Horizon fundamental factors, which do not change on a",As needed (checked daily; updated when there is a change),N/A,"pkey_AxUS4MHStyleExp (clustered) SecID, StartDate",17,17
qa_database_schema_axioma_v1_1_6_2022_11_07,QA Database Schema - Axioma v1.1.6 (2022-11-07).pdf,AxUS4MHStyleExpDly,Daily Exposure Details for U.S. – Medium | This table contains daily exposure details for U.S. – Medium Horizon style factors. For details about Axioma's,Daily,N/A,"pkey_AxUS4MHStyleExpDly (clustered) SecID, Date_",17,18
qa_database_schema_axioma_v1_1_6_2022_11_07,QA Database Schema - Axioma v1.1.6 (2022-11-07).pdf,AxUS4SHStatExpDly,Daily Exposure Details for U.S. – Short | This table contains daily exposure details for U.S. – Short Horizon statistical factors.,Daily,N/A,"pkey_AxUS4MHStatExpDly (clustered) SecID, Date_",18,18
qa_database_schema_axioma_v1_1_6_2022_11_07,QA Database Schema - Axioma v1.1.6 (2022-11-07).pdf,AxUS4SHStyleExp,"Exposure Details for U.S. – Short Horizon | This table contains exposure details for U.S. – Short Horizon fundamental factors, which do not change on a daily",As needed (checked daily; updated when there is a change),N/A,"pkey_AxUS4SHStyleExp (clustered) SecID, StartDate",18,19
qa_database_schema_axioma_v1_1_6_2022_11_07,QA Database Schema - Axioma v1.1.6 (2022-11-07).pdf,AxUS4SHStyleExpDly,Daily Exposure Details for U.S. – Medium | This table contains daily exposure details for U.S. – Medium Horizon style factors. For details about Axioma's,Daily,N/A,"pkey_AxUS4SHStyleExpDly (clustered) SecID, Date_",19,19
qa_database_schema_axioma_v1_1_6_2022_11_07,QA Database Schema - Axioma v1.1.6 (2022-11-07).pdf,AxWW4MHStatExp,"Exposure Details for World Wide – Medium | This table contains exposure details for World Wide – Medium Horizon statistical factors, which do not change on",As needed (checked daily; updated when there is a change) Adjusted: N/A,,"pkey_AxWW4MHStatExp (clustered) SecID, StartDate",19,20
qa_database_schema_axioma_v1_1_6_2022_11_07,QA Database Schema - Axioma v1.1.6 (2022-11-07).pdf,AxWW4MHStatExpDly,Daily Exposure Details for World Wide – | This table contains daily exposure details for World Wide – Medium Horizon statistical factors.,Daily,N/A,"pkey_AxWW4MHStatExpDly (clustered) SecID, Date_",20,20
qa_database_schema_axioma_v1_1_6_2022_11_07,QA Database Schema - Axioma v1.1.6 (2022-11-07).pdf,AxWW4MHStyleExp,"Exposure Details for World Wide – Medium | This table contains exposure details for World Wide – Medium Horizon fundamental factors, which do not change",As needed (checked daily; updated when there is a change),N/A,"pkey_AxWW4MHStyleExp (clustered) SecID, StartDate",20,21
qa_database_schema_axioma_v1_1_6_2022_11_07,QA Database Schema - Axioma v1.1.6 (2022-11-07).pdf,AxWW4MHStyleExpDly,Daily Exposure Details for World Wide – | This table contains daily exposure details for World Wide – Medium Horizon style factors. For details about,Daily,N/A,"pkey_AxWW4MHStyleExpDly (clustered) SecID, Date_",21,22
qa_database_schema_axioma_v1_1_6_2022_11_07,QA Database Schema - Axioma v1.1.6 (2022-11-07).pdf,AxWW4SHStatExp,"Exposure Details for World Wide – Short | This table contains exposure details for World Wide – Short Horizon statistical factors, which do not change on a",As needed (checked daily; updated when there is a change) Adjusted: N/A,,"pkey_AxWW4SHStatExp (clustered) SecID, StartDate",22,22
qa_database_schema_axioma_v1_1_6_2022_11_07,QA Database Schema - Axioma v1.1.6 (2022-11-07).pdf,AxWW4SHStatExpDly,Daily Exposure Details for World Wide – | This table contains daily exposure details for World Wide – Short Horizon statistical factors.,Daily Adjusted: N/A,,"pkey_AxWW4SHStatExpDly (clustered) SecID, Date_",22,23
qa_database_schema_axioma_v1_1_6_2022_11_07,QA Database Schema - Axioma v1.1.6 (2022-11-07).pdf,AxWW4SHStyleExp,"Exposure Details for World Wide – Short | This table contains exposure details for World Wide – Short Horizon fundamental factors, which do not change on",As needed (checked daily; updated when there is a change),N/A,"pkey_AxWW4SHStyleExp (clustered) SecID, StartDate",23,23
qa_database_schema_axioma_v1_1_6_2022_11_07,QA Database Schema - Axioma v1.1.6 (2022-11-07).pdf,AxWW4SHStyleExpDly,Daily Exposure Details for World Wide – | This table contains daily exposure details for World Wide – Short Horizon style factors. For details about,Daily,N/A,"pkey_AxWW4SHStyleExpDly (clustered) SecID, Date_",23,25
qa_database_schema_barra_v1_6_3_2022_08_31,QA Database Schema - Barra v1.6.3 (2022-08-31).pdf,BaAstEif,"Barra Asset Equity Index Futures (EIF) | As of 01 September 2011, this table is discontinued as part of the BIME301 release. | This table contains asset EIF contract data.",Thrice daily,N/A,pkey_BaAstEif (Clustered) Code,9,9
qa_database_schema_barra_v1_6_3_2022_08_31,QA Database Schema - Barra v1.6.3 (2022-08-31).pdf,BaAstIdent,"Barra Asset Identifiers | This table contains asset identification data, including the asset type.",Thrice daily,N/A,"pkey_BaAstIdent (Clustered) Code, AstIdentType_2, StartDate BaAstIdent_1 Code BaAstIdent_2 AstIdentType_2, AssetId, StartDate BaAstIdent_3 Code, AstIdentType_2, AssetId, StartDate",9,10
qa_database_schema_barra_v1_6_3_2022_08_31,QA Database Schema - Barra v1.6.3 (2022-08-31).pdf,BaAstInfo,"Barra Asset Information | This table contains general asset information such as the asset name, asset type values (CUSIP, SEDOL, ISIN or",Thrice daily,N/A,"pkey_BaAstInfo (Clustered) Code BaAstInfo_1 BarrId BaAstInfo_2 Code, StartDate BaAstInfo_3 Name BaAstInfo_4 InstrmntType_7 BaAstInfo_5 Cusip BaAstInfo_6 Sedol BaAstInfo_7 ISIN BaAstInfo_8 CIN",10,11
qa_database_schema_barra_v1_6_3_2022_08_31,QA Database Schema - Barra v1.6.3 (2022-08-31).pdf,BaBimeAstPrc,Barra BIMe Asset Price | This table includes the daily asset price and capitalization.,Thrice daily,Unadjusted,"pkey_BaBimeAstPrc (Clustered) Code, DataDate BaBimeAstPrc_1 Code, DataDate, RelDate BaBimeAstPrc_2 Code, RelDate",11,12
qa_database_schema_barra_v1_6_3_2022_08_31,QA Database Schema - Barra v1.6.3 (2022-08-31).pdf,BaBimeCntryModel,Barra BIMe Country Model | This table contains sub-model data by ISO country code.,As needed,N/A,"pkey_BaBimeCntryModel (Clustered) BIMeVer, ISOCntryType_3, Model BaBimeCntryModel_1 Model, ISOCntryType_3 BaBimeCntryModel_2 BIMeVer, Model, ISOCntryType_3 BaBimeCntryModel_3 ISOCntryType_3, Model",12,12
qa_database_schema_barra_v1_6_3_2022_08_31,QA Database Schema - Barra v1.6.3 (2022-08-31).pdf,BaBimeCode,Barra BIMe Code | This table cross-references with all Quantitative Analytics Barra data types.,As needed,N/A,"pkey_BaBimeCode (Clustered) Type_, Code BaBimeCode_1 Type_, Desc_, Code",12,12
qa_database_schema_barra_v1_6_3_2022_08_31,QA Database Schema - Barra v1.6.3 (2022-08-31).pdf,BaBimeCurrFactors,Barra BIMe Currency Factors | This table contains the data currency factor by ISO country code.,As needed,N/A,"pkey_BaBimeCurrFactors (Clustered) ISOCcyType_4, Factor LSEG Quantitative Analytics Database Schema for Barra 13",12,13
qa_database_schema_barra_v1_6_3_2022_08_31,QA Database Schema - Barra v1.6.3 (2022-08-31).pdf,BaBimeFactors,Barra BIMe Factors | This table contains factors in sub-models.,As needed,N/A,"pkey_BaBimeFactors (Clustered) Factor BaBimeFactors_1 Model, Mnemonic BaBimeFactors_2 Mnemonic, Model BaBimeFactors_3 Mnemonic BaBimeFactors_4 FactorDisplayName",13,14
qa_database_schema_barra_v1_6_3_2022_08_31,QA Database Schema - Barra v1.6.3 (2022-08-31).pdf,BaBimeModels,Barra BIMe Models | This table contains details about sub-models comprising a version of BIMe. | ExpTableCode tinyint Y This field signifies which *Exp table to go to for the given model.,As needed,N/A,"pkey_BaBimeModels (Clustered) Model BaBimeModels_1 ModelShort BaBimeModels_2 Model, BIMeVer",14,14
qa_database_schema_barra_v1_6_3_2022_08_31,QA Database Schema - Barra v1.6.3 (2022-08-31).pdf,BaBimeModEstu,Barra BIMe Model Estimate Universe | This table contains model estimation universe data.,Thrice daily Adjusted: N/A,,"pkey_BaBimeModEstu (Clustered) Model, Code, RelDate",14,15
qa_database_schema_barra_v1_6_3_2022_08_31,QA Database Schema - Barra v1.6.3 (2022-08-31).pdf,BaBimeModEstuHist,Barra BIMe Model Estimate Universe History | This table contains model estimation universe history data.,Daily,N/A,"pkey_BaBimeModEstuHist (Clustered) Model, Code, StartDate",15,15
qa_database_schema_barra_v1_6_3_2022_08_31,QA Database Schema - Barra v1.6.3 (2022-08-31).pdf,BaBimeRelease,"Barra BIMe Release | As of 01 September 2011, this table is discontinued as part of the BIME301 release. | This table contains log data of BIMe version releases.",As needed,N/A,pkey_BaBimeRelease (Clustered) BIMeVer,15,15
qa_database_schema_barra_v1_6_3_2022_08_31,QA Database Schema - Barra v1.6.3 (2022-08-31).pdf,BaBimeVarCode,Barra BIMe Var Code | This table contains Barra cross-references for their varchar fields.,As needed,N/A,"pkey_BaBimeVarCode (Clustered) Type_, Code LSEG Quantitative Analytics Database Schema for Barra 16",15,16
qa_database_schema_barra_v1_6_3_2022_08_31,QA Database Schema - Barra v1.6.3 (2022-08-31).pdf,BaRates,Barra Rates | This table contains exchange rates and risk-free rate data.,Thrice daily,N/A,"pkey_BaRates (Clustered) CcyType_4, DataDate",16,16
qa_database_schema_barra_v1_6_3_2022_08_31,QA Database Schema - Barra v1.6.3 (2022-08-31).pdf,BaUpdtRelease,Barra Update Release | This table contains a log of releases and data corrections by model.,Thrice daily,N/A,"pkey_BaUpdtRelease (Clustered) Model, ModelVer, DataDate, ActionDate, ActionTime",16,17
qa_database_schema_barra_v1_6_3_2022_08_31,QA Database Schema - Barra v1.6.3 (2022-08-31).pdf,BaBimeGlCovar,Barra BIMe Global Covariance | This table contains factor variances for all global factors in BIMe.,Monthly,N/A,"pkey_BaBimeGlCovar (Clustered) GLFactor1, GLFactor2, DataDate BaBimeGlCovar_1 GLFactor1, GLFactor2, RelDate BaBimeGlCovar_2 GLFactor1, GLFactor2, DataDate, RelDate",17,17
qa_database_schema_barra_v1_6_3_2022_08_31,QA Database Schema - Barra v1.6.3 (2022-08-31).pdf,BaBimeGlFacRet,Barra BIMe Global Factor Returns | This table contains Barra global factor return data.,Monthly,N/A,"pkey_BaBimeGlFacRet (Clustered) GLFactor, DataMonth BaBimeGlFacRet_1 GLFactor, RelDate BaBimeGlFacRet_2 GLFactor, DataMonth, RelDate",17,18
qa_database_schema_barra_v1_6_3_2022_08_31,QA Database Schema - Barra v1.6.3 (2022-08-31).pdf,BaBimeGlFacExp,Barra BIMe Global Factors Exposures | This table contains Barra global factor exposure data.,Monthly,N/A,"pkey_BaBimeGlFacExp (Clustered) GLFactor, Factor, DataDate BaBimeGlFacExp_1 GLFactor, Factor, RelDate BaBimeGlFacExp_2 GLFactor, Factor, DataDate, RelDate",18,18
qa_database_schema_barra_v1_6_3_2022_08_31,QA Database Schema - Barra v1.6.3 (2022-08-31).pdf,BaBimeScaling,Barra BIMe Scaling | This table contains matrix scaling exposures of local factors to global factors. The matrix block is diagonal and is,Thrice daily,N/A,"pkey_BaBimeScaling (Clustered) Factor1, Factor2, DataDate BaBimeScaling_1 Factor1, Factor2, RelDate BaBimeScaling_2 Factor1, Factor2, DataDate, RelDate",18,18
qa_database_schema_barra_v1_6_3_2022_08_31,QA Database Schema - Barra v1.6.3 (2022-08-31).pdf,BaBimeGlScGlFacExp,Barra BIMe Scaled Global Factor Exposure | This table contains scaled exposures of sub-model factors to global factors for a given BIMe version (BIMEVER).,Monthly,N/A,"pkey_BaBimeGlScGlFacExp (Clustered) GLFactor, Factor, DataDate BaBimeGlScGlFacExp_1 GLFactor, Factor, RelDate BaBimeGlScGlFacExp_2 GLFactor, Factor, DataDate, RelDate LSEG Quantitative Analytics Database Schema for Barra 19",18,19
qa_database_schema_barra_v1_6_3_2022_08_31,QA Database Schema - Barra v1.6.3 (2022-08-31).pdf,BaBimeGlFactors,Barra BIMe Global Factors | This table contains descriptions of global factors.,Monthly,N/A,pkey_BaBimeGlFactors (Clustered) GLFactor BaBimeGlFactors_1 Mnemonic BaBimeGlFactors_2 FactorGrpType_6 BaBimeGlFactors_3 FactDisplayName,19,20
qa_database_schema_barra_v1_6_3_2022_08_31,QA Database Schema - Barra v1.6.3 (2022-08-31).pdf,BaBimeModAstData,Barra BIMe Model Asset Data | This table contains yield and specific risk data for sub-models from a BIMe version.,Thrice daily,N/A,"pkey_BaBimeModAstData (Clustered) Model, Code, DataDate BaBimeModAstData_1 Model, Code, RelDate BaBimeModAstData_2 Model, Code, DataDate, RelDate BaBimeModAstData_3 Code, DataDate",20,20
qa_database_schema_barra_v1_6_3_2022_08_31,QA Database Schema - Barra v1.6.3 (2022-08-31).pdf,BaBimeModAstExp,Barra BIMe Model Asset Exposure | This table contains data on asset exposure for each sub-model factor. Exposures are based on the model implied,Thrice daily,N/A,"pkey_BaBimeModAstExp (Clustered) Model, Code, Factor, DataDate BaBimeModAstExp_1 Model, Code, Factor, RelDate BaBimeModAstExp_2 Model, Code, Factor, DataDate, RelDate LSEG Quantitative Analytics Database Schema for Barra 21",20,21
qa_database_schema_barra_v1_6_3_2022_08_31,QA Database Schema - Barra v1.6.3 (2022-08-31).pdf,BaGEM3ModAstExp,Barra GEM3 Model Asset Exposure | This table contains data on asset exposure for GEM3 model factor.,Thrice daily,N/A,"pkey_ BaGEM3ModAstExp (Clustered) Code, ParentFactor, DataDate",21,21
qa_database_schema_barra_v1_6_3_2022_08_31,QA Database Schema - Barra v1.6.3 (2022-08-31).pdf,BaUSE4ModAstExp,Barra USE4 Models Asset Exposure | This table contains data on asset exposure for USE4 models.,Thrice daily,N/A,"pkey_ BaUSE4ModAstExp (Clustered) Code, ParentFactor, DataDate",21,22
qa_database_schema_barra_v1_6_3_2022_08_31,QA Database Schema - Barra v1.6.3 (2022-08-31).pdf,BaNBimeModAstExp,"Barra AUE4, CAE5, JPE4 models Asset | This table contains data on asset exposure for AUE4, CAE5, and JPE4 models.",Thrice daily,N/A,"pkey_ BaNBimeModAstExp (Clustered) Code, ParentFactor, DataDate, ParentModel",22,22
qa_database_schema_barra_v1_6_3_2022_08_31,QA Database Schema - Barra v1.6.3 (2022-08-31).pdf,BaBimeModAstLsr,Barra BIMe Model Asset LSR | This table contains data on the linked specific risk (LSR) of assets.,Thrice daily,N/A,"pkey_BaBimeModAstLsr (Clustered) Model, Code, DataDate BaBimeModAstLsr_1 Model, Code, RelDate BaBimeModAstLsr_2 Model, Code, DataDate, RelDate",22,23
qa_database_schema_barra_v1_6_3_2022_08_31,QA Database Schema - Barra v1.6.3 (2022-08-31).pdf,BaBimeModFacRet,Barra BIMe Model Factor Return | This table contains monthly factor return data.,Thrice daily,N/A,"pkey_BaBimeModFacRet (Clustered) Model, Factor, DataMonth BaBimeModFacRet_1 Model, Factor, RelDate BaBimeModFacRet_2 Model, Factor, DataMonth, RelDate",23,23
qa_database_schema_barra_v1_6_3_2022_08_31,QA Database Schema - Barra v1.6.3 (2022-08-31).pdf,BaBimeModFacRetExt,Barra BIMe Model Daily Factor Return | This table contains daily factor return data.,Thrice daily,N/A,"pkey_BaBimeModFacRetExt (Clustered) Model, Factor, DataDate",23,23
qa_database_schema_barra_v1_6_3_2022_08_31,QA Database Schema - Barra v1.6.3 (2022-08-31).pdf,BaBimeModAstRet,Barra BIMe Model Asset Return | This table contains return information for each sub-model.,Thrice daily,N/A,"pkey_BaBimeModAstRet (Clustered) Model, Code, DataMonth LSEG Quantitative Analytics Database Schema for Barra 24",23,24
qa_database_schema_barra_v1_6_3_2022_08_31,QA Database Schema - Barra v1.6.3 (2022-08-31).pdf,BaNBimeMarketData,Barra BIMe Market Data | This table contains Barra GEM3 and USE4 Models market data.,Thrice daily,N/A,"pkey_BaNBimeMarketData (Clustered) Code, ParentModel, DataDate",24,25
qa_database_schema_barra_v1_6_3_2022_08_31,QA Database Schema - Barra v1.6.3 (2022-08-31).pdf,BaBimeModGlBeta,Barra BIMe Model Global Beta | This table contains global predicted beta data.,Thrice daily,N/A,"pkey_BaBimeModGlBeta (Clustered) Model, Code, DataDate BaBimeModGlBeta_1 Model, Code, DataDate, RelDate BaBimeModGlBeta_2 Model, Code, RelDate",25,25
qa_database_schema_barra_v1_6_3_2022_08_31,QA Database Schema - Barra v1.6.3 (2022-08-31).pdf,BaUSNModAstExp,"Barra US Model Asset Exposure | This table contains the asset exposure data for the models: USSLOW, USMED, and USFAST data.",Thrice daily,N/A,"pkey_BaUSNModAstExp (Clustered) Code, ParentFactor, DataDate, ParentModel",25,26
qa_database_schema_barra_v1_6_3_2022_08_31,QA Database Schema - Barra v1.6.3 (2022-08-31).pdf,BaGEMNModAstExp,Barra GEMN Model Asset Exposure | This table contains asset exposure data for the GEMLT model.,Thrice daily,N/A,"pkey_BaGEMNModAstExp (Clustered) Code, ParentFactor, DataDate, ParentModel",26,26
qa_database_schema_barra_v1_6_3_2022_08_31,QA Database Schema - Barra v1.6.3 (2022-08-31).pdf,BaEMM1ModAstExp,Barra EMM1 Model Asset Exposure | This table contains data on asset exposure for EMM1 model factor.,Once daily,N/A,"pkey_BaEMM1ModAstExp (Clustered) Code, ParentFactor, DataDate",26,27
qa_database_schema_barra_v1_6_3_2022_08_31,QA Database Schema - Barra v1.6.3 (2022-08-31).pdf,BaUSDEEPModAstExp,Barra USDEEP Models Asset Exposure | This table contains data on asset exposure for USDEEP models.,Once daily,N/A,"pkey_BaUSDEEPModAstExp (Clustered) Code, ParentFactor, DataDate",27,27
qa_database_schema_barra_v1_6_3_2022_08_31,QA Database Schema - Barra v1.6.3 (2022-08-31).pdf,BaUSSC4ModAstExp,Barra USSC4 Models Asset Exposure | This table contains data on asset exposure for USSC4 models.,Once daily,N/A,"pkey_BaUSSC4ModAstExp (Clustered) Code, ParentFactor, DataDate",27,27
qa_database_schema_barra_v1_6_3_2022_08_31,QA Database Schema - Barra v1.6.3 (2022-08-31).pdf,BaEULTModAstExp,Barra EULT Models Asset Exposure | This table contains data on asset exposure for EULT models.,Once daily,N/A,"pkey_BaEULTModAstExp (clustered, unique, primary key located on BABIMEALL) DataDate, Code, ParentFactor LSEG Quantitative Analytics Database Schema for Barra 28",27,29
qa_database_schema_barra_v1_6_3_2022_08_31,QA Database Schema - Barra v1.6.3 (2022-08-31).pdf,BaBimeCovar,Barra BIMe Covariance | This table contains full factor covariance matrix data.,Thrice daily,N/A,"pkey_BaBimeCovar (Clustered) Factor1, Factor2, DataDate BaBimeCovar_1 Model1, Model2 BaBimeCovar_2 Model1, Model2, Factor1, Factor2, DataDate, RelDate",29,29
qa_database_schema_barra_v1_6_3_2022_08_31,QA Database Schema - Barra v1.6.3 (2022-08-31).pdf,BaBimePlCov,"Barra BIMe Purely Local Covariance Matrix | This table contains scaled, purely local factor variances and covariances. Local relationships are defined as",Thrice daily,N/A,"pkey_BaBimePlCov (Clustered) Factor1, Factor2, DataDate BaBimePlCov_1 Factor1, Factor2, RelDate BaBimePlCov_2 Factor1, Factor2, DataDate, RelDate LSEG Quantitative Analytics Database Schema for Barra 30",29,31
qa_database_schema_compustat_global_v1_1_4_2022_02_21,QA Database Schema - Compustat Global v1.1.4 (2022-02-21).pdf,CsgCad,"Compustat Global Annual Period Description | Use this table to retrieve period description data on an annual basis. This data includes adjustment factors,",,,"pkey_CsgCad (Clustered) GVKEY, DATADATE, INDFMT, DATAFMT, CONSOL CsgCad_1 GVKEY, INDFMT, DATAFMT, CONSOL, DATADATE CsgCad_2 GVKEY, DATAFMT, CONSOL, DATADATE CsgCad_3 GVKEY, INDFMT, DATAFMT, DATADATE CsgCad_4 GVKEY, DATAFMT, DATADATE",7,9
qa_database_schema_compustat_global_v1_1_4_2022_02_21,QA Database Schema - Compustat Global v1.1.4 (2022-02-21).pdf,CSGCAF1,Compustat Global Company Annual Fundamentals 1 | Use CSGCAF1 in conjunction with CsgCad to retrieve annual fundamental company data. This table includes,,,"pkey_CSGCAF1 (Clustered) GVKEY, DATADATE, INDFMT, DATAFMT, CONSOL, Item CSGCAF1_1 GVKEY, Item, INDFMT, DATAFMT, CONSOL, DATADATE CSGCAF1_2 GVKEY, Item, DATAFMT, CONSOL, DATADATE CSGCAF1_3 GVKEY, Item, INDFMT, DATAFMT, DATADATE CSGCAF1_4 GVKEY, Item, DATAFMT, DATADATE",9,10
qa_database_schema_compustat_global_v1_1_4_2022_02_21,QA Database Schema - Compustat Global v1.1.4 (2022-02-21).pdf,CSGCAF2,Compustat Global Company Annual Fundamentals 2 | Use CSGCAF2 in conjunction with CsgCad to retrieve annual fundamental company data. This table includes,,,"pkey_CSGCAF2 (Clustered) GVKEY, DATADATE, INDFMT, DATAFMT, CONSOL, Item CSGCAF2_1 GVKEY, Item, INDFMT, DATAFMT, CONSOL, DATADATE CSGCAF2_2 GVKEY, Item, DATAFMT, CONSOL, DATADATE CSGCAF2_3 GVKEY, Item, INDFMT, DATAFMT, DATADATE CSGCAF2_4 GVKEY, Item, DATAFMT, DATADATE",10,11
qa_database_schema_compustat_global_v1_1_4_2022_02_21,QA Database Schema - Compustat Global v1.1.4 (2022-02-21).pdf,CSGCAFNT,Compustat Global Company Annual Fundamentals,,,,11,11
qa_database_schema_compustat_global_v1_1_4_2022_02_21,QA Database Schema - Compustat Global v1.1.4 (2022-02-21).pdf,Footnotes,Use this table to retrieve footnotes for a value.,,,"pkey_CSGCAFNT (Clustered) GVKEY, DATADATE, INDFMT, DATAFMT, CONSOL, Item CSGCAFNT_1 GVKEY, Item",11,12
qa_database_schema_compustat_global_v1_1_4_2022_02_21,QA Database Schema - Compustat Global v1.1.4 (2022-02-21).pdf,CsgCau,"Compustat Global Company Auditor Record | Use this table to retrieve annual company statement auditor information, including auditor opinion.",,,"pkey_CsgCau (Clustered) GVKEY, DATADATE, INDFMT, DATAFMT, CONSOL, RANK CsgCau_1 GVKEY, INDFMT, DATAFMT, CONSOL, RANK, DATADATE CsgCau_2 GVKEY, DATAFMT, CONSOL, RANK, DATADATE CsgCau_3 GVKEY, INDFMT, DATAFMT, RANK, DATADATE CsgCau_4 GVKEY, DATAFMT, RANK, DATADATE",12,13
qa_database_schema_compustat_global_v1_1_4_2022_02_21,QA Database Schema - Compustat Global v1.1.4 (2022-02-21).pdf,CsgCbd,Compustat Global Company Business Descriptions | Use this table to retrieve generalized company descriptions.,,,"pkey_CsgCbd (Clustered) GVKEY, SEQNO",13,13
qa_database_schema_compustat_global_v1_1_4_2022_02_21,QA Database Schema - Compustat Global v1.1.4 (2022-02-21).pdf,CsgCin,Compustat Global Company Other Information | This table includes the company’s current global classification and status. This table does not contain historical,,,pkey_CsgCin (Clustered) GVKEY,13,15
qa_database_schema_compustat_global_v1_1_4_2022_02_21,QA Database Schema - Compustat Global v1.1.4 (2022-02-21).pdf,CsgCiv,Compustat Global Inventory Valuation Data | This table describes the company’s inventory valuation method.,,,"pkey_CsgCiv (Clustered) GVKEY, DATADATE, INDFMT, DATAFMT, CONSOL, RANK CsgCiv_1 GVKEY, INDFMT, DATAFMT, CONSOL, RANK, DATADATE CsgCiv_2 GVKEY, DATAFMT, CONSOL, RANK, DATADATE CsgCiv_3 GVKEY, INDFMT, DATAFMT, RANK, DATADATE CsgCiv_4 GVKEY, DATAFMT, RANK, DATADATE",15,16
qa_database_schema_compustat_global_v1_1_4_2022_02_21,QA Database Schema - Compustat Global v1.1.4 (2022-02-21).pdf,CsgCmp,Compustat Global Company Identification Information | This table is the primary company-level data table.,,,"pkey_CsgCmp (Clustered) GVKEY CsgCmp_1 SEDOL, GVKEY CsgCmp_2 ISIN, GVKEY CsgCmp_3 CONM, GVKEY",16,17
qa_database_schema_compustat_global_v1_1_4_2022_02_21,QA Database Schema - Compustat Global v1.1.4 (2022-02-21).pdf,CsgCof,Compustat Global Company Officers | This table contains information on company officers.,,,"pkey_CsgCmp (Clustered) GVKEY, OFCD, OFID",17,17
qa_database_schema_compustat_global_v1_1_4_2022_02_21,QA Database Schema - Compustat Global v1.1.4 (2022-02-21).pdf,CsgCoHGIC,Global GICS History | This table contains global GICS history information.,,,"pkey_CSGCOHGIC (Clustered) GVKEY, INDTYPE, INDFROM",17,18
qa_database_schema_compustat_global_v1_1_4_2022_02_21,QA Database Schema - Compustat Global v1.1.4 (2022-02-21).pdf,CSGCOIND,Compustat Global Company Industry Classification | This table contains a company’s historical SIC classification data.,,,"pkey_CSGCOIND (Clustered) GVKEY, DATADATE, CONSOL CSGCOIND_1 GVKEY, CONSOL, DATADATE",18,19
qa_database_schema_compustat_global_v1_1_4_2022_02_21,QA Database Schema - Compustat Global v1.1.4 (2022-02-21).pdf,CSGCOINDPRES,Compustat Global Company Industry | This table contains information on the company presentation format. This table cross-references with CsgRef:,,,"pkey_CSGCOINDPRES (Clustered) GVKEY, DATADATE, CONSOL, IPCD CSGCOINDPRES_1 GVKEY, CONSOL, IPCD, DATADATE CSGCOINDPRES_2 GVKEY, CONSOL, DATADATE CSGCOINDPRES_3 GVKEY, IPCD, DATADATE",19,19
qa_database_schema_compustat_global_v1_1_4_2022_02_21,QA Database Schema - Compustat Global v1.1.4 (2022-02-21).pdf,CsgCur,"Compustat Global Currency | Use this table to retrieve global currency data. For rate information, cross-reference this table with CsgXrd:",,,"pkey_CsgCur (Clustered) ISOCURCD CsgCur_1 ISOCURNM, ISOCURCD",19,20
qa_database_schema_compustat_global_v1_1_4_2022_02_21,QA Database Schema - Compustat Global v1.1.4 (2022-02-21).pdf,CSGIdx,Compustat Global Index | This table is the general information table for Compustat indexes.,,,"pkey_CSGIdx (Clustered) GVKEYX CSGIdx_1 TIC, GVKEYX CSGIdx_2 CONM, GVKEYX",20,20
qa_database_schema_compustat_global_v1_1_4_2022_02_21,QA Database Schema - Compustat Global v1.1.4 (2022-02-21).pdf,CSGIDXCSTHIS,"Compustat Global Index Constituent History | This table contains a history of components for every GVKEYX. | As of July 22, 2020, S&P DJI historical constituent data is no longer available in this table where IndexCat in",,,"pkey_CSGIDXCSTHIS (Clustered) GVKEYX, GVKEY, IID, FROM_ CSGIDXCSTHIS_1 GVKEY, IID, FROM_",20,21
qa_database_schema_compustat_global_v1_1_4_2022_02_21,QA Database Schema - Compustat Global v1.1.4 (2022-02-21).pdf,CSGIdxCstHisSnP,SPDJI Index Constituent History | This table contains S&P Dow Jones Index constituent history information.,Daily,,"pkey_CSGIDXCSTHISSNP (Clustered) GVKEY, IID, GVKEYX, FROM_",21,21
qa_database_schema_compustat_global_v1_1_4_2022_02_21,QA Database Schema - Compustat Global v1.1.4 (2022-02-21).pdf,CsgItm,Compustat Global Data Items | This table contains information for Compustat Global mnemonics,,,"pkey_CsgItm (Clustered) GROUP_, NUMBER CsgItm_1 GROUP_, MNEMONIC CsgItm_2 GROUP_, ANNSYN, MNEMONIC CsgItm_3 GROUP_, GBLSYN, MNEMONIC CsgItm_4 GROUP_, DESC_, MNEMONIC",21,22
qa_database_schema_compustat_global_v1_1_4_2022_02_21,QA Database Schema - Compustat Global v1.1.4 (2022-02-21).pdf,CsgIxd,Compustat Global Index Daily Data | This table contains pricing and dividend information for daily indices.,,,"pkey_CsgIxd (Clustered) GVKEYX, DATADATE",22,22
qa_database_schema_compustat_global_v1_1_4_2022_02_21,QA Database Schema - Compustat Global v1.1.4 (2022-02-21).pdf,CsgIxm,Compustat Global Index Monthly Data | This table contains pricing and dividend information for monthly indices.,,,"pkey_CsgIxd (Clustered) GVKEYX, DATADATE",22,23
qa_database_schema_compustat_global_v1_1_4_2022_02_21,QA Database Schema - Compustat Global v1.1.4 (2022-02-21).pdf,CSGNTRMCOAU,"Compustat Global Interim Auditor Data | Use this table to retrieve quarterly company statement auditor information, including auditor opinion.",,,"pkey_CSGNTRMCOAU (Clustered) GVKEY, DATADATE, INDFMT, DATAFMT, CONSOL, RANK CSGNTRMCOAU_1 GVKEY, INDFMT, DATAFMT, CONSOL, RANK, DATADATE CSGNTRMCOAU_2 GVKEY, DATAFMT, CONSOL, RANK, DATADATE",23,24
qa_database_schema_compustat_global_v1_1_4_2022_02_21,QA Database Schema - Compustat Global v1.1.4 (2022-02-21).pdf,CsgNtrmCoFntQ,Compustat Global Company Quarterly | Use this table to retrieve quarterly fundamental footnotes.,,,"pkey_CsgNtrmCoFntQ (Clustered) GVKEY, DATADATE, INDFMT, CONSOL, FYR, DATAFMT, ITEM CsgNtrmCoFntQ_1 GVKEY, ITEM CsgNtrmCoFntQ_2 GVKEY, ITEM, DATADATE CsgNtrmCoFntQ_3 GVKEY, INDFMT, CONSOL, DATAFMT, ITEM, DATADATE CsgNtrmCoFntQ_4 GVKEY, CONSOL, DATAFMT, ITEM, DATADATE",24,25
qa_database_schema_compustat_global_v1_1_4_2022_02_21,QA Database Schema - Compustat Global v1.1.4 (2022-02-21).pdf,CsgNtrmCoFntSa,Compustat Global Company Semi-Annual | Use this table to retrieve semi-annual fundamental footnotes.,,,"pkey_CsgNtrmCoFntSa (Clustered) GVKEY, DATADATE, INDFMT, CONSOL, FYR, DATAFMT, ITEM CsgNtrmCoFntSa_1 GVKEY, ITEM CsgNtrmCoFntSa_2 GVKEY, ITEM, DATADATE CsgNtrmCoFntSa_3 GVKEY, INDFMT, CONSOL, DATAFMT, ITEM, DATADATE CsgNtrmCoFntSa_4 GVKEY, CONSOL, DATAFMT, ITEM, DATADATE",25,26
qa_database_schema_compustat_global_v1_1_4_2022_02_21,QA Database Schema - Compustat Global v1.1.4 (2022-02-21).pdf,CsgNtrmCoFntYtd,Compustat Global Company Year-to-Date | Use this table to retrieve year-to-date fundamental footnotes.,,,"pkey_CsgNtrmCoFntYtd (Clustered) GVKEY, DATADATE, INDFMT, CONSOL, FYR, DATAFMT, ITEM CsgNtrmCoFntYtd_1 GVKEY, ITEM CsgNtrmCoFntYtd_2 GVKEY, ITEM, DATADATE CsgNtrmCoFntYtd_3 GVKEY, INDFMT, CONSOL, DATAFMT, ITEM, DATADATE CsgNtrmCoFntYtd_4 GVKEY, CONSOL, DATAFMT, ITEM, DATADATE",26,27
qa_database_schema_compustat_global_v1_1_4_2022_02_21,QA Database Schema - Compustat Global v1.1.4 (2022-02-21).pdf,CsgNtrmCoIDesc,"Compustat Global Interim Company Description | Use this table to retrieve period description data on a quarterly basis. This data includes adjustment factors,",,,"pkey_CsgNtrmCoIDesc (Clustered) GVKEY, DATADATE, INDFMT, CONSOL, FYR, DATAFMT CsgNtrmCoIDesc_1 GVKEY, CONSOL, DATAFMT DATADATE CsgNtrmCoIDesc_2 GVKEY, DATAFMT, DATADATE",27,29
qa_database_schema_compustat_global_v1_1_4_2022_02_21,QA Database Schema - Compustat Global v1.1.4 (2022-02-21).pdf,CsgNtrmCoQ,Compustat Global Company Quarterly Fundamental | This table contains quarterly company fundamental data.,,,"pkey_CsgNtrmCoQ (Clustered) GVKEY, DATADATE, INDFMT, CONSOL, FYR, DATAFMT, ITEM CsgNtrmCoQ_1 GVKEY, ITEM CsgNtrmCoQ_2 GVKEY, ITEM, DATADATE CsgNtrmCoQ_3 GVKEY, INDFMT, CONSOL, DATAFMT, ITEM, DATADATE CsgNtrmCoQ_4 GVKEY, CONSOL, DATAFMT, ITEM, DATADATE CsgNtrmCoQ_5 GVKEY, INDFMT, DATAFMT, ITEM, DATADATE CsgNtrmCoQ_6 GVKEY, DATAFMT, ITEM, DATADATE",29,30
qa_database_schema_compustat_global_v1_1_4_2022_02_21,QA Database Schema - Compustat Global v1.1.4 (2022-02-21).pdf,CsgNtrmCoSa,Compustat Global Semi-Annual Fundamentals | This table contains semi-annual company fundamental data.,,,"pkey_CsgNtrmCoSa (Clustered) GVKEY, DATADATE, INDFMT, CONSOL, FYR, DATAFMT, ITEM CsgNtrmCoSa_1 GVKEY, ITEM CsgNtrmCoSa_2 GVKEY, ITEM, DATADATE CsgNtrmCoSa_3 GVKEY, INDFMT, CONSOL, DATAFMT, ITEM, DATADATE CsgNtrmCoSa_4 GVKEY, CONSOL, DATAFMT, ITEM, DATADATE CsgNtrmCoSa_5 GVKEY, INDFMT, DATAFMT, ITEM, DATADATE CsgNtrmCoSa_6 GVKEY, DATAFMT, ITEM, DATADATE",30,31
qa_database_schema_compustat_global_v1_1_4_2022_02_21,QA Database Schema - Compustat Global v1.1.4 (2022-02-21).pdf,CsgNtrmCoYtd,Compustat Global Company Year-to-Date | This table contains company year-to-date fundamental data.,,,"pkey_CsgNtrmCoYtd (Clustered) GVKEY, DATADATE, INDFMT, CONSOL, FYR, DATAFMT, ITEM CsgNtrmCoYtd_1 GVKEY, ITEM CsgNtrmCoYtd_2 GVKEY, ITEM, DATADATE CsgNtrmCoYtd_3 GVKEY, INDFMT, CONSOL, DATAFMT, ITEM, DATADATE CsgNtrmCoYtd_4 GVKEY, CONSOL, DATAFMT, ITEM, DATADATE CsgNtrmCoYtd_5 GVKEY, INDFMT, DATAFMT, ITEM, DATADATE CsgNtrmCoYtd_6 GVKEY, DATAFMT, ITEM, DATADATE",31,32
qa_database_schema_compustat_global_v1_1_4_2022_02_21,QA Database Schema - Compustat Global v1.1.4 (2022-02-21).pdf,CsgNtrmSec,Compustat Global Issue Fundamentals | This table contains security-level fundamental data.,,,"pkey_CsgNtrmSec (Clustered) GVKEY, IID, DATADATE, INDFMT, CONSOL, FYR, DATAFMT, ITEM CsgNtrmSec_1 GVKEY, INDFMT, DATAFMT, CONSOL, RANK, DATADATE CsgNtrmSec_2 GVKEY, DATAFMT, CONSOL, RANK, DATADATE",32,33
qa_database_schema_compustat_global_v1_1_4_2022_02_21,QA Database Schema - Compustat Global v1.1.4 (2022-02-21).pdf,CsgNtrmSecFnt,Compustat Global Issue Fundamental Footnotes | This table contains footnotes for the security-level fundamental data.,,,"pkey_CsgNtrmSecFnt (Clustered) GVKEY, IID, DATADATE, INDFMT, CONSOL, FYR, DATAFMT, ITEM CsgNtrmSecFnt_1 GVKEY, ITEM CsgNtrmSecFnt_2 GVKEY, IID, ITEM, DATADATE",33,34
qa_database_schema_compustat_global_v1_1_4_2022_02_21,QA Database Schema - Compustat Global v1.1.4 (2022-02-21).pdf,CsgNtrmSecIDesc,Compustat Global Issue Description | Use this table to retrieve quarterly security description data including the adjustment factor and currency.,,,"pkey_CsgNtrmSecIDesc (Clustered) GVKEY, IID, DATADATE, INDFMT, CONSOL, FYR",34,35
qa_database_schema_compustat_global_v1_1_4_2022_02_21,QA Database Schema - Compustat Global v1.1.4 (2022-02-21).pdf,CsgRef,Compustat Global Code Reference | This table contains values for the Compustat global code reference.,,,"pkey_CsgRef (Clustered) REFTYPE, REFCD1, REFCD2",35,36
qa_database_schema_compustat_global_v1_1_4_2022_02_21,QA Database Schema - Compustat Global v1.1.4 (2022-02-21).pdf,CsgSad,Compustat Global Security Annual Period Descriptors | This table contains information on annually-based security descriptors.,,,"pkey_CsgSad (Clustered) SECID, DATADATE",36,36
qa_database_schema_compustat_global_v1_1_4_2022_02_21,QA Database Schema - Compustat Global v1.1.4 (2022-02-21).pdf,CsgSaf,Compustat Global Security Annual Fundamentals | This table contains security-level annual fundamental data.,,,"pkey_CsgSaf (Clustered) SECID, ITEM, DATADATE",36,36
qa_database_schema_compustat_global_v1_1_4_2022_02_21,QA Database Schema - Compustat Global v1.1.4 (2022-02-21).pdf,CsgSdp,Compustat Global Security Daily Price Data | Use this table to retrieve security daily price data.,,,"pkey_CsgSdp (Clustered) SECID, DATADATE, CURCDD",36,37
qa_database_schema_compustat_global_v1_1_4_2022_02_21,QA Database Schema - Compustat Global v1.1.4 (2022-02-21).pdf,CsgSdv,Compustat Global Security Dividend Data | This table contains security dividend data.,,,"pkey_CsgSdv (Clustered) SECID, DATADATE, CURCDDV",37,38
qa_database_schema_compustat_global_v1_1_4_2022_02_21,QA Database Schema - Compustat Global v1.1.4 (2022-02-21).pdf,CsgSec,Compustat Global Security Data | This table contains data on global securities.,,,"pkey_CsgSec (Clustered) GVKEY, IID CsgSec_1 SECID CsgSec_2 SEDOL, SECID CsgSec_3 ISIN, SECID CsgSec_4 NAME, SECID",38,39
qa_database_schema_compustat_global_v1_1_4_2022_02_21,QA Database Schema - Compustat Global v1.1.4 (2022-02-21).pdf,CSGSSPLIT,Compustat Global Security Stock Split Data | This table contains information on security stock splits.,,,"pkey_CsgXrd (Clustered) SECID, DATADATE",39,39
qa_database_schema_compustat_global_v1_1_4_2022_02_21,QA Database Schema - Compustat Global v1.1.4 (2022-02-21).pdf,CsgXrd,Compustat Global Currency Daily Exchange Rate Data | Use this table to retrieve daily exchange rate data.,,,"pkey_CsgXrd (Clustered) TOCURD, DATADATE",39,40
qa_database_schema_compustat_global_v1_1_4_2022_02_21,QA Database Schema - Compustat Global v1.1.4 (2022-02-21).pdf,CsgXrm,Compustat Global Currency Monthly Exchange Rate Data | Use this table to retrieve monthly exchange rate data.,,,"pkey_CsgXrm (Clustered) TOCURM, DATADATE",40,40
qa_database_schema_compustat_global_v1_1_4_2022_02_21,QA Database Schema - Compustat Global v1.1.4 (2022-02-21).pdf,CSKEYCODE,"Compustat XF Security Information | This table is also part of the Compustat North American Xpressfeed schema. CSKEYCODE has been added to | the Global schema due to Compustat’s integer conversion. This table contains integer values for INDFMT,",,,pkey_CSKEYCODE (Clustered) CODE,40,42
qa_database_schema_compustat_na_v1_1_5_2022_02_21,QA Database Schema - Compustat NA v1.1.5 (2022-02-21).pdf,CSCoFileDate,Active Company File Dates | This table contains source information for the active named fundamentals for the specified period. It provides the,Daily,N/A,"pkey_CSCOFILEDATE (Clustered) GVKEY, CONSOL, SRCTYPE, DATADATE",15,15
qa_database_schema_compustat_na_v1_1_5_2022_02_21,QA Database Schema - Compustat NA v1.1.5 (2022-02-21).pdf,CSICoFileDate,Inactive Company File Dates | This table contains source information for the inactive named fundamentals for the specified period. It provides,Daily,N/A,"pkey_CSICOFILEDATE (Clustered) GVKEY, CONSOL, SRCTYPE, DATADATE",15,16
qa_database_schema_compustat_na_v1_1_5_2022_02_21,QA Database Schema - Compustat NA v1.1.5 (2022-02-21).pdf,GCSKeyCode,Compustat XF Security Information | This table is also part of the Compustat Global Xpressfeed schema. CSKeyCode is available in both the Global and North | American schemas because of Compustat integer conversion. This table contains integer values and descriptions for,Daily,N/A,pkey_CSKEYCODE (Clustered) CODE,16,16
qa_database_schema_compustat_na_v1_1_5_2022_02_21,QA Database Schema - Compustat NA v1.1.5 (2022-02-21).pdf,CSNAItem,Compustat XF Item Information | This table contains information for data items.,N/A,N/A,"pkey_CSNAITEM (Clustered) GROUP_, NUMBER CSNAITEM_1 GROUP_, MNEMONIC CSNAITEM_2 GROUP_, ANNSYN, MNEMONIC CSNAITEM_3 GROUP_, DESC_, MNEMONIC CSNAITEM_4 GNAME, NUMBER CSNAITEM_5 MNEMONIC, GROUP_ CSNAITEM_6 FTPMNEMONIC, GROUP_ CSNAITEM_7 GBLSYN, GROUP_ CSNAITEM_8 ANNSYN, GROUP_ CSNAITEM_9 RESTATED, GROUP_ CSNAITEM_10 GROUPID, MNEMONIC CSNAITEM_11 GROUPID, DESC_, MNEMONIC",16,18
qa_database_schema_compustat_na_v1_1_5_2022_02_21,QA Database Schema - Compustat NA v1.1.5 (2022-02-21).pdf,Daily,,,,,18,18
qa_database_schema_compustat_na_v1_1_5_2022_02_21,QA Database Schema - Compustat NA v1.1.5 (2022-02-21).pdf,CSIdxIndex,Index Identifier Information | This table contains index identifier information.,Daily,No,"pkey_CSIdxIndex (Clustered) GVKEYX CSIdxIndex_1 CONM, GVKEYX CSIdxIndex_2 INDEXID, GVKEYX CSIdxIndex_3 TIC, GVKEYX",18,19
qa_database_schema_compustat_na_v1_1_5_2022_02_21,QA Database Schema - Compustat NA v1.1.5 (2022-02-21).pdf,CSIdxCstHis,"Index Constituent History | This table contains index constituent history information. | As of July 22, 2020, S&P DJI historical constituent data is no longer available in this table where IndexCat in",Daily,No,"pkey_CSIDXCSTHIS (Clustered) GVKEY, IID, GVKEYX, FROM_ CSIDXCSTHIS_1 GVKEY, FROM_ CSIDXCSTHIS_2 GVKEYX, GVKEY, IID, FROM_ CSIDXCSTHIS_3 GVKEY, FROM_ CSIDXCSTHIS_4 GVKEYX, FROM_ CSIDXCSTHIS_5 GVKEY, IID, FROM_",19,19
qa_database_schema_compustat_na_v1_1_5_2022_02_21,QA Database Schema - Compustat NA v1.1.5 (2022-02-21).pdf,CSIdxCstHisSnP,SPDJI Index Constituent History | This table contains S&P Dow Jones Index constituent history information.,Daily,No,"pkey_CSIDXCSTHISSNP (Clustered) GVKEY, IID, GVKEYX, FROM_",19,20
qa_database_schema_compustat_na_v1_1_5_2022_02_21,QA Database Schema - Compustat NA v1.1.5 (2022-02-21).pdf,CSIdxDaily,Index Daily Market Values | This table contains information for index daily market values.,Daily,No,"pkey_CSIDXDAILY (Clustered) GVKEYX, DATADATE",20,20
qa_database_schema_compustat_na_v1_1_5_2022_02_21,QA Database Schema - Compustat NA v1.1.5 (2022-02-21).pdf,CSIdxMth,Index Monthly Market Values | This table contains information for index monthly market values.,Daily,No,"pkey_CSIdxMth (Clustered) GVKEYX, DATADATE",20,21
qa_database_schema_compustat_na_v1_1_5_2022_02_21,QA Database Schema - Compustat NA v1.1.5 (2022-02-21).pdf,CSecIndMth,Monthly Economic Industry | This table contains monthly economic industry information.h,Daily,N/A,"pkey_CSECINDMTH (Clustered) ECONISO, DATADATE, ITEM CSECINDMTH_1 ECONISO, ITEM, DATADATE",21,21
qa_database_schema_compustat_na_v1_1_5_2022_02_21,QA Database Schema - Compustat NA v1.1.5 (2022-02-21).pdf,CSExRtDly,Daily Exchange Rate | This table contains daily exchange rate information.,Daily,No,"pkey_CSEXRTDLY (Clustered) TOCURD, DATADATE",21,21
qa_database_schema_compustat_na_v1_1_5_2022_02_21,QA Database Schema - Compustat NA v1.1.5 (2022-02-21).pdf,CSExRtMth,Monthly Exchange Rate | This table contains monthly exchange rate information.,Daily,No,"pkey_CSEXRTMTH (Clustered) TOCURM, DATADATE LSEG Quantitative Analytics Database Schema for Compustat North America Data 22",21,22
qa_database_schema_compustat_na_v1_1_5_2022_02_21,QA Database Schema - Compustat NA v1.1.5 (2022-02-21).pdf,CSSPInd,"S&P Index Securities | This table contains information for S&P index securities. | As of March 22, 2002, this table is no longer updated. Updated data is available in tables with a CSIDX prefix.",Daily,No,"pkey_CSSPIND (Clustered) GVKEY CSSPIND_1 SPITIC CSSPIND_2 SPITIC, GVKEY",22,22
qa_database_schema_compustat_na_v1_1_5_2022_02_21,QA Database Schema - Compustat NA v1.1.5 (2022-02-21).pdf,CSSPIndDly,"S&P Index Daily | This table contains S&P index daily information. | As of March 22, 2002, this table is no longer updated. Updated data is available in tables with a CSIDX prefix.",Daily,No,"pkey_CSSPINDDLY (Clustered) GVKEY, DATADATE LSEG Quantitative Analytics Database Schema for Compustat North America Data 23",22,23
qa_database_schema_compustat_na_v1_1_5_2022_02_21,QA Database Schema - Compustat NA v1.1.5 (2022-02-21).pdf,CSSPIndMth,"S&P Index Monthly | This table contains S&P index monthly information. | As of March 22, 2002, this table is no longer updated. Updated data is available in tables with a CSIDX prefix.",Daily,No,"pkey_CSSPINDMTH (Clustered) GVKEY, DATADATE",23,23
qa_database_schema_compustat_na_v1_1_5_2022_02_21,QA Database Schema - Compustat NA v1.1.5 (2022-02-21).pdf,CSSecSPInd,"S&P Index Securities | This table contains information for S&P index securities. | As of 22 March 2002, this table is no longer updated. Updated data is available in tables with a CSIDX prefix.",Daily,No,"pkey_CSSECSPIND GVKEY, IID, DATADATE",23,24
qa_database_schema_compustat_na_v1_1_5_2022_02_21,QA Database Schema - Compustat NA v1.1.5 (2022-02-21).pdf,CSSPIdxCst,"S&P Index Constituent Daily | This table contains S&P index constituent daily information. | The items in this table were discontinued in 2009. Updated data is available in tables with a CSIDX prefix. Effective July 2020,",Daily,Yes,"pkey_CSSPIDXCST (Clustered) GVKEY, IID, DATADATE, INDEXID CSSPIDXCST_1 GVKEY, IID, INDEXID, DATADATE CSSPIDXCST_2 INDEXID, DATADATE CSSPIDXCST_3 INDEXID, DATADATE, GVKEY",24,25
qa_database_schema_compustat_na_v1_1_5_2022_02_21,QA Database Schema - Compustat NA v1.1.5 (2022-02-21).pdf,CSCoAAudit,Compustat XF Audit Information | This table contains audit information.,Daily,No,"pkey_CSCOAAUDIT (Clustered) GVKEY, DATADATE, INDFMT, DATAFMT, CONSOL, POPSRC, RANK CSCOAAUDIT_1 GVKEY, INDFMT, DATAFMT, CONSOL, RANK, DATADATE",25,26
qa_database_schema_compustat_na_v1_1_5_2022_02_21,QA Database Schema - Compustat NA v1.1.5 (2022-02-21).pdf,CSCoADesInd,Compustat XF Company Descriptions | This table contains company description information.,Daily,No,"pkey_CSCOADESIND (Clustered) GVKEY, DATADATE, INDFMT, DATAFMT, CONSOL CSCOADESIND_1 GVKEY, INDFMT, DATAFMT, CONSOL, DATADATE CSCOADESIND_2 GVKEY, FYEAR, INDFMT, DATAFMT, CONSOL CSCOADESIND_3 DATADATE, GVKEY, INDFMT, DATAFMT, CONSOL",26,28
qa_database_schema_compustat_na_v1_1_5_2022_02_21,QA Database Schema - Compustat NA v1.1.5 (2022-02-21).pdf,CSCoAdjFact,Compustat XF Adjustment Factors | This table contains information for adjustment factors.,Daily,No,"pkey_CSCOADJFACT (Clustered) GVKEY, EFFDATE, THRUDATE CSCOADJFACT_1 GVKEY, THRUDATE",28,28
qa_database_schema_compustat_na_v1_1_5_2022_02_21,QA Database Schema - Compustat NA v1.1.5 (2022-02-21).pdf,CSCoAFndDC1,Compustat XF Annual Fundamentals Data Codes 1,,,,28,28
qa_database_schema_compustat_na_v1_1_5_2022_02_21,QA Database Schema - Compustat NA v1.1.5 (2022-02-21).pdf,CSCoAFndDC2,Compustat XF Annual Fundamentals Data Codes 2,Daily,No,"pkey_CSCOAFNDDC[n] (Clustered) GVKEY, DATADATE, INDFMT, DATAFMT, CONSOL, Item CSCOAFNDDC[n]_1 GVKEY, Item, DATADATE CSCOAFNDDC[n]_2 GVKEY, INDFMT, DATAFMT, CONSOL, Item, DATADATE CSCOAFNDDC[n]_3 GVKEY, INDFMT, DATAFMT, CONSOL, DATADATE",28,29
qa_database_schema_compustat_na_v1_1_5_2022_02_21,QA Database Schema - Compustat NA v1.1.5 (2022-02-21).pdf,CSCoAFnd1,Compustat XF Annual Fundamentals 1,,,,29,29
qa_database_schema_compustat_na_v1_1_5_2022_02_21,QA Database Schema - Compustat NA v1.1.5 (2022-02-21).pdf,CSCoAFnd2,Compustat XF Annual Fundamentals 2 | This table contains information on annual fundamentals.,Daily,Yes,"pkey_CSCOAFND[n] (Clustered) GVKEY, DATADATE, INDFMT, DATAFMT, CONSOL, Item CSCOAFND[n]_1 GVKEY, Item, DATADATE CSCOAFND[n]_2 GVKEY, INDFMT, DATAFMT, CONSOL, Item, DATADATE CSCOAFND[n]_3 GVKEY, INDFMT, DATAFMT, CONSOL, DATADATE CSCOAFND[n]_4 GVKEY, DATAFMT, Item, DATADATE",29,29
qa_database_schema_compustat_na_v1_1_5_2022_02_21,QA Database Schema - Compustat NA v1.1.5 (2022-02-21).pdf,CSCoAInvVal,Compustat XF Inventory Valuation Data | This table contains inventory valuation data information.,Daily,No,"pkey_CSCOAINVVAL (Clustered) GVKEY, DATADATE, INDFMT, DATAFMT, CONSOL, RANK CSCOAINVVAL_1 GVKEY, INDFMT, DATAFMT, CONSOL, DATADATE CSCOAINVVAL_2 GVKEY, INDFMT, DATAFMT, CONSOL, RANK, DATADATE",29,30
qa_database_schema_compustat_na_v1_1_5_2022_02_21,QA Database Schema - Compustat NA v1.1.5 (2022-02-21).pdf,CSCoAMkt,Compustat XF Market Data | This table contains market data information.,Daily,Yes,"pkey_CSCOAMKT (Clustered) GVKEY, DATADATE, CFFLAG, CURCD CSCOAMKT_1 GVKEY, CFFLAG, CURCD, DATADATE",30,30
qa_database_schema_compustat_na_v1_1_5_2022_02_21,QA Database Schema - Compustat NA v1.1.5 (2022-02-21).pdf,CSCoFortune,Fortune 500 Group | This table contains information for the Fortune 500 Group.,Daily,No,"pkey_CSCOFORTUNE (Clustered) GVKEY, DATADATE",30,31
qa_database_schema_compustat_na_v1_1_5_2022_02_21,QA Database Schema - Compustat NA v1.1.5 (2022-02-21).pdf,CSCoHGIC,GICS History | This table contains GICS history information.,Daily,No,"pkey_CSCOHGIC (Clustered) GVKEY, INDTYPE, INDFROM",31,31
qa_database_schema_compustat_na_v1_1_5_2022_02_21,QA Database Schema - Compustat NA v1.1.5 (2022-02-21).pdf,CSCoIAudit,Interim Auditor Group | This table contains interim auditor group information.,Daily,No,"pkey_CSCOIAUDIT (Clustered) GVKEY, DATADATE, INDFMT, CONSOL, FYR, DATAFMT,",31,31
qa_database_schema_compustat_na_v1_1_5_2022_02_21,QA Database Schema - Compustat NA v1.1.5 (2022-02-21).pdf,RANK,,,,,31,32
qa_database_schema_compustat_na_v1_1_5_2022_02_21,QA Database Schema - Compustat NA v1.1.5 (2022-02-21).pdf,CSCoIDesInd,Company Interim Descriptor Group | This table contains company interim descriptor group information.,Daily,No,"pkey_CSCOIDESIND (Clustered) GVKEY, DATADATE, INDFMT, CONSOL, FYR, DATAFMT CSCOIDESIND_1 GVKEY, INDFMT, CONSOL, DATAFMT, DATADATE CSCOIDESIND_2 GVKEY, FQTR, FYEARQ, INDFMT, CONSOL, DATAFMT CSCOIDESIND_3 DATADATE, GVKEY, INDFMT, CONSOL, DATAFMT",32,33
qa_database_schema_compustat_na_v1_1_5_2022_02_21,QA Database Schema - Compustat NA v1.1.5 (2022-02-21).pdf,CSCoIFntYTD,Company Interim Fundamentals – Year-to-Date,,,,33,33
qa_database_schema_compustat_na_v1_1_5_2022_02_21,QA Database Schema - Compustat NA v1.1.5 (2022-02-21).pdf,Footnotes,This table contains information for company interim fundamentals - year-to-date footnotes.,Daily,No,"pkey_CSCOIFNTYTD (Clustered) GVKEY, DATADATE, INDFMT, CONSOL, FYR, DATAFMT, Item CSCOIFNTYTD_1 GVKEY, Item, DATADATE CSCOIFNTYTD_2 GVKEY, INDFMT, CONSOL, DATAFMT, Item DATADATE CSCOIFNTYTD_3 GVKEY, INDFMT, CONSOL, DATAFMT, DATADATE",33,33
qa_database_schema_compustat_na_v1_1_5_2022_02_21,QA Database Schema - Compustat NA v1.1.5 (2022-02-21).pdf,CSCoIFntQ,Company Quarterly Fundamental Footnotes | This table contains information for company quarterly fundamental footnotes.,Daily,No,"pkey_CSCOIFNTQ (Clustered) GVKEY, DATADATE, INDFMT, CONSOL, FYR, DATAFMT, Item CSCOIFNTQ_1 GVKEY, Item, DATADATE LSEG Quantitative Analytics Database Schema for Compustat North America Data 34 CSCOIFNTQ_2 GVKEY, INDFMT, CONSOL, DATAFMT, Item DATADATE CSCOIFNTQ_3 GVKEY, INDFMT, CONSOL, DATAFMT, DATADATE",33,34
qa_database_schema_compustat_na_v1_1_5_2022_02_21,QA Database Schema - Compustat NA v1.1.5 (2022-02-21).pdf,CSCoIFntSA,Company Quarterly Fundamental Footnotes | This table contains information for company quarterly fundamental footnotes.,Daily,No,"pkey_CSCOIFNTSA (Clustered) GVKEY, DATADATE, INDFMT, CONSOL, FYR, DATAFMT, Item CSCOIFNTSA_1 GVKEY, Item, DATADATE CSCOIFNTSA_2 GVKEY, INDFMT, CONSOL, DATAFMT, Item DATADATE, CSCOIFNTSA_3 GVKEY, INDFMT, CONSOL, DATAFMT, DATADATE",34,35
qa_database_schema_compustat_na_v1_1_5_2022_02_21,QA Database Schema - Compustat NA v1.1.5 (2022-02-21).pdf,CSCoIMkt,Interim Market Group | This table contains interim market group information.,Daily,Yes,"pkey_CSCOIMKT (Clustered) GVKEY, DATADATE, CFFLAG, CURCD, YEM CSCOIMKT_1 GVKEY, CFFLAG, CURCD, DATADATE",35,35
qa_database_schema_compustat_na_v1_1_5_2022_02_21,QA Database Schema - Compustat NA v1.1.5 (2022-02-21).pdf,CSCoIndstryPres,Company Industry Presentation | This table contains company industry presentation information.,Daily,No,"pkey_CSCOINDSTRYPRES (Clustered) GVKEY, DATADATE, CONSOL, IPCD CSCOINDSTRYPRES_1 GVKEY, CONSOL, DATADATE",35,36
qa_database_schema_compustat_na_v1_1_5_2022_02_21,QA Database Schema - Compustat NA v1.1.5 (2022-02-21).pdf,CSCoIndustry,Industry Classification Presentation | This table contains industry classification presentation information.,Daily,No,"pkey_CSCOINDUSTRY (Clustered) GVKEY, DATADATE, CONSOL CSCOINDUSTRY_1 GVKEY, CONSOL, DATADATE",36,36
qa_database_schema_compustat_na_v1_1_5_2022_02_21,QA Database Schema - Compustat NA v1.1.5 (2022-02-21).pdf,CSCoMth,Company Monthly | This table contains company monthly information.,Daily,No,"pkey_CSCOMTH (Clustered) GVKEY, DATADATE",36,36
qa_database_schema_compustat_na_v1_1_5_2022_02_21,QA Database Schema - Compustat NA v1.1.5 (2022-02-21).pdf,CSCoOffTitl,Company Officers | This table contains information for company officers.,Daily,No,"pkey_CSCOOFFTITL (Clustered) GVKEY, OFID, OFCD CSCOOFFTITL_1 GVKEY, OFCD CSCOOFFTITL_2 GVKEY, OFID",36,37
qa_database_schema_compustat_na_v1_1_5_2022_02_21,QA Database Schema - Compustat NA v1.1.5 (2022-02-21).pdf,CSCoAFntInd,Company Annual Fundamental Footnotes | This table contains information for company annual fundamental footnotes.,Daily,No,,37,37
qa_database_schema_compustat_na_v1_1_5_2022_02_21,QA Database Schema - Compustat NA v1.1.5 (2022-02-21).pdf,CSNAItem_CSNAITEM,__Compustat where CSNAItem.Number =,,,,37,37
qa_database_schema_compustat_na_v1_1_5_2022_02_21,QA Database Schema - Compustat NA v1.1.5 (2022-02-21).pdf,CSCoIFndQ,Company Interim Fundamentals – Quarterly | This table contains quarterly company interim fundamentals information.,Daily,Yes,"pkey_CSCOAFNTIND (Clustered) GVKEY, DATADATE, INDFMT, DATAFMT, CONSOL, Item CSCOAFNTIND_1 GVKEY, Item, DATADATE CSCOAFNTIND_2 GVKEY, INDFMT, DATAFMT, CONSOL, Item DATADATE CSCOAFNTIND_3 GVKEY, INDFMT, DATAFMT, CONSOL, DATADATE pkey_CSCOIFNDQ (Clustered) GVKEY, DATADATE, INDFMT, CONSOL, FYR, DATAFMT, Item CSCOIFNDQ_1 GVKEY, Item, DATADATE CSCOIFNDQ_2 GVKEY, INDFMT, CONSOL, DATAFMT, Item, DATADATE CSCOIFNDQ_3 GVKEY, INDFMT, CONSOL, DATAFMT, DATADATE CSCOIFNDQ_4 GVKEY, INDFMT, CONSOL, Item, DATADATE, DATAFMT LSEG Quantitative Analytics Database Schema for Compustat North America Data 38",37,38
qa_database_schema_compustat_na_v1_1_5_2022_02_21,QA Database Schema - Compustat NA v1.1.5 (2022-02-21).pdf,CSCoIFndYTD,Company Interim Fundamentals – Year to Date | This table contains year-to-date company interim fundamentals information.,Daily,Yes,"pkey_CSCOIFNDYTD (Clustered) GVKEY, DATADATE, INDFMT, CONSOL, FYR, DATAFMT, Item CSCOIFNDYTD_1 GVKEY, Item, DATADATE CSCOIFNDYTD_2 GVKEY, INDFMT, CONSOL, DATAFMT, Item, DATADATE CSCOIFNDYTD_3 GVKEY, INDFMT, CONSOL, DATAFMT, DATADATE CSCOIFNDYTD_4 GVKEY, INDFMT, CONSOL, Item, DATADATE, DATAFMT LSEG Quantitative Analytics Database Schema for Compustat North America Data 39",38,39
qa_database_schema_compustat_na_v1_1_5_2022_02_21,QA Database Schema - Compustat NA v1.1.5 (2022-02-21).pdf,CSCoIFndSA,Company Interim Fundamentals – Semi Annual | This table contains semi-annual company interim fundamentals information.,Daily,Yes,"pkey_CSCOIFNDSA (Clustered) GVKEY, DATADATE, INDFMT, CONSOL, FYR, DATAFMT, Item CSCOIFNDSA_1 GVKEY, Item, DATADATE CSCOIFNDSA_2 GVKEY, INDFMT, CONSOL, DATAFMT, Item, DATADATE CSCOIFNDSA_3 GVKEY, INDFMT, CONSOL, DATAFMT, DATADATE CSCOIFNDSA_4 GVKEY, INDFMT, CONSOL, Item, DATADATE, DATAFMT LSEG Quantitative Analytics Database Schema for Compustat North America Data 40",39,40
qa_database_schema_compustat_na_v1_1_5_2022_02_21,QA Database Schema - Compustat NA v1.1.5 (2022-02-21).pdf,CSCurrency,Xpressfeed Currencies | This table contains information for Xpressfeed currencies.,Daily,No,,40,40
qa_database_schema_compustat_na_v1_1_5_2022_02_21,QA Database Schema - Compustat NA v1.1.5 (2022-02-21).pdf,CSRAccStd,Accounting Standards Reference Data | This table contains reference data for accounting standards.,Daily,No,pkey_CSCURRENCY (Clustered) ISOCURCD pkey_CSRACCSTD (Clustered) ACCTSTDCD LSEG Quantitative Analytics Database Schema for Compustat North America Data 41,40,41
qa_database_schema_compustat_na_v1_1_5_2022_02_21,QA Database Schema - Compustat NA v1.1.5 (2022-02-21).pdf,CSRAcqMeth,Acquisition Methods Reference Data | This table contains reference data for acquisition methods.,Daily,No,,41,41
qa_database_schema_compustat_na_v1_1_5_2022_02_21,QA Database Schema - Compustat NA v1.1.5 (2022-02-21).pdf,CSRAuditors,Auditors Reference Data | This table contains reference data for auditors.,Daily,No,,41,41
qa_database_schema_compustat_na_v1_1_5_2022_02_21,QA Database Schema - Compustat NA v1.1.5 (2022-02-21).pdf,CSRAuopIC,Internal Control Auditor Reference Data | This table contains internal control auditor reference data.,Daily,No,,41,41
qa_database_schema_compustat_na_v1_1_5_2022_02_21,QA Database Schema - Compustat NA v1.1.5 (2022-02-21).pdf,CSRBalPres,Balance Sheet Presentations Reference Data | This table contains reference data for balance sheet presentations.,Daily,No,pkey_CSRACQMETH (Clustered) ACCTSTDCD pkey_CSRAUDITORS (Clustered) AUCD pkey_CSRAUOPIC (Clustered) AUOPICCD pkey_CSRBALPRES (Clustered) BSPRCD LSEG Quantitative Analytics Database Schema for Compustat North America Data 42,41,42
qa_database_schema_compustat_na_v1_1_5_2022_02_21,QA Database Schema - Compustat NA v1.1.5 (2022-02-21).pdf,CSRCFFormt,Cash Flow Formats Reference Data | This table contains reference data for cash flow formats.,Daily,No,,42,42
qa_database_schema_compustat_na_v1_1_5_2022_02_21,QA Database Schema - Compustat NA v1.1.5 (2022-02-21).pdf,CSRCoIndPre,Company Industry Presentation Reference Data | This table contains company industry presentation reference data.,Daily,No,,42,42
qa_database_schema_compustat_na_v1_1_5_2022_02_21,QA Database Schema - Compustat NA v1.1.5 (2022-02-21).pdf,CSRCompStat,Comparability Stats Reference Data | This table contains reference data for comparability stats.,Daily,No,pkey_CSRCFFORMT (Clustered) SCFCD pkey_CSRCOINDPRE (Clustered) IPCDCD pkey_CSRCOMPSTAT (Clustered) COMPSTCD LSEG Quantitative Analytics Database Schema for Compustat North America Data 43,42,43
qa_database_schema_compustat_na_v1_1_5_2022_02_21,QA Database Schema - Compustat NA v1.1.5 (2022-02-21).pdf,CSRConsol,Level of Consolidation Reference Data | This table contains level of consolidation reference data.,Daily,No,,43,43
qa_database_schema_compustat_na_v1_1_5_2022_02_21,QA Database Schema - Compustat NA v1.1.5 (2022-02-21).pdf,CSRCountry,Country Reference Data | This table contains country reference data.,Daily,No,,43,43
qa_database_schema_compustat_na_v1_1_5_2022_02_21,QA Database Schema - Compustat NA v1.1.5 (2022-02-21).pdf,CSRCstClsCd,Index Constituent Classification Reference Data | This table contains index constituent classification reference data.,Daily,No,,43,43
qa_database_schema_compustat_na_v1_1_5_2022_02_21,QA Database Schema - Compustat NA v1.1.5 (2022-02-21).pdf,CSRDataCode,Data Codes Reference Data | This table contains reference data for data codes.,Daily,No,"pkey_CSRCONSOL (Clustered) CONSOLCD pkey_CSRCOUNTRY (Clustered) ISOCNTRYCD pkey_CSRCSTCLSCD (Clustered) CONTYPECD, CONVALCD CSRCSTCLSCD_1 CONVALCD, CONTYPECD pkey_CSRDATACODE (Clustered) DATCDCD LSEG Quantitative Analytics Database Schema for Compustat North America Data 44",43,44
qa_database_schema_compustat_na_v1_1_5_2022_02_21,QA Database Schema - Compustat NA v1.1.5 (2022-02-21).pdf,CSRDataFmt,Data Format Reference Data | This table contains data format reference data.,Daily,No,,44,44
qa_database_schema_compustat_na_v1_1_5_2022_02_21,QA Database Schema - Compustat NA v1.1.5 (2022-02-21).pdf,CSRDocSrce,Annual Source Document Codes Reference Data | This table contains annual source document codes reference data.,Daily,No,,44,44
qa_database_schema_compustat_na_v1_1_5_2022_02_21,QA Database Schema - Compustat NA v1.1.5 (2022-02-21).pdf,CSRExCodes,Exchange Trading Sys Codes Reference Data | This table contains reference data for exchange trading sys codes.,Daily,No,,44,44
qa_database_schema_compustat_na_v1_1_5_2022_02_21,QA Database Schema - Compustat NA v1.1.5 (2022-02-21).pdf,CSRExrtTyp,Exchange Rate Types Reference Data | This table contains reference data for exchange rate types.,Daily,No,pkey_CSRDATAFMT (Clustered) DATAFMTCD pkey_CSRDOCSRCE (Clustered) SRCCD pkey_CSREXCODES (Clustered) EXCHGCD pkey_CSREXRTTYP (Clustered) EXRATTPDCD LSEG Quantitative Analytics Database Schema for Compustat North America Data 45,44,45
qa_database_schema_compustat_na_v1_1_5_2022_02_21,QA Database Schema - Compustat NA v1.1.5 (2022-02-21).pdf,CSRFndFntCd,Fundamental Footnote Codes Reference Data | This table contains reference data for fundamental footnote codes.,Daily,No,,45,45
qa_database_schema_compustat_na_v1_1_5_2022_02_21,QA Database Schema - Compustat NA v1.1.5 (2022-02-21).pdf,CSRFootnts,Footnote Codes | This table contains footnote codes information.,Daily,No,,45,45
qa_database_schema_compustat_na_v1_1_5_2022_02_21,QA Database Schema - Compustat NA v1.1.5 (2022-02-21).pdf,CSRForICd,Fortune Industry Code Reference Data | This table contains fortune industry code reference data.,Daily,No,pkey_CSRFNDFNTCD (Clustered) FNCD pkey_CSRFOOTNTS (Clustered) FNCD pkey_CSRFORICD (Clustered) FORICD LSEG Quantitative Analytics Database Schema for Compustat North America Data 46,45,46
qa_database_schema_compustat_na_v1_1_5_2022_02_21,QA Database Schema - Compustat NA v1.1.5 (2022-02-21).pdf,CSRGICCd,Global Industry Code Reference Data | This table contains global industry code reference data.,Daily,No,,46,46
qa_database_schema_compustat_na_v1_1_5_2022_02_21,QA Database Schema - Compustat NA v1.1.5 (2022-02-21).pdf,CSRHCalendr,Holiday Calendar | This table contains holiday calendar information.,Daily,No,,46,46
qa_database_schema_compustat_na_v1_1_5_2022_02_21,QA Database Schema - Compustat NA v1.1.5 (2022-02-21).pdf,CSRIdxClsCd,Index Classification Reference Data | This table contains index classification reference data.,Daily,No,,46,46
qa_database_schema_compustat_na_v1_1_5_2022_02_21,QA Database Schema - Compustat NA v1.1.5 (2022-02-21).pdf,CSRInactvCd,Inactivation Code Reference Data | This table contains inactivation code reference data.,Daily,No,"pkey_CSRGICCD (Clustered) GICCD pkey_CSRHCALENDR (Clustered) ISOCD, DATADATE pkey_CSRIDXCLSCD (Clustered) IDXVALCD, IDXTYPECD CSRIDXCLSCD_1 IDXTYPECD, IDXVALCD pkey_CSRINACTVCD (Clustered) DLRSNCD LSEG Quantitative Analytics Database Schema for Compustat North America Data 47",46,47
qa_database_schema_compustat_na_v1_1_5_2022_02_21,QA Database Schema - Compustat NA v1.1.5 (2022-02-21).pdf,CSRIncStats,Income Statement Models Reference Data | This table contains reference data for income statement models.,Daily,No,,47,47
qa_database_schema_compustat_na_v1_1_5_2022_02_21,QA Database Schema - Compustat NA v1.1.5 (2022-02-21).pdf,CSRIndFmt,Industry Format Reference Data | This table contains industry format reference data.,Daily,No,,47,47
qa_database_schema_compustat_na_v1_1_5_2022_02_21,QA Database Schema - Compustat NA v1.1.5 (2022-02-21).pdf,CSRIndSec,S&P Industry Sector Codes Reference Data | This table contains reference data for S&P industry sector codes.,Daily,No,pkey_CSRINCSTATS (Clustered) ISMODCD pkey_CSRINDFMT (Clustered) INDFMTCD pkey_CSRINDSEC (Clustered) SPINDCD LSEG Quantitative Analytics Database Schema for Compustat North America Data 48,47,48
qa_database_schema_compustat_na_v1_1_5_2022_02_21,QA Database Schema - Compustat NA v1.1.5 (2022-02-21).pdf,CSRInvVal,Inventory Valuations Reference Data | This table contains reference data for inventory valuations.,Daily,No,,48,48
qa_database_schema_compustat_na_v1_1_5_2022_02_21,QA Database Schema - Compustat NA v1.1.5 (2022-02-21).pdf,CSRIssueTyp,Issue Types Reference Data | This table contains reference data for issue types.,Daily,No,,48,48
qa_database_schema_compustat_na_v1_1_5_2022_02_21,QA Database Schema - Compustat NA v1.1.5 (2022-02-21).pdf,CSRMajIdxCl,Major Index—Classification Reference Data | This table contains major index – classification reference data.,Daily,No,,48,48
qa_database_schema_compustat_na_v1_1_5_2022_02_21,QA Database Schema - Compustat NA v1.1.5 (2022-02-21).pdf,CSRNAICCd,NAICS Code Reference Data | This table contains NAICS code reference data.,Daily,No,"pkey_CSRINVVAL (Clustered) INVVALCD pkey_CSRISSUETYP (Clustered) TPCICD pkey_CSRMAJIDXCL (Clustered) IDXCAT, IDXIDCD CSRMAJIDXCL_1 IDXIDCD, IDXCAT pkey_CSRNAICCD (Clustered) NAICSCD LSEG Quantitative Analytics Database Schema for Compustat North America Data 49",48,49
qa_database_schema_compustat_na_v1_1_5_2022_02_21,QA Database Schema - Compustat NA v1.1.5 (2022-02-21).pdf,CSROffCRSO,Officer Sign-Off Reference Data | This table contains officer sign-off reference data.,Daily,No,,49,49
qa_database_schema_compustat_na_v1_1_5_2022_02_21,QA Database Schema - Compustat NA v1.1.5 (2022-02-21).pdf,CSROGMethod,Oil and Gas Method Reference Data | This table contains oil & gas method reference data.,Daily Adjusted: No,,,49,49
qa_database_schema_compustat_na_v1_1_5_2022_02_21,QA Database Schema - Compustat NA v1.1.5 (2022-02-21).pdf,CSROpinions,Opinions Reference Data | This table contains opinions reference data.,Daily,No,,49,49
qa_database_schema_compustat_na_v1_1_5_2022_02_21,QA Database Schema - Compustat NA v1.1.5 (2022-02-21).pdf,CSRPrcStat,Price Status Codes Reference Data | This table contains reference data for price status codes.,Daily,No,pkey_CSROFFCRSO (Clustered) OSOCD pkey_CSROGMETHOD (Clustered) OGMCD pkey_CSROPINIONS (Clustered) AUOPCD pkey_CSRPRCSTAT (Clustered) PRCSTDCD LSEG Quantitative Analytics Database Schema for Compustat North America Data 50,49,50
qa_database_schema_compustat_na_v1_1_5_2022_02_21,QA Database Schema - Compustat NA v1.1.5 (2022-02-21).pdf,CSRQSrcDoc,Quarterly Source Document Code Reference Data | This table contains quarterly source document code reference data.,Daily,No,,50,50
qa_database_schema_compustat_na_v1_1_5_2022_02_21,QA Database Schema - Compustat NA v1.1.5 (2022-02-21).pdf,CSRSecStat,Security Status Codes | This table contains information for security status codes.,Daily,No,,50,50
qa_database_schema_compustat_na_v1_1_5_2022_02_21,QA Database Schema - Compustat NA v1.1.5 (2022-02-21).pdf,CSRSectors,S&P Sector Codes Reference Data | This table contains reference data for S&P sector codes.,Daily,No,pkey_CSRQSRCDOC (Clustered) SRCQCD pkey_CSRSECSTAT (Clustered) ISALRTCD pkey_CSRSECTORS (Clustered) SPSECCD LSEG Quantitative Analytics Database Schema for Compustat North America Data 51,50,51
qa_database_schema_compustat_na_v1_1_5_2022_02_21,QA Database Schema - Compustat NA v1.1.5 (2022-02-21).pdf,CSRSICCd,SIC Code Reference Data | This table contains SIC code reference data.,Daily,No,,51,51
qa_database_schema_compustat_na_v1_1_5_2022_02_21,QA Database Schema - Compustat NA v1.1.5 (2022-02-21).pdf,CSRSPIICd,S&P Industry Index Code Reference Data | This table contains S&P industry index code reference data.,Daily,No,,51,51
qa_database_schema_compustat_na_v1_1_5_2022_02_21,QA Database Schema - Compustat NA v1.1.5 (2022-02-21).pdf,CSRSPMICd,S&P Major Industry Codes Reference Data | This table contains reference data for S&P major industry codes.,Daily,No,,51,51
qa_database_schema_compustat_na_v1_1_5_2022_02_21,QA Database Schema - Compustat NA v1.1.5 (2022-02-21).pdf,CSRStatAlrt,Status Alerts Reference Data | This table contains reference data for status alerts.,Daily,No,pkey_CSRSICCD (Clustered) SICCD pkey_CSRSPIICD (Clustered) SPIICD pkey_CSRSPMICD (Clustered) SPMICD pkey_CSRSTATALRT (Clustered) STALTCD LSEG Quantitative Analytics Database Schema for Compustat North America Data 52,51,52
qa_database_schema_compustat_na_v1_1_5_2022_02_21,QA Database Schema - Compustat NA v1.1.5 (2022-02-21).pdf,CSRStates,States Reference Data | This table contains reference data for states and province codes.,Daily,No,,52,52
qa_database_schema_compustat_na_v1_1_5_2022_02_21,QA Database Schema - Compustat NA v1.1.5 (2022-02-21).pdf,CSRStkO,Stock Ownership Reference Data | This table contains stock ownership reference data.,Daily,No,,52,52
qa_database_schema_compustat_na_v1_1_5_2022_02_21,QA Database Schema - Compustat NA v1.1.5 (2022-02-21).pdf,CSRTitles,Title Codes Reference Data | This table contains reference data for title codes.,Daily,No,,52,52
qa_database_schema_compustat_na_v1_1_5_2022_02_21,QA Database Schema - Compustat NA v1.1.5 (2022-02-21).pdf,CSRUpdates,Update Codes Reference Data | This table contains reference date for update codes.,Daily,No,pkey_CSRSTATES (Clustered) STATECD pkey_CSRSTKO (Clustered) STKOCD pkey_CSRTITLES (Clustered) OFCDCD pkey_CSRUPDATES (Clustered) UPDCD LSEG Quantitative Analytics Database Schema for Compustat North America Data 53,52,53
qa_database_schema_compustat_na_v1_1_5_2022_02_21,QA Database Schema - Compustat NA v1.1.5 (2022-02-21).pdf,CSSecMth,Monthly Descriptor | This table contains monthly descriptor information.,Daily,No,,53,53
qa_database_schema_compustat_na_v1_1_5_2022_02_21,QA Database Schema - Compustat NA v1.1.5 (2022-02-21).pdf,CSSecMthDiv,Monthly Dividend | This table contains monthly dividend information.,Daily,Yes,"pkey_CSSECMTH (Clustered) GVKEY, IID, DATADATE CSSECMTH_1 GVKEY, DATADATE pkey_CSSECMTHDIV (Clustered) GVKEY, IID, DATADATE LSEG Quantitative Analytics Database Schema for Compustat North America Data 54",53,54
qa_database_schema_compustat_na_v1_1_5_2022_02_21,QA Database Schema - Compustat NA v1.1.5 (2022-02-21).pdf,CSSecMthPrc,Monthly Item | This table contains monthly item information.,Daily,Yes,,54,54
qa_database_schema_compustat_na_v1_1_5_2022_02_21,QA Database Schema - Compustat NA v1.1.5 (2022-02-21).pdf,CSSecMthSpt,Monthly Stock Splits | This table contains information for monthly stock splits.,Daily,No,,54,54
qa_database_schema_compustat_na_v1_1_5_2022_02_21,QA Database Schema - Compustat NA v1.1.5 (2022-02-21).pdf,CSSecMSptFn,Monthly Stock Split Footnotes | This table contains information for monthly stock split footnotes.,Daily,No,"pkey_CSSECMTHPRC (Clustered) GVKEY, IID, DATADATE pkey_CSSECMTHSPT (Clustered) GVKEY, IID, DATADATE pkey_CSSECMSPTFN (Clustered) GVKEY, IID, DATADATE, DATAITEM, Item CSSECMSPTFN_1 GVKEY, Item, DATADATE CSSECMSPTFN_2 GVKEY, DATADATE CSSECMSPTFN_3 GVKEY, IID, DATAITEM, Item, DATADATE CSSECMSPTFN_4 GVKEY, IID, DATADATE CSSECMSPTFN_5 GVKEY, IID, Item, DATADATE LSEG Quantitative Analytics Database Schema for Compustat North America Data 55",54,55
qa_database_schema_compustat_na_v1_1_5_2022_02_21,QA Database Schema - Compustat NA v1.1.5 (2022-02-21).pdf,CSSecMDivFn,Monthly Dividend Footnotes | This table contains information for monthly dividend footnotes.,Daily,No,,55,55
qa_database_schema_compustat_na_v1_1_5_2022_02_21,QA Database Schema - Compustat NA v1.1.5 (2022-02-21).pdf,CSVCompany,Compustat XF Company Information | This table contains Compustat XF company information.,N/A,N/A,"pkey_CSSECMDIVFN (Clustered) GVKEY, IID, DATADATE, DATAITEM, Item CSSECMDIVFN_1 GVKEY, Item, DATADATE CSSECMDIVFN_2 GVKEY, DATADATE CSSECMDIVFN_3 GVKEY, IID, DATAITEM, Item, DATADATE CSSECMDIVFN_4 GVKEY, IID, DATADATE CSSECMDIVFN_5 GVKEY, IID, Item, DATADATE pkey_CSVCOMPANY (Clustered) GVKEY CSVCOMPANY_1 CONM, GVKEY CSVCOMPANY_2 CITY, GVKEY CSVCOMPANY_3 STATE, GVKEY LSEG Quantitative Analytics Database Schema for Compustat North America Data 56",55,57
qa_database_schema_compustat_na_v1_1_5_2022_02_21,QA Database Schema - Compustat NA v1.1.5 (2022-02-21).pdf,CSVSecurity,Compustat XF Security Information | This table contain Compustat XF security information.,N/A,N/A,"pkey_CSVSECURITY (Clustered) GVKEY, IID CSVSECURITY_1 TIC, GVKEY, IID CSVSECURITY_2 CUSIP, GVKEY, IID CSVSECURITY_3 SEDOL, GVKEY, IID CSVSECURITY_4 ISIN, GVKEY, IID CSVSECURITY_5 CUSIP CSVSECURITY_6 SECINTCODE CSVSECURITY_7 SECID CSVSECURITY_8 GVKEY, EXCNTRY LSEG Quantitative Analytics Database Schema for Compustat North America Data 58 5 Compustat XF Daily Historical",57,58
qa_database_schema_compustat_na_v1_1_5_2022_02_21,QA Database Schema - Compustat NA v1.1.5 (2022-02-21).pdf,CSBkCoAFntInd,Annual Fundamental Footnotes Historical | This table contains historical information for annual fundamental footnotes.,Daily,No,,58,58
qa_database_schema_compustat_na_v1_1_5_2022_02_21,QA Database Schema - Compustat NA v1.1.5 (2022-02-21).pdf,CSBkCoAAudit,Compustat XF Audit Information Historical | This table contains Compustat XF audit historical information.,Daily,No,"pkey_CSBKCOAFNTIND (Clustered) GVKEY, DATADATE, INDFMT, DATAFMT, CONSOL, Item CSBKCOAFNTIND_1 GVKEY, Item, DATADATE CSBKCOAFNTIND_2 GVKEY, INDFMT, DATAFMT, CONSOL, Item, DATADATE CSBKCOAFNTIND_3 GVKEY, INDFMT, DATAFMT, CONSOL, DATADATE pkey_CSBKCOAAUDIT (Clustered) GVKEY, DATADATE, INDFMT, DATAFMT, CONSOL, RANK CSBKCOAAUDIT_1 GVKEY, INDFMT, DATAFMT, CONSOL, RANK DATADATE LSEG Quantitative Analytics Database Schema for Compustat North America Data 59",58,59
qa_database_schema_compustat_na_v1_1_5_2022_02_21,QA Database Schema - Compustat NA v1.1.5 (2022-02-21).pdf,CSBkCoADesInd,Compustat XF Company Descriptions Historical | This table contains historical information for Compustat XF company descriptions.,Daily,No,"pkey_CSBKCOADESIND (Clustered) GVKEY, DATADATE, INDFMT, DATAFMT, CONSOL CSBKCOADESIND_1 GVKEY, INDFMT, DATAFMT, CONSOL, DATADATE CSBKCOADESIND_2 GVKEY, FYEAR, INDFMT, DATAFMT, CONSOL CSBKCOADESIND_3 DATADATE, GVKEY, INDFMT, DATAFMT, CONSOL LSEG Quantitative Analytics Database Schema for Compustat North America Data 60",59,61
qa_database_schema_compustat_na_v1_1_5_2022_02_21,QA Database Schema - Compustat NA v1.1.5 (2022-02-21).pdf,CSBkCoAFndDC1,Compustat XF Annual Fundamentals Data | This table contains historical information for Compustat XF annual fundamentals data codes 1.,Daily,No,,61,61
qa_database_schema_compustat_na_v1_1_5_2022_02_21,QA Database Schema - Compustat NA v1.1.5 (2022-02-21).pdf,CSBkCoAFndDC2,Compustat XF Annual Fundamentals Data | This table contains historical information for Compustat XF annual fundamentals data codes 2.,Daily Adjusted: No,,"pkey_CSBKCOAFNDDC1 (Clustered) GVKEY, DATADATE, INDFMT, DATAFMT, CONSOL, Item CSBKCOAFNDDC1_1 GVKEY, Item, DATADATE CSBKCOAFNDDC1_2 GVKEY, INDFMT, DATAFMT, CONSOL, Item, DATADATE CSBKCOAFNDDC1_3 GVKEY, INDFMT, DATAFMT, CONSOL, DATADATE pkey_CSBKCOAFNDDC2 (Clustered) GVKEY, DATADATE, INDFMT, DATAFMT, CONSOL, Item CSBKCOAFNDDC2_1 GVKEY, Item, DATADATE CSBKCOAFNDDC2_2 GVKEY, INDFMT, DATAFMT, CONSOL, Item, DATADATE CSBKCOAFNDDC2_3 GVKEY, INDFMT, DATAFMT, CONSOL, DATADATE LSEG Quantitative Analytics Database Schema for Compustat North America Data 62",61,62
qa_database_schema_compustat_na_v1_1_5_2022_02_21,QA Database Schema - Compustat NA v1.1.5 (2022-02-21).pdf,CSBkCoAFnd1,Compustat XF Annual Fundamentals 1 Historical | This table contains historical information for Compustat XF annual fundamentals 1.,Daily,Yes,,62,62
qa_database_schema_compustat_na_v1_1_5_2022_02_21,QA Database Schema - Compustat NA v1.1.5 (2022-02-21).pdf,CSBkCoAFnd2,Compustat XF Annual Fundamentals 2 Historical | This table contains historical information for Compustat XF annual fundamentals 2.,Daily Adjusted: Yes,,"pkey_CSBKCOAFND1 (Clustered) GVKEY, DATADATE, INDFMT, DATAFMT, CONSOL, Item CSBKCOAFND1_1 GVKEY, Item, DATADATE CSBKCOAFND1_2 GVKEY, INDFMT, DATAFMT, CONSOL, Item, DATADATE CSBKCOAFND1_3 GVKEY, INDFMT, DATAFMT, CONSOL, DATADATE CSBKCOAFND1_4 GVKEY, DATAFMT, Item, DATADATE pkey_CSBKCOAFND2 (Clustered) GVKEY, DATADATE, INDFMT, DATAFMT, CONSOL, Item CSBKCOAFND2_1 GVKEY, Item, DATADATE CSBKCOAFND2_2 GVKEY, INDFMT, DATAFMT, CONSOL, Item, DATADATE CSBKCOAFND2_3 GVKEY, INDFMT, DATAFMT, CONSOL, DATADATE CSBKCOAFND2_4 GVKEY, DATAFMT, Item, DATADATE LSEG Quantitative Analytics Database Schema for Compustat North America Data 63",62,63
qa_database_schema_compustat_na_v1_1_5_2022_02_21,QA Database Schema - Compustat NA v1.1.5 (2022-02-21).pdf,CSBkCoAInvVal,Compustat XF Inventory Valuation Data Historical | This table contains historical Compustat XF inventory valuation data.,Daily,No,,63,63
qa_database_schema_compustat_na_v1_1_5_2022_02_21,QA Database Schema - Compustat NA v1.1.5 (2022-02-21).pdf,CSBkCoAMkt,Compustat XF Market Data Historical | This table contains historical Compustat XF market data.,Daily,Yes,"pkey_CSBKCOAINVVAL (Clustered) GVKEY, DATADATE, INDFMT, DATAFMT, CONSOL, RANK CSBKCOAINVVAL_1 GVKEY, INDFMT, DATAFMT, CONSOL, DATADATE CSBKCOAINVVAL_2 GVKEY, INDFMT, DATAFMT, CONSOL, RANK, DATADATE pkey_CSBKCOAMKT (Clustered) GVKEY, DATADATE, CFFLAG, CURCD CSBKCOAMKT_1 GVKEY, CFFLAG, CURCD, DATADATE LSEG Quantitative Analytics Database Schema for Compustat North America Data 64",63,64
qa_database_schema_compustat_na_v1_1_5_2022_02_21,QA Database Schema - Compustat NA v1.1.5 (2022-02-21).pdf,CSBkCoFortune,Fortune 500 Group Historical | This table contains historical Fortune 500 group information.,Daily,No,,64,64
qa_database_schema_compustat_na_v1_1_5_2022_02_21,QA Database Schema - Compustat NA v1.1.5 (2022-02-21).pdf,CSBkCoIAudit,Interim Auditor Group Historical | This table contains historical interim auditor group information.,Daily,No,"pkey_CSBKCOFORTUNE (Clustered) GVKEY, DATADATE pkey_CSBKCOIAUDIT (Clustered) GVKEY, DATADATE, INDFMT, CONSOL, FYR, DATAFMT, RANK CSBKCOIAUDIT_1 GVKEY, INDFMT, CONSOL, DATAFMT, RANK, DATADATE LSEG Quantitative Analytics Database Schema for Compustat North America Data 65",64,65
qa_database_schema_compustat_na_v1_1_5_2022_02_21,QA Database Schema - Compustat NA v1.1.5 (2022-02-21).pdf,CSBkCoIDesInd,Company Interim Descriptor Historical | This table contains historical company interim descriptor information.,Daily,No,"pkey_CSBKCOIDESIND (Clustered) GVKEY, DATADATE, INDFMT, CONSOL, FYR, DATAFMT CSBKCOIDESIND_1 GVKEY, INDFMT, CONSOL, DATAFMT, DATADATE CSBKCOIDESIND_2 GVKEY, FQTR, FYEARQ, INDFMT, CONSOL, DATAFMT CSBKCOIDESIND_3 DATADATE, GVKEY, INDFMT, CONSOL, DATAFMT LSEG Quantitative Analytics Database Schema for Compustat North America Data 66",65,66
qa_database_schema_compustat_na_v1_1_5_2022_02_21,QA Database Schema - Compustat NA v1.1.5 (2022-02-21).pdf,CSBkCoIFntYTD,Company Interim Fundamentals – Year to Date | This table contains historical year-to-date company interim fundamentals information.,Daily,No,"pkey_CSBKCOIFNTYTD (Clustered) GVKEY, DATADATE, INDFMT, CONSOL, FYR, DATAFMT, Item CSBKCOIFNTYTD_1 GVKEY, Item, DATADATE CSBKCOIFNTYTD_2 GVKEY, INDFMT, CONSOL, DATAFMT, Item DATADATE CSBKCOIFNTYTD_3 GVKEY, INDFMT, CONSOL, DATAFMT, DATADATE",66,66
qa_database_schema_compustat_na_v1_1_5_2022_02_21,QA Database Schema - Compustat NA v1.1.5 (2022-02-21).pdf,CSBkCoIFntQ,Company Quarterly Fundamental Footnotes,,,,66,66
qa_database_schema_compustat_na_v1_1_5_2022_02_21,QA Database Schema - Compustat NA v1.1.5 (2022-02-21).pdf,Historical,This table contains historical information for company quarterly fundamental footnotes.,Daily,No,"pkey_CSBKCOIFNTQ (Clustered) GVKEY, DATADATE, INDFMT, CONSOL, FYR, DATAFMT, Item CSBKCOIFNTQ_1 GVKEY, Item, DATADATE LSEG Quantitative Analytics Database Schema for Compustat North America Data 67 CSBKCOIFNTQ_2 GVKEY, INDFMT, CONSOL, DATAFMT, Item DATADATE CSBKCOIFNTQ_3 GVKEY, INDFMT, CONSOL, DATAFMT, DATADATE",66,67
qa_database_schema_compustat_na_v1_1_5_2022_02_21,QA Database Schema - Compustat NA v1.1.5 (2022-02-21).pdf,CSBkCoIFntSA,Company Quarterly Fundamental Footnotes,,,,67,67
qa_database_schema_compustat_na_v1_1_5_2022_02_21,QA Database Schema - Compustat NA v1.1.5 (2022-02-21).pdf,Historical,This table contains historical information for company quarterly fundamental footnotes.,Daily,No,"pkey_CSBKCOIFNTSA (Clustered) GVKEY, DATADATE, INDFMT, CONSOL, FYR, DATAFMT, Item CSBKCOIFNTSA_1 GVKEY, Item, DATADATE CSBKCOIFNTSA_2 GVKEY, INDFMT, CONSOL, DATAFMT, Item DATADATE CSBKCOIFNTSA_3 GVKEY, INDFMT, CONSOL, DATAFMT, DATADATE",67,68
qa_database_schema_compustat_na_v1_1_5_2022_02_21,QA Database Schema - Compustat NA v1.1.5 (2022-02-21).pdf,CSBkCoIMkt,Interim Market Group Historical | This table contains historical interim market group information.,Daily,Yes,"pkey_CSBKCOIMKT (Clustered) GVKEY, DATADATE, CFFLAG, CURCD, YEM CSBKCOIMKT_1 GVKEY, CFFLAG, CURCD, DATADATE",68,68
qa_database_schema_compustat_na_v1_1_5_2022_02_21,QA Database Schema - Compustat NA v1.1.5 (2022-02-21).pdf,CSBkCoIndstryPres,Company Industry Presentation Historical | This table contains historical company industry presentation information.,Daily,No,"pkey_CSBKCOINDSTRYPRES (Clustered) GVKEY, DATADATE, CONSOL, IPCD CSBKCOINDSTRYPRES_1 GVKEY, CONSOL, DATADATE",68,69
qa_database_schema_compustat_na_v1_1_5_2022_02_21,QA Database Schema - Compustat NA v1.1.5 (2022-02-21).pdf,CSBkCoIndustry,Industry Classification Presentation Historical | This table contains historical industry classification presentation information.,Daily,No,"pkey_CSBKCOINDUSTRY (Clustered) GVKEY, DATADATE, CONSOL CSBKCOINDUSTRY_1 GVKEY, CONSOL, DATADATE",69,69
qa_database_schema_compustat_na_v1_1_5_2022_02_21,QA Database Schema - Compustat NA v1.1.5 (2022-02-21).pdf,CSBkCoMth,Company Monthly Historical | This table contains historical monthly company information.,Daily,No,"pkey_CSBKCOMTH (Clustered) GVKEY, DATADATE",69,69
qa_database_schema_compustat_na_v1_1_5_2022_02_21,QA Database Schema - Compustat NA v1.1.5 (2022-02-21).pdf,CSBkCoIFndQ,Company Interim Fundamentals – Quarterly,,,,69,69
qa_database_schema_compustat_na_v1_1_5_2022_02_21,QA Database Schema - Compustat NA v1.1.5 (2022-02-21).pdf,Historical,This table contains quarterly historical information for company interim fundamentals.,Daily,Yes,"pkey_CSBKCOIFNDQ (Clustered) GVKEY, DATADATE, INDFMT, CONSOL, FYR, DATAFMT, Item CSBKCOIFNDQ_1 GVKEY, Item, DATADATE CSBKCOIFNDQ_2 GVKEY, INDFMT, CONSOL, DATAFMT, Item, DATADATE LSEG Quantitative Analytics Database Schema for Compustat North America Data 70",69,70
qa_database_schema_compustat_na_v1_1_5_2022_02_21,QA Database Schema - Compustat NA v1.1.5 (2022-02-21).pdf,CSBkCoIFndYTD,Company Interim Fundamentals – Year to Date,,,,70,70
qa_database_schema_compustat_na_v1_1_5_2022_02_21,QA Database Schema - Compustat NA v1.1.5 (2022-02-21).pdf,Historical,This table contains year-to-date historical information for company interim fundamentals.,Daily,Yes,"CSBKCOIFNDQ_3 GVKEY, INDFMT, CONSOL, DATAFMT, DATADATE CSBKCOIFNDQ_4 GVKEY, INDFMT, CONSOL, Item, DATADATE, DATAFMT pkey_CSBKCOIFNDYTD (Clustered) GVKEY, DATADATE, INDFMT, CONSOL, FYR, DATAFMT, Item CSBKCOIFNDYTD_1 GVKEY, Item, DATADATE CSBKCOIFNDYTD_2 GVKEY, INDFMT, CONSOL, DATAFMT, Item, DATADATE CSBKCOIFNDYTD_3 GVKEY, INDFMT, CONSOL, DATAFMT, DATADATE CSBKCOIFNDYTD_4 GVKEY, INDFMT, CONSOL, Item, DATADATE, DATAFMT LSEG Quantitative Analytics Database Schema for Compustat North America Data 71",70,71
qa_database_schema_compustat_na_v1_1_5_2022_02_21,QA Database Schema - Compustat NA v1.1.5 (2022-02-21).pdf,CSBkCoIFndSA,Company Quarterly Fundamentals Historical | This table contains historical information for company quarterly fundamentals.,Daily,Yes,"pkey_CSBKCOIFNDSA (Clustered) GVKEY, DATADATE, INDFMT, CONSOL, FYR, DATAFMT, Item CSBKCOIFNDSA_1 GVKEY, Item, DATADATE CSBKCOIFNDSA_2 GVKEY, INDFMT, CONSOL, DATAFMT, Item, DATADATE CSBKCOIFNDSA_3 GVKEY, INDFMT, CONSOL, DATAFMT, DATADATE CSBKCOIFNDSA_4 GVKEY, INDFMT, CONSOL, Item, DATADATE, DATAFMT LSEG Quantitative Analytics Database Schema for Compustat North America Data 72",71,72
qa_database_schema_compustat_na_v1_1_5_2022_02_21,QA Database Schema - Compustat NA v1.1.5 (2022-02-21).pdf,CSBkSecM,Monthly Descriptor Historical | This table contains historical monthly descriptor information.,Daily,No,,72,72
qa_database_schema_compustat_na_v1_1_5_2022_02_21,QA Database Schema - Compustat NA v1.1.5 (2022-02-21).pdf,CSBkSecMDv,Monthly Dividend Historical | This table contains historical monthly dividend information.,Daily,Yes,"pkey_CSBKSECM (Clustered) GVKEY, IID, DATADATE CSBKSECM_1 GVKEY, DATADATE pkey_CSBKSECMDV (Clustered) GVKEY, IID, DATADATE LSEG Quantitative Analytics Database Schema for Compustat North America Data 73",72,73
qa_database_schema_compustat_na_v1_1_5_2022_02_21,QA Database Schema - Compustat NA v1.1.5 (2022-02-21).pdf,CSBkSecMPrc,Monthly Item Historical | This table contains historical monthly item information.,Daily,Yes,,73,73
qa_database_schema_compustat_na_v1_1_5_2022_02_21,QA Database Schema - Compustat NA v1.1.5 (2022-02-21).pdf,CSBkSecMSS,Monthly Stock Splits Historical | This table contains historical monthly stock splits information.,Daily,No,"pkey_CSBKSECMPRC (Clustered) GVKEY, IID, DATADATE pkey_CSBKSECMSS (Clustered) GVKEY, IID, DATADATE LSEG Quantitative Analytics Database Schema for Compustat North America Data 74",73,74
qa_database_schema_compustat_na_v1_1_5_2022_02_21,QA Database Schema - Compustat NA v1.1.5 (2022-02-21).pdf,CSBkSecMSSFn,Monthly Stock Split Footnotes | This table contains information for monthly stock split footnotes.,Daily,No,,74,74
qa_database_schema_compustat_na_v1_1_5_2022_02_21,QA Database Schema - Compustat NA v1.1.5 (2022-02-21).pdf,CSBkSecMDvFn,Monthly Dividend Footnotes | This table contains information for monthly dividend footnotes.,Daily,No,"pkey_CSBKSECMSSFN (Clustered) GVKEY, IID, DATADATE, DATAITEM, Item CSBKSECMSSFN_1 GVKEY, Item, DATADATE CSBKSECMSSFN_2 GVKEY, DATADATE CSBKSECMSSFN_3 GVKEY, IID, DATAITEM, Item, DATADATE CSBKSECMSSFN_4 GVKEY, IID, DATADATE CSBKSECMSSFN_5 GVKEY, IID, Item, DATADATE pkey_CSBKSECMDVFN (Clustered) GVKEY, IID, DATADATE, DATAITEM, Item CSBKSECMDVFN_1 GVKEY, Item, DATADATE CSBKSECMDVFN_2 GVKEY, DATADATE CSBKSECMDVFN_3 GVKEY, IID, DATAITEM, Item, DATADATE CSBKSECMDVFN_4 GVKEY, IID, DATADATE CSBKSECMDVFN_5 GVKEY, IID, Item, DATADATE LSEG Quantitative Analytics Database Schema for Compustat North America Data 75 6 Compustat XF Daily Pension",74,75
qa_database_schema_compustat_na_v1_1_5_2022_02_21,QA Database Schema - Compustat NA v1.1.5 (2022-02-21).pdf,CSACoPnFndQ,New Company Quarterly Pension and Post- | This table contains new company quarterly pension and post-retirement data.,Daily,No,"pkey_CSACOPNFNDQ (Clustered) GVKEY, DATADATE, INDFMT, CONSOL, FYR, DATAFMT CSACOPNFNDQ_1 GVKEY, INDFMT, CONSOL, DATAFMT, DATADATE LSEG Quantitative Analytics Database Schema for Compustat North America Data 76",75,76
qa_database_schema_compustat_na_v1_1_5_2022_02_21,QA Database Schema - Compustat NA v1.1.5 (2022-02-21).pdf,CSACoPnFndYTD,New Company Year-to-Date Pension and Post- | This table contains new company year-to-date pension and post-retirement data.,Daily Adjusted: No,,"pkey_CSACOPNFNDYTD (Clustered) GVKEY, DATADATE, INDFMT, CONSOL, FYR, DATAFMT CSACOPNFNDYTD_1 GVKEY, -INDFMT, CONSOL, DATAFMT, DATADATE LSEG Quantitative Analytics Database Schema for Compustat North America Data 77",76,77
qa_database_schema_compustat_na_v1_1_5_2022_02_21,QA Database Schema - Compustat NA v1.1.5 (2022-02-21).pdf,CSACoPnFntQ,Company Quarterly and Post-Retirement Footnotes | This table contains information for company quarterly and post-retirement footnotes.,Daily,No,,77,77
qa_database_schema_compustat_na_v1_1_5_2022_02_21,QA Database Schema - Compustat NA v1.1.5 (2022-02-21).pdf,CSACoPnFntYTD,New Company Year-to-Date Pension and Post- | This table contains information for new company year-to-date pension and post-retirement footnotes.,Daily,No,"pkey_CSACOPNFNTQ (Clustered) GVKEY, DATADATE, INDFMT, CONSOL, FYR, DATAFMT CSACOPNFNTQ_1 GVKEY, INDFMT, CONSOL, DATAFMT, DATADATE pkey_CSACOPNFNTYTD (Clustered) GVKEY, DATADATE, INDFMT, CONSOL, FYR, DATAFMT CSACOPNFNTYTD_1 GVKEY, INDFMT, CONSOL, DATAFMT, DATADATE LSEG Quantitative Analytics Database Schema for Compustat North America Data 78",77,78
qa_database_schema_compustat_na_v1_1_5_2022_02_21,QA Database Schema - Compustat NA v1.1.5 (2022-02-21).pdf,CSACoPnFndA,Company Annual Pension and Post-Retirement | This table contains company annual pension and post-retirement data.,Daily,No,"pkey_CSACOPNFNDA (Clustered) GVKEY, DATADATE, INDFMT, DATAFMT, CONSOL, Item CSACOPNFNDA_1 GVKEY, Item, DATADATE CSACOPNFNDA_2 GVKEY, INDFMT, DATAFMT, CONSOL, Item, DATADATE LSEG Quantitative Analytics Database Schema for Compustat North America Data 79",78,79
qa_database_schema_compustat_na_v1_1_5_2022_02_21,QA Database Schema - Compustat NA v1.1.5 (2022-02-21).pdf,CSACoPnFntA,Company Annual and Post-Retirement Footnotes | This table contains information for company annual and post-retirement footnotes.,Daily,No,"pkey_CSACOPNFNTA (Clustered) GVKEY, DATADATE, INDFMT, DATAFMT, CONSOL, Item CSACOPNFNTA_1 GVKEY, Item, DATADATE CSACOPNFNTA_2 GVKEY, INDFMT, DATAFMT, CONSOL, Item, DATADATE CSACOPNFNTA_3 GVKEY, INDFMT, DATAFMT, CONSOL, DATADATE LSEG Quantitative Analytics Database Schema for Compustat North America Data 80 7 Compustat XF Daily Pension",79,80
qa_database_schema_compustat_na_v1_1_5_2022_02_21,QA Database Schema - Compustat NA v1.1.5 (2022-02-21).pdf,Historical,,,,,80,80
qa_database_schema_compustat_na_v1_1_5_2022_02_21,QA Database Schema - Compustat NA v1.1.5 (2022-02-21).pdf,CSBkCoPnFntA,Annual Pension Footnotes Historical | This table contains information for historical annual pension footnotes.,Daily,No,,80,80
qa_database_schema_compustat_na_v1_1_5_2022_02_21,QA Database Schema - Compustat NA v1.1.5 (2022-02-21).pdf,CSBkCoPnFndA,Company Annual Pension and Post-Retirement | This table contains historical company annual pension and post-retirement data.,Daily,No,"pkey_CSBKCOPNFNTA (Clustered) GVKEY, DATADATE, INDFMT, DATAFMT, CONSOL, Item CSBKCOPNFNTA_1 GVKEY, Item, DATADATE CSBKCOPNFNTA_2 GVKEY, INDFMT, DATAFMT, CONSOL, Item, DATADATE CSBKCOPNFNTA_3 GVKEY, INDFMT, DATAFMT, CONSOL, DATADATE pkey_CSBKCOPNFNDA (Clustered) GVKEY, DATADATE, INDFMT, DATAFMT, CONSOL, Item CSBKCOPNFNDA_1 GVKEY, Item, DATADATE CSBKCOPNFNDA_2 GVKEY, INDFMT, DATAFMT, CONSOL, Item, DATADATE LSEG Quantitative Analytics Database Schema for Compustat North America Data 81",80,82
qa_database_schema_compustat_na_v1_1_5_2022_02_21,QA Database Schema - Compustat NA v1.1.5 (2022-02-21).pdf,CSACoIndStQC,Quarterly Industry Statistics | This table contains information for quarterly industry statistics.,Daily,Yes,,82,82
qa_database_schema_compustat_na_v1_1_5_2022_02_21,QA Database Schema - Compustat NA v1.1.5 (2022-02-21).pdf,CSACoIndStQP,Company Quarterly Industry Statistics | This table contains information for company quarterly industry statistics.,Daily,Yes,"pkey_CSACOINDSTQC (Clustered) KeyCode, Item CSACOINDSTQC_1 KeyCode pkey_CSACOINDSTQP (Clustered) GVKEY, DATADATE, INDFMT, CONSOL, FYR, DATAFMT, KEYCODE CSACOINDSTQP_1 GVKEY, DATADATE, INDFMT, CONSOL, FYR, DATAFMT CSACOINDSTQP_2 KEYCODE CSACOINDSTQP_3 GVKEY, INDFMT, CONSOL, DATAFMT, DATADATE, KEYCODE LSEG Quantitative Analytics Database Schema for Compustat North America Data 83",82,83
qa_database_schema_compustat_na_v1_1_5_2022_02_21,QA Database Schema - Compustat NA v1.1.5 (2022-02-21).pdf,CSACoIndStA,Annual Industry Statistics | This table contains information for annual industry statistics.,Daily,No,"pkey_CSACOINDSTA (Clustered) GVKEY, DATADATE, INDFMT, DATAFMT, CONSOL, Item CSACOINDSTA_1 GVKEY, Item, DATADATE CSACOINDSTA_2 GVKEY, INDFMT, DATAFMT, CONSOL, Item, DATADATE LSEG Quantitative Analytics Database Schema for Compustat North America Data 84",83,84
qa_database_schema_compustat_na_v1_1_5_2022_02_21,QA Database Schema - Compustat NA v1.1.5 (2022-02-21).pdf,CSACoIndFntQ,Quarterly Industry Statistics Footnotes | This table contains information for quarterly industry statistics footnotes.,Daily,No,,84,84
qa_database_schema_compustat_na_v1_1_5_2022_02_21,QA Database Schema - Compustat NA v1.1.5 (2022-02-21).pdf,CSACoIndFntYTD,Year-to-Date Industry Statistics Footnotes | This table contains information for year-to-date industry statistics footnotes.,Daily,No,"pkey_CSACOINDFNTQ (Clustered) GVKEY, DATADATE, INDFMT, CONSOL, FYR, DATAFMT, Item CSACOINDFNTQ_1 GVKEY, Item, DATADATE CSACOINDFNTQ_2 GVKEY, INDFMT, CONSOL, DATAFMT, Item, DATADATE CSACOINDFNTQ_3 GVKEY, INDFMT, CONSOL, DATAFMT, DATADATE pkey_CSACOINDFNTYTD (Clustered) GVKEY, DATADATE, INDFMT, CONSOL, FYR, DATAFMT, Item CSACOINDFNTYTD_1 GVKEY, Item, DATADATE CSACOINDFNTYTD_2 GVKEY, INDFMT, CONSOL, DATAFMT, Item, DATADATE CSACOINDFNTYTD_3 GVKEY, INDFMT, CONSOL, DATAFMT, DATADATE LSEG Quantitative Analytics Database Schema for Compustat North America Data 85",84,85
qa_database_schema_compustat_na_v1_1_5_2022_02_21,QA Database Schema - Compustat NA v1.1.5 (2022-02-21).pdf,CSACoIndFntA,Annual Industry Statistics Footnotes | This table contains information for annual industry statistics footnotes.,Daily,No,,85,85
qa_database_schema_compustat_na_v1_1_5_2022_02_21,QA Database Schema - Compustat NA v1.1.5 (2022-02-21).pdf,CSACoIndStYTD,Year-to-Date Industry Statistics | This table contains information for year-to-date industry statistics.,Daily,No,"pkey_CSACOINDFNTA (Clustered) GVKEY, DATADATE, INDFMT, DATAFMT, CONSOL, Item CSACOINDFNTA_1 GVKEY, Item, DATADATE CSACOINDFNTA_2 GVKEY, INDFMT, DATAFMT, CONSOL, Item, DATADATE CSACOINDFNTA_3 GVKEY, INDFMT, DATAFMT, CONSOL, DATADATE pkey_CSACOINDSTYTD (Clustered) GVKEY, DATADATE, INDFMT, CONSOL, FYR, DATAFMT, Item CSACOINDSTYTD_1 GVKEY, Item, DATADATE CSACOINDSTYTD_2 GVKEY, INDFMT, CONSOL, DATAFMT, Item, DATADATE CSACOINDSTYTD_3 GVKEY, INDFMT, CONSOL, DATAFMT, DATADATE CSACOINDSTYTD_4 GVKEY, INDFMT, CONSOL, Item, DATADATE, DATAFMT LSEG Quantitative Analytics Database Schema for Compustat North America Data 86",85,87
qa_database_schema_compustat_na_v1_1_5_2022_02_21,QA Database Schema - Compustat NA v1.1.5 (2022-02-21).pdf,Historical,,,,,87,87
qa_database_schema_compustat_na_v1_1_5_2022_02_21,QA Database Schema - Compustat NA v1.1.5 (2022-02-21).pdf,CSBkCoIndFntA,Annual Industry Statistics Footnotes Historical | This table contains information for historical annual industry statistics footnotes.,Daily,No,,87,87
qa_database_schema_compustat_na_v1_1_5_2022_02_21,QA Database Schema - Compustat NA v1.1.5 (2022-02-21).pdf,CSBkCoIndStQC,Quarterly Industry Statistics Historical | This table contains information for historical quarterly industry statistics.,Daily,Yes,"pkey_CSBKCOINDFNTA (Clustered) GVKEY, DATADATE, INDFMT, DATAFMT, CONSOL, Item CSBKCOINDFNTA_1 GVKEY, Item, DATADATE CSBKCOINDFNTA_2 GVKEY, INDFMT, DATAFMT, CONSOL, Item, DATADATE CSBKCOINDFNTA_3 GVKEY, INDFMT, DATAFMT, CONSOL, DATADATE pkey_CSBKCOINDSTQC (Clustered) KeyCode, Item CSBKCOINDSTQC_1 KeyCode LSEG Quantitative Analytics Database Schema for Compustat North America Data 88",87,88
qa_database_schema_compustat_na_v1_1_5_2022_02_21,QA Database Schema - Compustat NA v1.1.5 (2022-02-21).pdf,CSBkCoIndStQP,Company Quarterly Industry Statistics Historical | This table contains information for historical company quarterly industry statistics.,Daily,Yes,"pkey_CSBKCOINDSTQP (Clustered) GVKEY, DATADATE, INDFMT, CONSOL, FYR, DATAFMT, KEYCODE CSBKCOINDSTQP_1 GVKEY, DATADATE, INDFMT, CONSOL, FYR, DATAFMT CSBKCOINDSTQP_2 KEYCODE CSBKCOINDSTQP_3 GVKEY, INDFMT, CONSOL, DATAFMT, DATADATE, KEYCODE LSEG Quantitative Analytics Database Schema for Compustat North America Data 89",88,89
qa_database_schema_compustat_na_v1_1_5_2022_02_21,QA Database Schema - Compustat NA v1.1.5 (2022-02-21).pdf,CSBkCoIndStA,Annual Industry Statistics Historical | This table contains information for historical annual industry statistics.,Daily,No,,89,89
qa_database_schema_compustat_na_v1_1_5_2022_02_21,QA Database Schema - Compustat NA v1.1.5 (2022-02-21).pdf,CSBkCoIndFntQ,Quarterly Industry Statistics Footnotes Historical | This table contains information for historical quarterly industry statistics footnotes.,Daily Adjusted: No,,"pkey_CSBKCOINDFNTQ (Clustered) GVKEY, DATADATE, INDFMT, CONSOL, FYR, DATAFMT, Item CSBKCOINDFNTQ_1 GVKEY, Item, DATADATE CSBKCOINDFNTQ_2 GVKEY, INDFMT, CONSOL, DATAFMT, Item DATADATE, CSBKCOINDFNTQ_3 GVKEY, INDFMT, CONSOL, DATAFMT, DATADATE pkey_CSBKCOINDSTA (Clustered) GVKEY, DATADATE, INDFMT, DATAFMT, CONSOL, Item CSBKCOINDSTA_1 GVKEY, Item, DATADATE CSBKCOINDSTA_2 GVKEY, INDFMT, DATAFMT, CONSOL, Item, DATADATE LSEG Quantitative Analytics Database Schema for Compustat North America Data 90",89,90
qa_database_schema_compustat_na_v1_1_5_2022_02_21,QA Database Schema - Compustat NA v1.1.5 (2022-02-21).pdf,CSBKCOINDFNTYTD,Year-to-Date Industry Statistics Footnotes,,,,90,90
qa_database_schema_compustat_na_v1_1_5_2022_02_21,QA Database Schema - Compustat NA v1.1.5 (2022-02-21).pdf,Historical,This table contains information for historical year-to-date industry statistics footnotes.,Daily,No,"pkey_CSBKCOINDFNTYTD (Clustered) GVKEY, DATADATE, INDFMT, CONSOL, FYR, DATAFMT, Item CSBKCOINDFNTYTD_1 GVKEY, Item, DATADATE CSBKCOINDFNTYTD_2 GVKEY, INDFMT, CONSOL, DATAFMT, Item DATADATE, CSBKCOINDFNTYTD_3 GVKEY, INDFMT, CONSOL, DATAFMT, DATADATE",90,90
qa_database_schema_compustat_na_v1_1_5_2022_02_21,QA Database Schema - Compustat NA v1.1.5 (2022-02-21).pdf,CSBkCoIndStYTD,Year-to-Date Industry Statistics Historical | This table contains information for historical year-to-date industry statistics.,Daily,Yes,"pkey_CSBKCOINDSTYTD (Clustered) GVKEY, DATADATE, INDFMT, CONSOL, FYR, DATAFMT, Item CSBKCOINDSTYTD_1 GVKEY, Item, DATADATE CSBKCOINDSTYTD_2 GVKEY, INDFMT, CONSOL, DATAFMT, Item, DATADATE CSBKCOINDSTYTD_3 GVKEY, INDFMT, CONSOL, DATAFMT, DATADATE CSBKCOINDSTYTD_4 GVKEY, INDFMT, CONSOL, Item, DATADATE, DATAFMT LSEG Quantitative Analytics Database Schema for Compustat North America Data 91 pkey_[table name] (Clustered) GVKEY, DATADATE, CONSOL, DATAFMT [table name]_1 GVKEY, CONSOL, DATAFMT, DATADATE [table name]_2 GVKEY, FYEAR, DATAFMT, CONSOL [table name]_3 DATADATE, GVKEY, CONSOL, DATAFMT LSEG Quantitative Analytics Database Schema for Compustat North America Data 93 pkey_[table name] (Clustered) GVKEY, DATADATE, CONSOL, DATAFMT, ITEM [table name]_1 GVKEY, CONSOL, DATAFMT, ITEM, DATADATE [table name]_2 GVKEY, ITEM, DATADATE pkey_[table name] (Clustered) GVKEY, DATADATE, CONSOL, DATAFMT, ITEM [table name]_1 GVKEY, CONSOL, DATAFMT, ITEM, DATADATE [table name]_2 GVKEY, ITEM LSEG Quantitative Analytics Database Schema for Compustat North America Data 95 pkey_[table name] (Clustered) GVKEY, DATADATE, CONSOL, DATAFMT, ITEM [table name]_1 GVKEY, CONSOL, DATAFMT, ITEM, DATADATE [table name]_2 GVKEY, ITEM pkey_[table name] (Clustered) GVKEY, DATADATE, CONSOL, FYR, DATAFMT, ITEM [table name]_1 GVKEY, CONSOL, DATAFMT, ITEM, DATADATE [table name]_2 GVKEY, ITEM, DATADATE LSEG Quantitative Analytics Database Schema for Compustat North America Data 96 pkey_[table name] (Clustered) GVKEY, DATADATE, CONSOL, FYR, DATAFMT, ITEM [table name]_1 GVKEY, CONSOL, DATAFMT, ITEM, DATADATE [table name]_2 GVKEY, ITEM, DATADATE LSEG Quantitative Analytics Database Schema for Compustat North America Data 97 pkey_[table name] (Clustered) GVKEY, DATADATE, CONSOL, FYR, DATAFMT, ITEM [table name]_1 GVKEY, CONSOL, DATAFMT, ITEM, DATADATE [table name]_2 GVKEY, ITEM LSEG Quantitative Analytics Database Schema for Compustat North America Data 98 Compustat Banking Year-to-Date Footnote Information The following tables contain the year-to-date footnote information for each company: – CSBnkIFntYTD – CSBnkIIFntYTD – Inactive – CSBnkBkIFntYTD – History Active – CSBnkBkIIFntYTD – History Inactive pkey_[table name] (Clustered) GVKEY, DATADATE, CONSOL, FYR, DATAFMT, ITEM [table name]_1 GVKEY, CONSOL, DATAFMT, ITEM, DATADATE [table name]_2 GVKEY, ITEM pkey_[table name] (Clustered) GVKEY, DATADATE, CONSOL, DATAFMT, FYR [table name]_1 GVKEY, CONSOL, DATAFMT, DATADATE [table name]_2 GVKEY, FQTR, FYEARQ, CONSOL, DATAFMT [table name]_3 DATADATE, GVKEY, CONSOL, DATAFMT LSEG Quantitative Analytics Database Schema for Compustat North America Data 99",90,99
qa_database_schema_compustat_na_v1_1_5_2022_02_21,QA Database Schema - Compustat NA v1.1.5 (2022-02-21).pdf,CSBnkAnn,Compustat Banking Annual | This table contains annual banking information.,N/A,N/A,"pkey_csbnkann (Clustered) Item, Code, Date_ LSEG Quantitative Analytics Database Schema for Compustat North America Data 100 NOTE For items on a fiscal basis, cross-reference Date_ with CSFYE where Code = CSFYE.Code, Date_ = CSFYE.Date_, and CSFYE.Type_ = 5.",99,100
qa_database_schema_compustat_na_v1_1_5_2022_02_21,QA Database Schema - Compustat NA v1.1.5 (2022-02-21).pdf,CSBnkItem,Compustat Banking Item Descriptions | This table contains descriptions for each item.,N/A,N/A,,100,100
qa_database_schema_compustat_na_v1_1_5_2022_02_21,QA Database Schema - Compustat NA v1.1.5 (2022-02-21).pdf,restated,,,,"pkey_csbnkitem (Clustered) Mnemonic csbnkitem_Group Group_, Number csbnkitem_Mnemonic Mnemonic csbnkitem_Name Name csbnkitem_Synonym Synonym LSEG Quantitative Analytics Database Schema for Compustat North America Data 101",100,101
qa_database_schema_compustat_na_v1_1_5_2022_02_21,QA Database Schema - Compustat NA v1.1.5 (2022-02-21).pdf,CSBnkQtr,Compustat Banking Quarterly | This table contains quarterly information for each company.,N/A,N/A,"pkey_csbnkqtr (Clustered) Item, Code, Date_ LSEG Quantitative Analytics Database Schema for Compustat North America Data 102 11 Compustat XF Daily Issuer Credit Ratings",101,102
qa_database_schema_compustat_na_v1_1_5_2022_02_21,QA Database Schema - Compustat NA v1.1.5 (2022-02-21).pdf,CSADSPRate,S&P Ratings – Monthly | This table contains monthly S&P ratings information.,Daily,No,"pkey_CSADSPRATE (Clustered) GVKEY, DATADATE LSEG Quantitative Analytics Database Schema for Compustat North America Data 103 12 Compustat XF Daily Current Issuer Credit Ratings",102,103
qa_database_schema_compustat_na_v1_1_5_2022_02_21,QA Database Schema - Compustat NA v1.1.5 (2022-02-21).pdf,CSADSPRateC,S&P Ratings – Current | This table contains current S&P ratings information.,Daily,No,pkey_CSADSPRATEC (Clustered) GVKEY LSEG Quantitative Analytics Database Schema for Compustat North America Data 104 13 Compustat XF Index Fundamentals,103,104
qa_database_schema_compustat_na_v1_1_5_2022_02_21,QA Database Schema - Compustat NA v1.1.5 (2022-02-21).pdf,CSADIdxADes,Annual Index Fundamental Descriptors | This table contains information for annual index fundamental descriptors.,Daily,No,,104,104
qa_database_schema_compustat_na_v1_1_5_2022_02_21,QA Database Schema - Compustat NA v1.1.5 (2022-02-21).pdf,CSADIdxQDes,Quarterly Index Fundamental Descriptors | This table contains information for quarterly index fundamental descriptors.,Daily,No,,104,104
qa_database_schema_compustat_na_v1_1_5_2022_02_21,QA Database Schema - Compustat NA v1.1.5 (2022-02-21).pdf,CSADIdxAnn,Annual Index Fundamentals | This table contains information for annual index fundamentals.,Daily,No,"pkey_CSADIDXADES (Clustered) GVKEYX, DATADATE pkey_CSADIDXQDES (Clustered) GVKEYX, DATADATE CSADIDXQDES_1 GVKEYX, QTR, DATADATE pkey_CSADIDXANN (Clustered) GVKEYX, DATADATE, Item CSADIDXANN_1 GVKEYX, Item, DATADATE LSEG Quantitative Analytics Database Schema for Compustat North America Data 105",104,105
qa_database_schema_compustat_na_v1_1_5_2022_02_21,QA Database Schema - Compustat NA v1.1.5 (2022-02-21).pdf,CSADIdxQtr,Quarterly Index Fundamentals | This table contains information for quarterly index fundamentals.,Daily,No,"pkey_CSADIDXQTR (Clustered) GVKEYX, DATADATE, Item CSADIDXQTR_1 GVKEYX, Item, DATADATE LSEG Quantitative Analytics Database Schema for Compustat North America Data 106 14 Compustat XF Daily",105,106
qa_database_schema_compustat_na_v1_1_5_2022_02_21,QA Database Schema - Compustat NA v1.1.5 (2022-02-21).pdf,Research,,,,,106,106
qa_database_schema_compustat_na_v1_1_5_2022_02_21,QA Database Schema - Compustat NA v1.1.5 (2022-02-21).pdf,CSISecSPInd,S&P Index Inactive Securities | This table contains information for inactive S&P index securities.,Daily,No,,106,106
qa_database_schema_compustat_na_v1_1_5_2022_02_21,QA Database Schema - Compustat NA v1.1.5 (2022-02-21).pdf,CSICoAAudit,Inactive Auditor Group | This table contains inactive auditor group information.,Daily,No,"pkey_CSICOAAUDIT (Clustered) GVKEY, DATADATE, INDFMT, DATAFMT, CONSOL, RANK pkey_CSISECSPIND (Clustered) GVKEYX, IID, DATADATE LSEG Quantitative Analytics Database Schema for Compustat North America Data 107 CSICOAAUDIT_1 GVKEY, INDFMT, DATAFMT, CONSOL, RANK, DATADATE",106,107
qa_database_schema_compustat_na_v1_1_5_2022_02_21,QA Database Schema - Compustat NA v1.1.5 (2022-02-21).pdf,CSICoADesInd,Inactive Annual Descriptor | This table contains inactive annual descriptor information.,Daily,No,"pkey_CSICOADESIND (Clustered) GVKEY, DATADATE, INDFMT, DATAFMT, CONSOL CSICOADESIND_1 GVKEY, INDFMT, DATAFMT, CONSOL, DATADATE CSICOADESIND_2 GVKEY, FYEAR, INDFMT, DATAFMT, CONSOL CSICOADESIND_3 DATADATE, GVKEY, INDFMT, DATAFMT, CONSOL",107,109
qa_database_schema_compustat_na_v1_1_5_2022_02_21,QA Database Schema - Compustat NA v1.1.5 (2022-02-21).pdf,CSICoAdjFact,Inactive Cumulative Adjustment Factors | This table contains information for inactive cumulative adjustment factors.,Daily,No,"pkey_CSICOADJFACT (Clustered) GVKEY, EFFDATE, THRUDATE CSICOADJFACT_1 GVKEY, THRUDATE",109,109
qa_database_schema_compustat_na_v1_1_5_2022_02_21,QA Database Schema - Compustat NA v1.1.5 (2022-02-21).pdf,CSICoAFndDC1,Inactive Annual Fundamental Data Codes | This table contains information for inactive annual fundamental data codes.,Daily,No,"pkey_CSICOAFNDDC1 (Clustered) GVKEY, DATADATE, INDFMT, DATAFMT, CONSOL, Item CSICOAFNDDC1_1 GVKEY, Item, DATADATE CSICOAFNDDC1_2 GVKEY, INDFMT, DATAFMT, CONSOL, Item, DATADATE CSICOAFNDDC1_3 GVKEY, INDFMT, DATAFMT, CONSOL, DATADATE",109,110
qa_database_schema_compustat_na_v1_1_5_2022_02_21,QA Database Schema - Compustat NA v1.1.5 (2022-02-21).pdf,CSICoAFndDC2,Inactive Annual Fundamental Data Codes | This table contains information for inactive annual fundamental data codes.,Daily,No,"pkey_CSICOAFNDDC2 (Clustered) GVKEY, DATADATE, INDFMT, DATAFMT, CONSOL, Item CSICOAFNDDC2_1 GVKEY, Item, DATADATE CSICOAFNDDC2_2 GVKEY, INDFMT, DATAFMT, CONSOL, Item, DATADATE CSICOAFNDDC2_3 GVKEY, INDFMT, DATAFMT, CONSOL, DATADATE",110,110
qa_database_schema_compustat_na_v1_1_5_2022_02_21,QA Database Schema - Compustat NA v1.1.5 (2022-02-21).pdf,CSICoAFnd1,Inactive Annual Fundamental Data | This table contains information for inactive annual fundamental data.,Daily,Yes,"pkey_CSICOAFND1 (Clustered) GVKEY, DATADATE, INDFMT, DATAFMT, CONSOL, Item CSICOAFND1_1 GVKEY, Item, DATADATE CSICOAFND1_2 GVKEY, INDFMT, DATAFMT, CONSOL, Item, DATADATE CSICOAFND1_3 GVKEY, INDFMT, DATAFMT, CONSOL, DATADATE CSICOAFND1_4 GVKEY, DATAFMT, Item, DATADATE LSEG Quantitative Analytics Database Schema for Compustat North America Data 111",110,111
qa_database_schema_compustat_na_v1_1_5_2022_02_21,QA Database Schema - Compustat NA v1.1.5 (2022-02-21).pdf,CSICoAFnd2,Inactive Annual Fundamental Data | This table contains information for inactive annual fundamental data.,Daily,Yes,"pkey_CSICOAFND2 (Clustered) GVKEY, DATADATE, INDFMT, DATAFMT, CONSOL, Item CSICOAFND2_1 GVKEY, Item, DATADATE CSICOAFND2_2 GVKEY, INDFMT, DATAFMT, CONSOL, Item, DATADATE CSICOAFND2_3 GVKEY, INDFMT, DATAFMT, CONSOL, DATADATE CSICOAFND2_4 GVKEY, DATAFMT, Item, DATADATE",111,111
qa_database_schema_compustat_na_v1_1_5_2022_02_21,QA Database Schema - Compustat NA v1.1.5 (2022-02-21).pdf,CSICoAInvVal,Inactive Inventory Evaluation Group | This table contains inactive inventory evaluation group information.,Daily,No,"pkey_CSICOAINVVAL (Clustered) GVKEY, DATADATE, INDFMT, DATAFMT, CONSOL, RANK LSEG Quantitative Analytics Database Schema for Compustat North America Data 112 CSICOAINVVAL_1 GVKEY, INDFMT, DATAFMT, CONSOL, DATADATE CSICOAINVVAL_2 GVKEY, INDFMT, DATAFMT, CONSOL, RANK, DATADATE",111,112
qa_database_schema_compustat_na_v1_1_5_2022_02_21,QA Database Schema - Compustat NA v1.1.5 (2022-02-21).pdf,CSICoAMkt,Inactive Annual Market Data Group | This table contains inactive annual market data group information.,Daily,Yes,"pkey_CSICOAMKT (Clustered) GVKEY, DATADATE, CFFLAG, CURCD CSICOAMKT_1 GVKEY, CFFLAG, CURCD, DATADATE",112,113
qa_database_schema_compustat_na_v1_1_5_2022_02_21,QA Database Schema - Compustat NA v1.1.5 (2022-02-21).pdf,CSICoFortune,Inactive Fortune 500 Group | This table contains inactive Fortune 500 group information.,Daily,No,"pkey_CSICOFORTUNE (Clustered) GVKEY, DATADATE",113,113
qa_database_schema_compustat_na_v1_1_5_2022_02_21,QA Database Schema - Compustat NA v1.1.5 (2022-02-21).pdf,CSICoHGIC,Inactive GICS History | This table contains inactive GICS history information.,Daily,No,"pkey_CSICOHGIC (Clustered) GVKEY, INDTYPE, INDFROM",113,114
qa_database_schema_compustat_na_v1_1_5_2022_02_21,QA Database Schema - Compustat NA v1.1.5 (2022-02-21).pdf,CSICoIAudit,Inactive Interim Auditor Group | This table contains inactive interim auditor group information.,Daily,No,"pkey_CSICOIAUDIT (Clustered) GVKEY, DATADATE, INDFMT, CONSOL, FYR, DATAFMT,",114,114
qa_database_schema_compustat_na_v1_1_5_2022_02_21,QA Database Schema - Compustat NA v1.1.5 (2022-02-21).pdf,RANK,,,,,114,114
qa_database_schema_compustat_na_v1_1_5_2022_02_21,QA Database Schema - Compustat NA v1.1.5 (2022-02-21).pdf,CSICoIDesInd,Inactive Company Interim Descriptor Group | This table contains inactive company interim descriptor group information.,Daily,No,"pkey_CSICOIDESIND (Clustered) GVKEY, DATADATE, INDFMT, CONSOL, FYR, DATAFMT CSICOIDESIND_1 GVKEY, INDFMT, CONSOL, DATAFMT, DATADATE CSICOIDESIND_2 GVKEY, FQTR, FYEARQ, INDFMT, CONSOL, DATAFMT CSICOIDESIND_3 DATADATE, GVKEY, INDFMT, CONSOL, DATAFMT",114,115
qa_database_schema_compustat_na_v1_1_5_2022_02_21,QA Database Schema - Compustat NA v1.1.5 (2022-02-21).pdf,CSICoIFntYTD,Inactive Company Interim Fundamentals – Year-to- | This table contains year-to-date footnotes information for inactive company interim fundamentals.,Daily,No,"pkey_CSICOIFNTYTD (Clustered) GVKEY, DATADATE, INDFMT, CONSOL, FYR, DATAFMT, Item CSICOIFNTYTD_1 GVKEY, Item, DATADATE CSICOIFNTYTD_2 GVKEY, INDFMT, CONSOL, DATAFMT, Item, DATADATE CSICOIFNTYTD_3 GVKEY, INDFMT, CONSOL, DATAFMT, DATADATE LSEG Quantitative Analytics Database Schema for Compustat North America Data 116",115,116
qa_database_schema_compustat_na_v1_1_5_2022_02_21,QA Database Schema - Compustat NA v1.1.5 (2022-02-21).pdf,CSICoIFntQ,Inactive Company Interim Fundamentals – Quarterly,,,,116,116
qa_database_schema_compustat_na_v1_1_5_2022_02_21,QA Database Schema - Compustat NA v1.1.5 (2022-02-21).pdf,Footnotes,This table contains quarterly footnotes information for inactive company interim fundamentals.,Daily,No,"pkey_CSICOIFNTQ (Clustered) GVKEY, DATADATE, INDFMT, CONSOL, FYR, DATAFMT, Item CSICOIFNTQ_1 GVKEY, Item, DATADATE CSICOIFNTQ_2 GVKEY, INDFMT, CONSOL, DATAFMT, Item DATADATE, CSICOIFNTQ_3 GVKEY, INDFMT, CONSOL, DATAFMT, DATADATE",116,116
qa_database_schema_compustat_na_v1_1_5_2022_02_21,QA Database Schema - Compustat NA v1.1.5 (2022-02-21).pdf,CSICoIFntSA,Inactive Company Interim Fundamentals – | This table contains semiannual footnotes information for inactive company interim fundamentals.,Daily,No,"pkey_CSICOIFNTSA (Clustered) GVKEY, DATADATE, INDFMT, CONSOL, FYR, DATAFMT, Item CSICOIFNTSA_1 GVKEY, Item, DATADATE CSICOIFNTSA_2 GVKEY, INDFMT, CONSOL, DATAFMT, Item DATADATE, CSICOIFNTSA_3 GVKEY, INDFMT, CONSOL, DATAFMT, DATADATE LSEG Quantitative Analytics Database Schema for Compustat North America Data 117",116,117
qa_database_schema_compustat_na_v1_1_5_2022_02_21,QA Database Schema - Compustat NA v1.1.5 (2022-02-21).pdf,CSICoIMkt,Inactive Interim Market Group | This table contains inactive interim market group information.,Daily,Yes,"pkey_CSICOIMKT (Clustered) GVKEY, DATADATE, CFFLAG, CURCD, YEM CSICOIMKT_1 GVKEY, CFFLAG, CURCD, DATADATE",117,118
qa_database_schema_compustat_na_v1_1_5_2022_02_21,QA Database Schema - Compustat NA v1.1.5 (2022-02-21).pdf,CSICoIndstryPres,Inactive Company Industry Presentation | This table contains inactive company industry presentation information.,Daily,No,"pkey_CSICOINDSTRYPRES (Clustered) GVKEY, DATADATE, CONSOL, IPCD CSICOINDSTRYPRES_1 GVKEY, CONSOL, DATADATE",118,118
qa_database_schema_compustat_na_v1_1_5_2022_02_21,QA Database Schema - Compustat NA v1.1.5 (2022-02-21).pdf,CSICoIndustry,Inactive Industry Classification Presentation | This table contains inactive industry classification presentation information.,Daily,No,"pkey_CSICOINDUSTRY (Clustered) GVKEY, DATADATE, CONSOL CSICOINDUSTRY_1 GVKEY, CONSOL, DATADATE",118,118
qa_database_schema_compustat_na_v1_1_5_2022_02_21,QA Database Schema - Compustat NA v1.1.5 (2022-02-21).pdf,CSICOMth,Inactive Company Monthly | This table contains monthly inactive company information.,Daily,No,"pkey_CSICOMTH (Clustered) GVKEY, DATADATE",118,119
qa_database_schema_compustat_na_v1_1_5_2022_02_21,QA Database Schema - Compustat NA v1.1.5 (2022-02-21).pdf,CSICoOffTitl,Inactive Company Officers | This table contains information for inactive company officers.,Daily,No,"pkey_CSICOOFFTITL (Clustered) GVKEY, OFID, OFCD CSICOOFFTITL_1 GVKEY, OFCD CSICOOFFTITL_2 GVKEY, OFID",119,119
qa_database_schema_compustat_na_v1_1_5_2022_02_21,QA Database Schema - Compustat NA v1.1.5 (2022-02-21).pdf,CSICoAFntIND,Inactive Company Annual Fundamental Footnotes | This table contains information for inactive company annual fundamental footnotes.,Daily,No,"pkey_CSICOAFNTIND (Clustered) GVKEY, DATADATE, INDFMT, DATAFMT, CONSOL, Item CSICOAFNTIND_1 GVKEY, Item, DATADATE CSICOAFNTIND_2 GVKEY, INDFMT, DATAFMT, CONSOL, Item DATADATE CSICOAFNTIND_3 GVKEY, INDFMT, DATAFMT, CONSOL, DATADATE LSEG Quantitative Analytics Database Schema for Compustat North America Data 120",119,120
qa_database_schema_compustat_na_v1_1_5_2022_02_21,QA Database Schema - Compustat NA v1.1.5 (2022-02-21).pdf,CSICoIFndQ,Inactive Company Interim Fundamentals – Quarterly | This table contains quarterly information for inactive company interim fundamentals.,Daily,Yes,,120,120
qa_database_schema_compustat_na_v1_1_5_2022_02_21,QA Database Schema - Compustat NA v1.1.5 (2022-02-21).pdf,CSICoIFndYTD,Inactive Company Interim Fundamentals – Year to,,,,120,120
qa_database_schema_compustat_na_v1_1_5_2022_02_21,QA Database Schema - Compustat NA v1.1.5 (2022-02-21).pdf,Date,This table contains year-to-date information for inactive company interim fundamentals.,Daily,Yes,"pkey_CSICOIFNDYTD (Clustered) GVKEY, DATADATE, INDFMT, CONSOL, FYR, DATAFMT, Item CSICOIFNDYTD_1 GVKEY, Item, DATADATE pkey_CSICOIFNDQ (Clustered) GVKEY, DATADATE, INDFMT, CONSOL, FYR, DATAFMT, Item CSICOIFNDQ_1 GVKEY, Item, DATADATE CSICOIFNDQ_2 GVKEY, INDFMT, CONSOL, DATAFMT, Item, DATADATE CSICOIFNDQ_3 GVKEY, INDFMT, CONSOL, DATAFMT, DATADATE CSICOIFNDQ_4 GVKEY, INDFMT, CONSOL, Item, DATADATE, DATAFMT LSEG Quantitative Analytics Database Schema for Compustat North America Data 121 CSICOIFNDYTD_2 GVKEY, INDFMT, CONSOL, DATAFMT, Item DATADATE, CSICOIFNDYTD_3 GVKEY, INDFMT, CONSOL, DATAFMT, DATADATE CSICOIFNDYTD_4 GVKEY, INDFMT, CONSOL, Item, DATADATE, DATAFMT",120,121
qa_database_schema_compustat_na_v1_1_5_2022_02_21,QA Database Schema - Compustat NA v1.1.5 (2022-02-21).pdf,CSICoIFndSA,Inactive Company Semi-Annual Fundamentals | This table contains information for inactive company semi-annual fundamentals.,Daily,Yes,"pkey_CSICOIFNDSA (Clustered) GVKEY, DATADATE, INDFMT, CONSOL, FYR, DATAFMT, Item CSICOIFNDSA_1 GVKEY, Item, DATADATE CSICOIFNDSA_2 GVKEY, INDFMT, CONSOL, DATAFMT, Item, DATADATE CSICOIFNDSA_3 GVKEY, INDFMT, CONSOL, DATAFMT, DATADATE CSICOIFNDSA_4 GVKEY, INDFMT, CONSOL, Item, DATADATE, DATAFMT LSEG Quantitative Analytics Database Schema for Compustat North America Data 122",121,122
qa_database_schema_compustat_na_v1_1_5_2022_02_21,QA Database Schema - Compustat NA v1.1.5 (2022-02-21).pdf,CSISecMth,Inactive Monthly Descriptor | This table contains inactive monthly descriptor information.,Daily,No,"pkey_CSISECMTH (Clustered) GVKEY, IID, DATADATE CSISECMTH_1 GVKEY, DATADATE LSEG Quantitative Analytics Database Schema for Compustat North America Data 123",122,123
qa_database_schema_compustat_na_v1_1_5_2022_02_21,QA Database Schema - Compustat NA v1.1.5 (2022-02-21).pdf,CSISecMthDiv,Inactive Monthly Dividend | This table contains inactive monthly dividend information.,Daily,Yes,,123,123
qa_database_schema_compustat_na_v1_1_5_2022_02_21,QA Database Schema - Compustat NA v1.1.5 (2022-02-21).pdf,CSISecMthPrc,Inactive Monthly Item | This table contains inactive monthly item information.,Daily,Yes,,123,123
qa_database_schema_compustat_na_v1_1_5_2022_02_21,QA Database Schema - Compustat NA v1.1.5 (2022-02-21).pdf,CSISecMthSpt,Inactive Monthly Stock Splits | This table contains information for inactive monthly stock splits.,Daily,No,"pkey_CSISECMTHDIV (Clustered) GVKEY, IID, DATADATE pkey_CSISECMTHPRC (Clustered) GVKEY, IID, DATADATE pkey_CSISECMTHSPT (Clustered) GVKEY, IID, DATADATE LSEG Quantitative Analytics Database Schema for Compustat North America Data 124",123,124
qa_database_schema_compustat_na_v1_1_5_2022_02_21,QA Database Schema - Compustat NA v1.1.5 (2022-02-21).pdf,CSISecMSptFn,Inactive Monthly Stock Split Footnotes | This table contains information for inactive monthly stock split footnotes.,Daily,No,,124,124
qa_database_schema_compustat_na_v1_1_5_2022_02_21,QA Database Schema - Compustat NA v1.1.5 (2022-02-21).pdf,CSISecMDivFN,Inactive Monthly Dividend Footnotes | This table contains information for inactive monthly dividend footnotes.,Daily,No,"pkey_CSISECMSPTFN (Clustered) GVKEY, IID, DATADATE, DATAITEM, Item CSISECMSPTFN_1 GVKEY, Item, DATADATE CSISECMSPTFN_2 GVKEY, DATADATE CSISECMSPTFN_3 GVKEY, IID, DATAITEM, Item, DATADATE CSISECMSPTFN_4 GVKEY, IID, DATADATE CSISECMSPTFN_5 GVKEY, IID, Item, DATADATE pkey_CSISECMDIVFN (Clustered) GVKEY, IID, DATADATE, DATAITEM, Item CSISECMDIVFN_1 GVKEY, Item, DATADATE CSISECMDIVFN_2 GVKEY, DATADATE CSISECMDIVFN_3 GVKEY, IID, DATAITEM, Item, DATADATE CSISECMDIVFN_4 GVKEY, IID, DATADATE CSISECMDIVFN_5 GVKEY, IID, Item, DATADATE LSEG Quantitative Analytics Database Schema for Compustat North America Data 125",124,126
qa_database_schema_compustat_na_v1_1_5_2022_02_21,QA Database Schema - Compustat NA v1.1.5 (2022-02-21).pdf,CSIBkCoAFntInd,Inactive Annual Fundamental Footnotes,,,,126,126
qa_database_schema_compustat_na_v1_1_5_2022_02_21,QA Database Schema - Compustat NA v1.1.5 (2022-02-21).pdf,Historical,This table contains information for historical inactive annual fundamental footnotes.,Daily,No,,126,126
qa_database_schema_compustat_na_v1_1_5_2022_02_21,QA Database Schema - Compustat NA v1.1.5 (2022-02-21).pdf,CSIBkCoAAudit,Inactive Auditor Group Historical | This table contains historical inactive auditor group information.,Daily,No,"pkey_CSIBKCOAAUDIT (Clustered) GVKEY, DATADATE, INDFMT, DATAFMT, CONSOL, RANK CSIBKCOAAUDIT_1 GVKEY, INDFMT, DATAFMT, CONSOL, RANK, DATADATE pkey_CSIBKCOAFNTIND (Clustered) GVKEY, DATADATE, INDFMT, DATAFMT, CONSOL, Item CSIBKCOAFNTIND_1 GVKEY, Item, DATADATE CSIBKCOAFNTIND_2 GVKEY, INDFMT, DATAFMT, CONSOL, Item DATADATE CSIBKCOAFNTIND_3 GVKEY, INDFMT, DATAFMT, CONSOL, DATADATE LSEG Quantitative Analytics Database Schema for Compustat North America Data 127",126,127
qa_database_schema_compustat_na_v1_1_5_2022_02_21,QA Database Schema - Compustat NA v1.1.5 (2022-02-21).pdf,CSIBkCoADesInd,Inactive Company Annual Descriptor - Industry | This table contains industry format historical information for inactive company annual descriptor data.,Daily Adjusted: No,,"pkey_CSIBKCOADESIND (Clustered) GVKEY, DATADATE, INDFMT, DATAFMT, CONSOL CSIBKCOADESIND_1 GVKEY, INDFMT, DATAFMT, CONSOL, DATADATE CSIBKCOADESIND_2 GVKEY, FYEAR, INDFMT, DATAFMT, CONSOL CSIBKCOADESIND_3 DATADATE, GVKEY, INDFMT, DATAFMT, CONSOL",127,129
qa_database_schema_compustat_na_v1_1_5_2022_02_21,QA Database Schema - Compustat NA v1.1.5 (2022-02-21).pdf,CSIBkCoAFndDC1,Inactive Annual Fundamental Data Codes | This table contains information for inactive annual fundamental data codes.,Daily,No,,129,129
qa_database_schema_compustat_na_v1_1_5_2022_02_21,QA Database Schema - Compustat NA v1.1.5 (2022-02-21).pdf,CSIBkCoAFndDC2,Inactive Annual Fundamental Data Codes | This table contains information for inactive annual fundamental data codes.,Daily,No,"pkey_CSIBKCOAFNDDC1 (Clustered) GVKEY, DATADATE, INDFMT, DATAFMT, CONSOL, Item CSIBKCOAFNDDC1_1 GVKEY, Item, DATADATE CSIBKCOAFNDDC1_2 GVKEY, INDFMT, DATAFMT, CONSOL, Item, DATADATE CSIBKCOAFNDDC1_3 GVKEY, INDFMT, DATAFMT, CONSOL, DATADATE pkey_CSIBKCOAFNDDC2 (Clustered) GVKEY, DATADATE, INDFMT, DATAFMT, CONSOL, Item CSIBKCOAFNDDC2_1 GVKEY, Item, DATADATE CSIBKCOAFNDDC2_2 GVKEY, INDFMT, DATAFMT, CONSOL, Item, DATADATE CSIBKCOAFNDDC2_3 GVKEY, INDFMT, DATAFMT, CONSOL, DATADATE LSEG Quantitative Analytics Database Schema for Compustat North America Data 130",129,130
qa_database_schema_compustat_na_v1_1_5_2022_02_21,QA Database Schema - Compustat NA v1.1.5 (2022-02-21).pdf,CSIBkCoAFnd1,Inactive Annual Fundamental Data | This table contains information for inactive annual fundamental data.,Daily,Yes,,130,130
qa_database_schema_compustat_na_v1_1_5_2022_02_21,QA Database Schema - Compustat NA v1.1.5 (2022-02-21).pdf,CSIBkCoAFnd2,Inactive Annual Fundamental Data | This table contains information for inactive annual fundamental data.,Daily,Yes,"pkey_CSIBKCOAFND1 (Clustered) GVKEY, DATADATE, INDFMT, DATAFMT, CONSOL, Item CSIBKCOAFND1_1 GVKEY, Item, DATADATE CSIBKCOAFND1_2 GVKEY, INDFMT, DATAFMT, CONSOL, Item, DATADATE CSIBKCOAFND1_3 GVKEY, INDFMT, DATAFMT, CONSOL, DATADATE CSIBKCOAFND1_4 GVKEY, DATAFMT, Item, DATADATE pkey_CSIBKCOAFND2 (Clustered) GVKEY, DATADATE, INDFMT, DATAFMT, CONSOL, Item CSIBKCOAFND2_1 GVKEY, Item, DATADATE CSIBKCOAFND2_2 GVKEY, INDFMT, DATAFMT, CONSOL, Item, DATADATE CSIBKCOAFND2_3 GVKEY, INDFMT, DATAFMT, CONSOL, DATADATE CSIBKCOAFND2_4 GVKEY, DATAFMT, Item, DATADATE LSEG Quantitative Analytics Database Schema for Compustat North America Data 131",130,131
qa_database_schema_compustat_na_v1_1_5_2022_02_21,QA Database Schema - Compustat NA v1.1.5 (2022-02-21).pdf,CSIBkCoAInvVal,Inactive Inventory Evaluation Group Historical | This table contains historical inactive inventory evaluation group information.,Daily,No,"pkey_CSIBKCOAINVVAL (Clustered) GVKEY, DATADATE, INDFMT, DATAFMT, CONSOL, RANK CSIBKCOAINVVAL_1 GVKEY, INDFMT, DATAFMT, CONSOL, DATADATE CSIBKCOAINVVAL_2 GVKEY, INDFMT, DATAFMT, CONSOL, RANK, DATADATE",131,131
qa_database_schema_compustat_na_v1_1_5_2022_02_21,QA Database Schema - Compustat NA v1.1.5 (2022-02-21).pdf,CSIBkCoAMkt,Inactive Annual Market Data Group Historical | This table contains historical inactive annual market data group information.,Daily,Yes,"pkey_CSIBKCOAMKT (Clustered) GVKEY, DATADATE, CFFLAG, CURCD CSIBKCOAMKT_1 GVKEY, CFFLAG, CURCD, DATADATE",131,132
qa_database_schema_compustat_na_v1_1_5_2022_02_21,QA Database Schema - Compustat NA v1.1.5 (2022-02-21).pdf,CSIBkCoFortune,Inactive Fortune 500 Group Historical | This table contains historical inactive Fortune 500 group information.,Daily,No,"pkey_CSIBKCOFORTUNE (Clustered) GVKEY, DATADATE",132,132
qa_database_schema_compustat_na_v1_1_5_2022_02_21,QA Database Schema - Compustat NA v1.1.5 (2022-02-21).pdf,CSIBkCoIAudit,Inactive Interim Auditor Group Historical | This table contains historical inactive interim auditor group information.,Daily,No,"pkey_CSIBKCOIAUDIT (Clustered) GVKEY, DATADATE, INDFMT, CONSOL, FYR, DATAFMT, RANK CSIBKCOIAUDIT_1 GVKEY, INDFMT, CONSOL, DATAFMT, RANK, DATADATE LSEG Quantitative Analytics Database Schema for Compustat North America Data 133",132,133
qa_database_schema_compustat_na_v1_1_5_2022_02_21,QA Database Schema - Compustat NA v1.1.5 (2022-02-21).pdf,CSIBkCoIDesInd,Inactive Company Interim Descriptor Historical | This table contains historical inactive company interim descriptor information.,Daily,No,"pkey_CSIBKCOIDESIND (Clustered) GVKEY, DATADATE, INDFMT, CONSOL, FYR, DATAFMT CSIBKCOIDESIND_1 GVKEY, INDFMT, CONSOL, DATAFMT, DATADATE CSIBKCOIDESIND_2 GVKEY, FQTR, FYEARQ, INDFMT, CONSOL, DATAFMT CSIBKCOIDESIND_3 DATADATE, GVKEY, INDFMT, CONSOL, DATAFMT",133,134
qa_database_schema_compustat_na_v1_1_5_2022_02_21,QA Database Schema - Compustat NA v1.1.5 (2022-02-21).pdf,CSIBkCoIFntYTD,Inactive Company Interim Fundamentals – Year- | This table contains year-to-date footnotes historical information for inactive company interim fundamentals.,Daily,No,"pkey_CSIBKCOIFNTYTD (Clustered) GVKEY, DATADATE, INDFMT, CONSOL, FYR, DATAFMT, Item CSIBKCOIFNTYTD_1 GVKEY, Item, DATADATE CSIBKCOIFNTYTD_2 GVKEY, INDFMT, CONSOL, DATAFMT, Item DATADATE, CSIBKCOIFNTYTD_3 GVKEY, INDFMT, CONSOL, DATAFMT, DATADATE",134,135
qa_database_schema_compustat_na_v1_1_5_2022_02_21,QA Database Schema - Compustat NA v1.1.5 (2022-02-21).pdf,CSIBkCoIFntQ,Inactive Company Interim Fundamentals – | This table contains quarterly footnotes historical information for inactive company interim fundamentals.,Daily,No,"pkey_CSIBKCOIFNTQ (Clustered) GVKEY, DATADATE, INDFMT, CONSOL, FYR, DATAFMT, Item CSIBKCOIFNTQ_1 GVKEY, Item, DATADATE CSIBKCOIFNTQ_2 GVKEY, INDFMT, CONSOL, DATAFMT, Item DATADATE CSIBKCOIFNTQ_3 GVKEY, INDFMT, CONSOL, DATAFMT, DATADATE",135,135
qa_database_schema_compustat_na_v1_1_5_2022_02_21,QA Database Schema - Compustat NA v1.1.5 (2022-02-21).pdf,CSIBkCoIFntSA,Inactive Company Interim Fundamentals – | This table contains semiannual footnotes historical information for inactive company interim fundamentals.,Daily,No,"pkey_CSIBKCOIFNTSA (Clustered) GVKEY, DATADATE, INDFMT, CONSOL, FYR, DATAFMT, Item CSIBKCOIFNTSA_1 GVKEY, Item, DATADATE CSIBKCOIFNTSA_2 GVKEY, INDFMT, CONSOL, DATAFMT, Item DATADATE, CSIBKCOIFNTSA_3 GVKEY, INDFMT, CONSOL, DATAFMT, DATADATE",135,136
qa_database_schema_compustat_na_v1_1_5_2022_02_21,QA Database Schema - Compustat NA v1.1.5 (2022-02-21).pdf,CSIBkCoIMkt,Inactive Interim Market Group Historical | This table contains historical inactive interim market group information.,Daily,Yes,"pkey_CSIBKCOIMKT (Clustered) GVKEY, DATADATE, CFFLAG, CURCD, YEM CSIBKCOIMKT_1 GVKEY, CFFLAG, CURCD, DATADATE",136,136
qa_database_schema_compustat_na_v1_1_5_2022_02_21,QA Database Schema - Compustat NA v1.1.5 (2022-02-21).pdf,CSIBkCoIndstryPres,Inactive Company Industry Presentation,,,,136,136
qa_database_schema_compustat_na_v1_1_5_2022_02_21,QA Database Schema - Compustat NA v1.1.5 (2022-02-21).pdf,Historical,This table contains historical inactive company industry presentation information.,Daily,No,"pkey_CSIBKCOINDSTRYPRES (Clustered) GVKEY, DATADATE, CONSOL, IPCD CSIBKCOINDSTRYPRES_1 GVKEY, CONSOL, DATADATE LSEG Quantitative Analytics Database Schema for Compustat North America Data 137",136,137
qa_database_schema_compustat_na_v1_1_5_2022_02_21,QA Database Schema - Compustat NA v1.1.5 (2022-02-21).pdf,CSIBkCoIndustry,Industry Classification Presentation Historical | This table contains historical industry classification presentation information.,Daily,No,"pkey_CSIBKCOINDUSTRY (Clustered) GVKEY, DATADATE, CONSOL CSIBKCOINDUSTRY_1 GVKEY, CONSOL, DATADATE",137,137
qa_database_schema_compustat_na_v1_1_5_2022_02_21,QA Database Schema - Compustat NA v1.1.5 (2022-02-21).pdf,CSIBkCoMth,Inactive Company Monthly Historical | This table contains historical inactive company monthly information.,Daily,No,"pkey_CSIBKCOMTH (Clustered) GVKEY, DATADATE",137,138
qa_database_schema_compustat_na_v1_1_5_2022_02_21,QA Database Schema - Compustat NA v1.1.5 (2022-02-21).pdf,CSIBkCoIFndQ,Inactive Company Interim Fundamentals – | This table contains quarterly historical information for inactive company interim fundamentals.,Daily,Yes,,138,138
qa_database_schema_compustat_na_v1_1_5_2022_02_21,QA Database Schema - Compustat NA v1.1.5 (2022-02-21).pdf,CSIBkCoIFndYTD,Inactive Company Interim Fundamentals – Year | This table contains year-to-data historical information for inactive company interim fundamentals.,Daily,Yes,"pkey_CSIBKCOIFNDQ (Clustered) GVKEY, DATADATE, INDFMT, CONSOL, FYR, DATAFMT, Item CSIBKCOIFNDQ_1 GVKEY, Item, DATADATE CSIBKCOIFNDQ_2 GVKEY, INDFMT, CONSOL, DATAFMT, Item, DATADATE CSIBKCOIFNDQ_3 GVKEY, INDFMT, CONSOL, DATAFMT, DATADATE CSIBKCOIFNDQ_4 GVKEY, INDFMT, CONSOL, Item, DATADATE, DATAFMT pkey_CSIBKCOIFNDYTD (Clustered) GVKEY, DATADATE, INDFMT, CONSOL, FYR, DATAFMT, Item LSEG Quantitative Analytics Database Schema for Compustat North America Data 139",138,139
qa_database_schema_compustat_na_v1_1_5_2022_02_21,QA Database Schema - Compustat NA v1.1.5 (2022-02-21).pdf,CSIBkCoIFndSA,Inactive Company Quarterly Fundamentals,,,,139,139
qa_database_schema_compustat_na_v1_1_5_2022_02_21,QA Database Schema - Compustat NA v1.1.5 (2022-02-21).pdf,Historical,This table contains information for historical inactive company quarterly fundamentals.,Daily,Yes,"CSIBKCOIFNDYTD_1 GVKEY, Item, DATADATE CSIBKCOIFNDYTD_2 GVKEY, INDFMT, CONSOL, DATAFMT, Item, DATADATE CSIBKCOIFNDYTD_3 GVKEY, INDFMT, CONSOL, DATAFMT, DATADATE CSIBKCOIFNDYTD_4 GVKEY, INDFMT, CONSOL, Item, DATADATE, DATAFMT pkey_CSIBKCOIFNDSA (Clustered) GVKEY, DATADATE, INDFMT, CONSOL, FYR, DATAFMT, Item CSIBKCOIFNDSA_1 GVKEY, Item, DATADATE CSIBKCOIFNDSA_2 GVKEY, INDFMT, CONSOL, DATAFMT, Item, DATADATE CSIBKCOIFNDSA_3 GVKEY, INDFMT, CONSOL, DATAFMT, DATADATE CSIBKCOIFNDSA_4 GVKEY, INDFMT, CONSOL, Item, DATADATE, DATAFMT LSEG Quantitative Analytics Database Schema for Compustat North America Data 140",139,140
qa_database_schema_compustat_na_v1_1_5_2022_02_21,QA Database Schema - Compustat NA v1.1.5 (2022-02-21).pdf,CSIBkSecM,Inactive Monthly Descriptor Historical | This table contains historical inactive monthly descriptor information.,Daily,No,"pkey_CSIBKSECM (Clustered) GVKEY, IID, DATADATE CSIBKSECM_1 GVKEY, DATADATE LSEG Quantitative Analytics Database Schema for Compustat North America Data 141",140,141
qa_database_schema_compustat_na_v1_1_5_2022_02_21,QA Database Schema - Compustat NA v1.1.5 (2022-02-21).pdf,CSIBkSecMDv,Inactive Monthly Dividends Historical | This table contains information for historical inactive monthly dividends.,Daily,Yes,,141,141
qa_database_schema_compustat_na_v1_1_5_2022_02_21,QA Database Schema - Compustat NA v1.1.5 (2022-02-21).pdf,CSIBkSecMPrc,Inactive Monthly Prices Historical | This table contains information for historical inactive monthly prices.,Daily,Yes,,141,141
qa_database_schema_compustat_na_v1_1_5_2022_02_21,QA Database Schema - Compustat NA v1.1.5 (2022-02-21).pdf,CSIBkSecMSS,Inactive Monthly Stock Split Factors Historical | This table contains information for historical inactive monthly stock split factors.,Daily,No,"pkey_CSIBKSECMDV (Clustered) GVKEY, IID, DATADATE pkey_CSIBKSECMPRC (Clustered) GVKEY, IID, DATADATE pkey_CSIBKSECMSS (Clustered) GVKEY, IID, DATADATE LSEG Quantitative Analytics Database Schema for Compustat North America Data 142",141,142
qa_database_schema_compustat_na_v1_1_5_2022_02_21,QA Database Schema - Compustat NA v1.1.5 (2022-02-21).pdf,CSIBkSecMSSFn,Inactive Monthly Stock Split Footnotes | This table contains information for inactive monthly stock split footnotes.,Daily,No,,142,142
qa_database_schema_compustat_na_v1_1_5_2022_02_21,QA Database Schema - Compustat NA v1.1.5 (2022-02-21).pdf,CSIBkSecMDvFn,Inactive Monthly Dividend Footnotes | This table contains information for inactive monthly dividend footnotes.,Daily,No,"pkey_CSIBKSECMSSFN (Clustered) GVKEY, IID, DATADATE, DATAITEM, Item CSIBKSECMSSFN_1 GVKEY, Item, DATADATE CSIBKSECMSSFN_2 GVKEY, DATADATE CSIBKSECMSSFN_3 GVKEY, IID, DATAITEM, Item, DATADATE CSIBKSECMSSFN_4 GVKEY, IID, DATADATE CSIBKSECMSSFN_5 GVKEY, IID, Item, DATADATE pkey_CSIBKSECMDVFN (Clustered) GVKEY, IID, DATADATE, DATAITEM, Item CSIBKSECMDVFN_1 GVKEY, Item, DATADATE CSIBKSECMDVFN_2 GVKEY, DATADATE CSIBKSECMDVFN_3 GVKEY, IID, DATAITEM, Item, DATADATE CSIBKSECMDVFN_4 GVKEY, IID, DATADATE CSIBKSECMDVFN_5 GVKEY, IID, Item, DATADATE LSEG Quantitative Analytics Database Schema for Compustat North America Data 143",142,144
qa_database_schema_compustat_na_v1_1_5_2022_02_21,QA Database Schema - Compustat NA v1.1.5 (2022-02-21).pdf,CSIACoPnFndQ,Inactive Company Annual Pension and Post- | This table contains information for inactive company annual pension and post-retirement footnotes.,Daily,No,"pkey_CSIACOPNFNDQ (Clustered) GVKEY, DATADATE, INDFMT, CONSOL, FYR, DATAFMT CSIACOPNFNDQ_1 GVKEY, INDFMT, CONSOL, DATAFMT, DATADATE LSEG Quantitative Analytics Database Schema for Compustat North America Data 145",144,145
qa_database_schema_compustat_na_v1_1_5_2022_02_21,QA Database Schema - Compustat NA v1.1.5 (2022-02-21).pdf,CSIACoPnFndYTD,Inactive Company Year-to-Date Pension and | This table contains information for inactive company year-to-date pension and post-retirement data.,Daily,No,"pkey_CSIACOPNFNDYTD (Clustered) GVKEY, DATADATE, INDFMT, CONSOL, FYR, DATAFMT CSIACOPNFNDYTD_1 GVKEY, INDFMT, CONSOL, DATAFMT, DATADATE LSEG Quantitative Analytics Database Schema for Compustat North America Data 146",145,146
qa_database_schema_compustat_na_v1_1_5_2022_02_21,QA Database Schema - Compustat NA v1.1.5 (2022-02-21).pdf,CSIACoPnFntA,Inactive Company Annual and Post-Retirement,,,,146,146
qa_database_schema_compustat_na_v1_1_5_2022_02_21,QA Database Schema - Compustat NA v1.1.5 (2022-02-21).pdf,Footnotes,This table contains information for inactive company annual and post-retirement footnotes.,Daily,No,,146,146
qa_database_schema_compustat_na_v1_1_5_2022_02_21,QA Database Schema - Compustat NA v1.1.5 (2022-02-21).pdf,CSIACoPnFntQ,Inactive Company Quarterly and Post-Retirement,,,,146,146
qa_database_schema_compustat_na_v1_1_5_2022_02_21,QA Database Schema - Compustat NA v1.1.5 (2022-02-21).pdf,Footnotes,This table contains information for inactive company quarterly and post-retirement footnotes.,Daily,No,"pkey_CSIACOPNFNTA (Clustered) GVKEY, DATADATE, INDFMT, DATAFMT, CONSOL, Item CSIACOPNFNTA_1 GVKEY, Item, DATADATE CSIACOPNFNTA_2 GVKEY, INDFMT, DATAFMT, CONSOL, Item, DATADATE CSIACOPNFNTA_3 GVKEY, INDFMT, DATAFMT, CONSOL, DATADATE pkey_CSIACOPNFNTQ (Clustered) GVKEY, DATADATE, INDFMT, CONSOL, FYR, DATAFMT CSIACOPNFNTQ_1 GVKEY, INDFMT, CONSOL, DATAFMT, DATADATE LSEG Quantitative Analytics Database Schema for Compustat North America Data 147",146,147
qa_database_schema_compustat_na_v1_1_5_2022_02_21,QA Database Schema - Compustat NA v1.1.5 (2022-02-21).pdf,CSIACoPnFntYTD,Inactive Company Year-to-Date Pension and | This table contains information for inactive company year-to-date pension and post-retirement footnotes.,Daily,No,"pkey_CSIACOPNFNTYTD (Clustered) GVKEY, DATADATE, INDFMT, CONSOL, FYR, DATAFMT CSIACOPNFNTYTD_1 GVKEY, INDFMT, CONSOL, DATAFMT, DATADATE LSEG Quantitative Analytics Database Schema for Compustat North America Data 148",147,148
qa_database_schema_compustat_na_v1_1_5_2022_02_21,QA Database Schema - Compustat NA v1.1.5 (2022-02-21).pdf,CSIACoPnFndA,Inactive Company Annual and Post-Retirement | This table contains information for inactive company annual and post-retirement data.,Daily,No,"pkey_CSIACOPNFNDA (Clustered) GVKEY, DATADATE, INDFMT, DATAFMT, CONSOL, Item CSIACOPNFNDA_1 GVKEY, Item, DATADATE CSIACOPNFNDA_2 GVKEY, INDFMT, DATAFMT, CONSOL, Item, DATADATE LSEG Quantitative Analytics Database Schema for Compustat North America Data 149 17 Compustat XF Daily Pension Historical Research",148,149
qa_database_schema_compustat_na_v1_1_5_2022_02_21,QA Database Schema - Compustat NA v1.1.5 (2022-02-21).pdf,CSIBkCoPnFntA,Inactive Annual Pension Footnotes Historical | This table containsh information for historical inactive annual pension footnotes.,Daily,No,,149,149
qa_database_schema_compustat_na_v1_1_5_2022_02_21,QA Database Schema - Compustat NA v1.1.5 (2022-02-21).pdf,CSIBkCoPnFndA,Inactive Company Annual and Post-Retirement | This table contains information for historical inactive company annual and post-retirement data.,Daily,No,"pkey_CSIBKCOPNFNTA (Clustered) GVKEY, DATADATE, INDFMT, DATAFMT, CONSOL, Item CSIBKCOPNFNTA_1 GVKEY, Item, DATADATE CSIBKCOPNFNTA_2 GVKEY, INDFMT, DATAFMT, CONSOL, Item, DATADATE CSIBKCOPNFNTA_3 GVKEY, INDFMT, DATAFMT, CONSOL, DATADATE pkey_CSIBKCOPNFNDA (Clustered) GVKEY, DATADATE, INDFMT, DATAFMT, CONSOL, Item CSIBKCOPNFNDA_1 GVKEY, Item, DATADATE CSIBKCOPNFNDA_2 GVKEY, INDFMT, DATAFMT, CONSOL, Item, DATADATE LSEG Quantitative Analytics Database Schema for Compustat North America Data 150",149,151
qa_database_schema_compustat_na_v1_1_5_2022_02_21,QA Database Schema - Compustat NA v1.1.5 (2022-02-21).pdf,Research,,,,,151,151
qa_database_schema_compustat_na_v1_1_5_2022_02_21,QA Database Schema - Compustat NA v1.1.5 (2022-02-21).pdf,CSIACoIndFntA,Inactive Annual Industry Statistics Footnotes | This table contains information for inactive annual industry statistics footnotes.,Daily,No,,151,151
qa_database_schema_compustat_na_v1_1_5_2022_02_21,QA Database Schema - Compustat NA v1.1.5 (2022-02-21).pdf,CSIACoIndStQC,Inactive Quarterly Industry Statistics | This table contains information for inactive quarterly industry statistics.,Daily,Yes,"pkey_CSIACOINDFNTA (Clustered) GVKEY, DATADATE, INDFMT, DATAFMT, CONSOL, Item CSIACOINDFNTA_1 GVKEY, Item, DATADATE CSIACOINDFNTA_2 GVKEY, INDFMT, DATAFMT, CONSOL, Item, DATADATE CSIACOINDFNTA_3 GVKEY, INDFMT, DATAFMT, CONSOL, DATADATE pkey_CSIACOINDSTQC (Clustered) KeyCode, Item CSIACOINDSTQC_1 KeyCode LSEG Quantitative Analytics Database Schema for Compustat North America Data 152",151,152
qa_database_schema_compustat_na_v1_1_5_2022_02_21,QA Database Schema - Compustat NA v1.1.5 (2022-02-21).pdf,CSIACoIndStQP,Inactive Company Quarterly Industry Statistics | This table contains information for inactive company quarterly industry statistics.,Daily,Yes,"pkey_CSIACOINDSTQP (Clustered) GVKEY, DATADATE, INDFMT, CONSOL, FYR, DATAFMT, KEYCODE CSIACOINDSTQP_1 GVKEY, DATADATE, INDFMT, CONSOL, FYR, DATAFMT CSIACOINDSTQP_2 KEYCODE CSIACOINDSTQP_3 GVKEY, INDFMT, CONSOL, DATAFMT, DATADATE, KEYCODE LSEG Quantitative Analytics Database Schema for Compustat North America Data 153",152,153
qa_database_schema_compustat_na_v1_1_5_2022_02_21,QA Database Schema - Compustat NA v1.1.5 (2022-02-21).pdf,CSIACoIndStA,Inactive Annual Industry Statistics Historical | This table contains information for historical inactive annual industry statistics.,Daily,No,,153,153
qa_database_schema_compustat_na_v1_1_5_2022_02_21,QA Database Schema - Compustat NA v1.1.5 (2022-02-21).pdf,CSIACoIndFntQ,Inactive Quarterly Industry Statistics Footnotes | This table contains information for inactive quarterly industry statistics footnotes.,Daily Adjusted: No,,"pkey_CSIACOINDSTA (Clustered) GVKEY, DATADATE, INDFMT, DATAFMT, CONSOL, Item CSIACOINDSTA_1 GVKEY, Item, DATADATE CSIACOINDSTA_2 GVKEY, INDFMT, DATAFMT, CONSOL, Item, DATADATE pkey_CSIACOINDFNTQ (Clustered) GVKEY, DATADATE, INDFMT, CONSOL, FYR, DATAFMT, Item CSIACOINDFNTQ_1 GVKEY, Item, DATADATE CSIACOINDFNTQ_2 GVKEY, INDFMT, CONSOL, DATAFMT, Item, DATADATE CSIACOINDFNTQ_3 GVKEY, INDFMT, CONSOL, DATAFMT, DATADATE LSEG Quantitative Analytics Database Schema for Compustat North America Data 154",153,154
qa_database_schema_compustat_na_v1_1_5_2022_02_21,QA Database Schema - Compustat NA v1.1.5 (2022-02-21).pdf,CSIACoIndFntYTD,Inactive Year-to-Date Industry Statistics,,,,154,154
qa_database_schema_compustat_na_v1_1_5_2022_02_21,QA Database Schema - Compustat NA v1.1.5 (2022-02-21).pdf,Footnotes,This table contains information for inactive year-to-date industry statistics footnotes.,Daily,No,,154,154
qa_database_schema_compustat_na_v1_1_5_2022_02_21,QA Database Schema - Compustat NA v1.1.5 (2022-02-21).pdf,CSIACoIndStYTD,Inactive Year-to-Date Industry Statistics | This table contains information for inactive year-to-date industry statistics.,Daily,No,"pkey_CSIACOINDFNTYTD (Clustered) GVKEY, DATADATE, INDFMT, CONSOL, FYR, DATAFMT, Item CSIACOINDFNTYTD_1 GVKEY, Item, DATADATE CSIACOINDFNTYTD_2 GVKEY, INDFMT, CONSOL, DATAFMT, Item, DATADATE CSIACOINDFNTYTD_3 GVKEY, INDFMT, CONSOL, DATAFMT, DATADATE pkey_CSIACOINDSTYTD (Clustered) GVKEY, DATADATE, INDFMT, CONSOL, FYR, DATAFMT, Item CSIACOINDSTYTD_1 GVKEY, Item, DATADATE CSIACOINDSTYTD_2 GVKEY, INDFMT, CONSOL, DATAFMT, Item, DATADATE CSIACOINDSTYTD_3 GVKEY, INDFMT, CONSOL, DATAFMT, DATADATE CSIACOINDSTYTD_4 GVKEY, INDFMT, CONSOL, Item, DATADATE, DATAFMT LSEG Quantitative Analytics Database Schema for Compustat North America Data 155",154,156
qa_database_schema_compustat_na_v1_1_5_2022_02_21,QA Database Schema - Compustat NA v1.1.5 (2022-02-21).pdf,CSIBkCoINDFNTA,Inactive Annual Industry Statistics Footnotes,,,,156,156
qa_database_schema_compustat_na_v1_1_5_2022_02_21,QA Database Schema - Compustat NA v1.1.5 (2022-02-21).pdf,Historical,This table contains information for historical inactive annual industry statistics footnotes.,Daily,No,,156,156
qa_database_schema_compustat_na_v1_1_5_2022_02_21,QA Database Schema - Compustat NA v1.1.5 (2022-02-21).pdf,CSIBkCoINDSTQC,Inactive Quarterly Industry Statistics Historical | This table contains information for historical inactive quarterly industry statistics.,Daily,Yes,"pkey_CSIBKCOINDFNTA (Clustered) GVKEY, DATADATE, INDFMT, DATAFMT, CONSOL, Item CSIBKCOINDFNTA_1 GVKEY, Item, DATADATE CSIBKCOINDFNTA_2 GVKEY, INDFMT, DATAFMT, CONSOL, Item, DATADATE CSIBKCOINDFNTA_3 GVKEY, INDFMT, DATAFMT, CONSOL, DATADATE pkey_CSIBKCOINDSTQC (Clustered) KeyCode, Item CSIBKCOINDSTQC_1 KeyCode LSEG Quantitative Analytics Database Schema for Compustat North America Data 157",156,157
qa_database_schema_compustat_na_v1_1_5_2022_02_21,QA Database Schema - Compustat NA v1.1.5 (2022-02-21).pdf,CSIBkCoINDSTQP,Inactive Company Quarterly Industry Statistics,,,,157,157
qa_database_schema_compustat_na_v1_1_5_2022_02_21,QA Database Schema - Compustat NA v1.1.5 (2022-02-21).pdf,Historical,This table contains information for historical inactive company quarterly industry statistics.,Daily,Yes,"pkey_CSIBKCOINDSTQP (Clustered) GVKEY, DATADATE, INDFMT, CONSOL, FYR, DATAFMT, KEYCODE CSIBKCOINDSTQP_1 GVKEY, DATADATE, INDFMT, CONSOL, FYR, DATAFMT CSIBKCOINDSTQP_2 KEYCODE CSIBKCOINDSTQP_3 GVKEY, INDFMT, CONSOL, DATAFMT, DATADATE, KEYCODE LSEG Quantitative Analytics Database Schema for Compustat North America Data 158",157,158
qa_database_schema_compustat_na_v1_1_5_2022_02_21,QA Database Schema - Compustat NA v1.1.5 (2022-02-21).pdf,CSIBkCoINDFNTQ,Inactive Quarterly Industry Statistics Footnotes,,,,158,158
qa_database_schema_compustat_na_v1_1_5_2022_02_21,QA Database Schema - Compustat NA v1.1.5 (2022-02-21).pdf,Historical,This table contains information for historical inactive quarterly industry statistics footnotes.,Daily,No,,158,158
qa_database_schema_compustat_na_v1_1_5_2022_02_21,QA Database Schema - Compustat NA v1.1.5 (2022-02-21).pdf,CSIBkCoINDFNTYTD,Inactive Year-to-Date Industry Statistics | This table contains information for historical inactive year-to-date industry statistics footnotes.,Daily,No,"pkey_CSIBKCOINDFNTQ (Clustered) GVKEY, DATADATE, INDFMT, CONSOL, FYR, DATAFMT, Item CSIBKCOINDFNTQ_1 GVKEY, Item, DATADATE CSIBKCOINDFNTQ_2 GVKEY, INDFMT, CONSOL, DATAFMT, Item, DATADATE CSIBKCOINDFNTQ_3 GVKEY, INDFMT, CONSOL, DATAFMT, DATADATE pkey_CSIBKCOINDFNTYTD (Clustered) GVKEY, DATADATE, INDFMT, CONSOL, FYR, DATAFMT, Item CSIBKCOINDFNTYTD_1 GVKEY, Item, DATADATE CSIBKCOINDFNTYTD_2 GVKEY, INDFMT, CONSOL, DATAFMT, Item, DATADATE CSIBKCOINDFNTYTD_3 GVKEY, INDFMT, CONSOL, DATAFMT, DATADATE LSEG Quantitative Analytics Database Schema for Compustat North America Data 159",158,159
qa_database_schema_compustat_na_v1_1_5_2022_02_21,QA Database Schema - Compustat NA v1.1.5 (2022-02-21).pdf,CSIBkCoINDSTA,Inactive Annual Industry Statistics Historical | This table contains information for historical inactive annual industry statistics.,,,,159,159
qa_database_schema_compustat_na_v1_1_5_2022_02_21,QA Database Schema - Compustat NA v1.1.5 (2022-02-21).pdf,CSIBkCoINDSTYTD,Inactive Year-to-Date Industry Statistics,,,,159,159
qa_database_schema_compustat_na_v1_1_5_2022_02_21,QA Database Schema - Compustat NA v1.1.5 (2022-02-21).pdf,Historical,This table contains information for historical inactive year-to-date industry statistics.,Daily,No,"pkey_CSIBKCOINDSTA (Clustered) GVKEY, DATADATE, INDFMT, DATAFMT, CONSOL, Item CSIBKCOINDSTA_1 GVKEY, Item, DATADATE CSIBKCOINDSTA_2 GVKEY, INDFMT, DATAFMT, CONSOL, Item. DATADATE pkey_CSIBKCOINDSTYTD (Clustered) GVKEY, DATADATE, INDFMT, CONSOL, FYR, DATAFMT, Item CSIBKCOINDSTYTD_1 GVKEY, Item, DATADATE CSIBKCOINDSTYTD_2 GVKEY, INDFMT, CONSOL, DATAFMT, Item, DATADATE CSIBKCOINDSTYTD_3 GVKEY, INDFMT, CONSOL, DATAFMT, DATADATE CSIBKCOINDSTYTD_4 GVKEY, INDFMT, CONSOL, Item, DATADATE DATAFMT LSEG Quantitative Analytics Database Schema for Compustat North America Data 160",159,161
qa_database_schema_compustat_na_v1_1_5_2022_02_21,QA Database Schema - Compustat NA v1.1.5 (2022-02-21).pdf,CSIADSPRate,Inactive S&P Ratings – Monthly | This table contains information for monthly inactive S&P ratings.,Daily,No,"pkey_CSIADSPRATE (Clustered) GVKEY, DATADATE LSEG Quantitative Analytics Database Schema for Compustat North America Data 162 21 Compustat XF Daily Current Issuer Credit Ratings Research",161,162
qa_database_schema_compustat_na_v1_1_5_2022_02_21,QA Database Schema - Compustat NA v1.1.5 (2022-02-21).pdf,CSIADSPRateC,S&P Ratings – Current | This table contains information for current S&P ratings.,Daily,No,pkey_CSIADSPRATEC (Clustered) GVKEY LSEG Quantitative Analytics Database Schema for Compustat North America Data 163 22 Compustat Xpressfeed Point-in-Time,162,163
qa_database_schema_compustat_na_v1_1_5_2022_02_21,QA Database Schema - Compustat NA v1.1.5 (2022-02-21).pdf,CSPITAdj,Compustat PIT Adjustment | This table contains Compustat PIT adjustment information.,Monthly,No,,163,163
qa_database_schema_compustat_na_v1_1_5_2022_02_21,QA Database Schema - Compustat NA v1.1.5 (2022-02-21).pdf,CSPITAdjC,Compustat PIT Adjustment—Canadian | This table contains Compustat PIT Canadian adjustment information.,Monthly,No,,163,163
qa_database_schema_compustat_na_v1_1_5_2022_02_21,QA Database Schema - Compustat NA v1.1.5 (2022-02-21).pdf,CSPITCmp,Compustat PIT Companies | This table contains information for Compustat PIT companies.,Monthly,No,"pkey_Cspitadj (Clustered) GvKey, Pointdate, Datadate pkey_Cspitadjc (Clustered) GvKey, Pointdate, Datadate pkey_Cspitcmp (Clustered) GvKey Cspitcmp_CoNm CoNm, GvKey Cspitcmp_Cusip Cusip, GvKey Cspitcmp_Tic Tic, GvKey LSEG Quantitative Analytics Database Schema for Compustat North America Data 164",163,164
qa_database_schema_compustat_na_v1_1_5_2022_02_21,QA Database Schema - Compustat NA v1.1.5 (2022-02-21).pdf,CSPITCmpC,Compustat PIT Companies—Canadian | This table contains information for Compustat PIT Canadian companies.,Monthly,No,,164,164
qa_database_schema_compustat_na_v1_1_5_2022_02_21,QA Database Schema - Compustat NA v1.1.5 (2022-02-21).pdf,CSPITDFnd,Compustat PIT As First Reported and Fully Restated | This table contains information for Compustat PIT as first reported and fully restated data.,Monthly,No,"pkey_Cspitcmpc (Clustered) GvKey Cspitcmpc_CoNm CoNm, GvKey Cspitcmpc_Cusip Cusip, GvKey Cspitcmpc_Tic Tic, GvKey pkey_Cspitdfnd (Clustered) Item, GvKey, Pointdate, Datadate, Valuetype LSEG Quantitative Analytics Database Schema for Compustat North America Data 165",164,165
qa_database_schema_compustat_na_v1_1_5_2022_02_21,QA Database Schema - Compustat NA v1.1.5 (2022-02-21).pdf,CSPITDFndC,Compustat PIT As First Reported and Fully Restated | This table contains information for Compustat PIT Canadian as first reported and fully restated data.,Monthly,No,"pkey_Cspitdfndc (Clustered) Item, GvKey, Pointdate, Datadate, Valuetype LSEG Quantitative Analytics Database Schema for Compustat North America Data 166",165,166
qa_database_schema_compustat_na_v1_1_5_2022_02_21,QA Database Schema - Compustat NA v1.1.5 (2022-02-21).pdf,CSPITDHstFnd,Compustat PIT Historically Restated Data | This table contains information for Compustat PIT historically restated data. | Historical restatements will be recorded in this table if interim restatements exist between AFR and final. The full history of,Monthly,No,,166,166
qa_database_schema_compustat_na_v1_1_5_2022_02_21,QA Database Schema - Compustat NA v1.1.5 (2022-02-21).pdf,CSPITDHstFndC,Compustat PIT Historically Restated Data—,,,,166,166
qa_database_schema_compustat_na_v1_1_5_2022_02_21,QA Database Schema - Compustat NA v1.1.5 (2022-02-21).pdf,Canadian,This table contains information for Compustat PIT Canadian historically restated data.,Monthly,No,"pkey_Cspitdhstfnd (Clustered) Item, GvKey, Pointdate, Datadate, Valuetype pkey_Cspitdhstfndc (Clustered) Item, GvKey, Pointdate, Datadate, Valuetype LSEG Quantitative Analytics Database Schema for Compustat North America Data 167",166,167
qa_database_schema_compustat_na_v1_1_5_2022_02_21,QA Database Schema - Compustat NA v1.1.5 (2022-02-21).pdf,CSPITFn,Compustat PIT Footnotes | This table contains information for Compustat PIT footnotes.,Monthly,No,,167,167
qa_database_schema_compustat_na_v1_1_5_2022_02_21,QA Database Schema - Compustat NA v1.1.5 (2022-02-21).pdf,CSPITFnC,Compustat PIT Footnotes—Canadian | This table contains information for Compustat PIT Canadian footnotes.,Monthly,No,"pkey_Cspitfn (Clustered) Category, GvKey, Item, Datadate, Pointdate, Valuetype pkey_Cspitfnc (Clustered) Category, GvKey, Item, Datadate, Pointdate, Valuetype LSEG Quantitative Analytics Database Schema for Compustat North America Data 168",167,168
qa_database_schema_compustat_na_v1_1_5_2022_02_21,QA Database Schema - Compustat NA v1.1.5 (2022-02-21).pdf,CSPITFndInfo,Compustat PIT Fully Restated Dates Information | This table contains Compustat PIT fully restated dates information.,Monthly,No,,168,168
qa_database_schema_compustat_na_v1_1_5_2022_02_21,QA Database Schema - Compustat NA v1.1.5 (2022-02-21).pdf,CSPITFndInfoC,Compustat PIT Fully Restated Dates Information—,,,,168,168
qa_database_schema_compustat_na_v1_1_5_2022_02_21,QA Database Schema - Compustat NA v1.1.5 (2022-02-21).pdf,Canadian,This table contains Compustat PIT Canadian fully restated dates information.,Monthly,No,"pkey_Cspitfndinfo (Clustered) Category, GvKey, Datadate, Pointdate Cspitfndinfo_Category Category, GvKey, Year_, Qtr, Pointdate pkey_Cspitfndinfoc (Clustered) Category, GvKey, Datadate, Pointdate Cspitfndinfoc_Category Category, GvKey, Year_, Qtr, Pointdate LSEG Quantitative Analytics Database Schema for Compustat North America Data 169",168,169
qa_database_schema_compustat_na_v1_1_5_2022_02_21,QA Database Schema - Compustat NA v1.1.5 (2022-02-21).pdf,CSPITHFndInfo,Compustat PIT Historical Dates Information | This table contains Compustat PIT historical dates information.,Monthly,No,,169,169
qa_database_schema_compustat_na_v1_1_5_2022_02_21,QA Database Schema - Compustat NA v1.1.5 (2022-02-21).pdf,CSPITHFndInfoC,Compustat PIT Historical Dates Information—,,,,169,169
qa_database_schema_compustat_na_v1_1_5_2022_02_21,QA Database Schema - Compustat NA v1.1.5 (2022-02-21).pdf,Canadian,This table contains Compustat PIT Canadian historical dates information.,Monthly,No,"pkey_Cspithfndinfo (Clustered) Category, GvKey, Datadate, Pointdate Cspithfndinfo_Category Category, GvKey, Year_, Qtr, Pointdate pkey_Cspithfndinfoc (Clustered) Category, GvKey, Datadate, Pointdate Cspithfndinfoc_Category Category, GvKey, Year_, Qtr, Pointdate LSEG Quantitative Analytics Database Schema for Compustat North America Data 170",169,170
qa_database_schema_compustat_na_v1_1_5_2022_02_21,QA Database Schema - Compustat NA v1.1.5 (2022-02-21).pdf,CSPITId,Compustat PIT Historical Identification Information | This table contains Compustat PIT historical identification information.,Monthly,No,,170,170
qa_database_schema_compustat_na_v1_1_5_2022_02_21,QA Database Schema - Compustat NA v1.1.5 (2022-02-21).pdf,CSPITIdC,Compustat PIT Historical Identification Information—,,,,170,170
qa_database_schema_compustat_na_v1_1_5_2022_02_21,QA Database Schema - Compustat NA v1.1.5 (2022-02-21).pdf,Canadian,This table contains Compustat PIT Canadian historical identification information.,Monthly,No,"pkey_Cspitid (Clustered) GvKey, Changedate pkey_Cspitidc (Clustered) GvKey, Changedate LSEG Quantitative Analytics Database Schema for Compustat North America Data 171",170,171
qa_database_schema_compustat_na_v1_1_5_2022_02_21,QA Database Schema - Compustat NA v1.1.5 (2022-02-21).pdf,CSPITItem,Compustat PIT Item Information | This table contains Compustat PIT item information.,Monthly,No,,171,171
qa_database_schema_compustat_na_v1_1_5_2022_02_21,QA Database Schema - Compustat NA v1.1.5 (2022-02-21).pdf,date,,,,,171,171
qa_database_schema_compustat_na_v1_1_5_2022_02_21,QA Database Schema - Compustat NA v1.1.5 (2022-02-21).pdf,CSPITMnt,Compustat PIT Monthly Tag Information | This table contains Compustat PIT monthly tag information.,Monthly,No,"pkey_Cspititem (Clustered) Mnemonic Cspititem_Desc_ Desc_, Mnemonic Cspititem_Number Number Cspititem_Synonym Synonym, Mnemonic pkey_Cspitmnt (Clustered) GvKey, Pointdate, QtrDate Cspitmnt_GvKey GvKey, Pointdate, Qtr, Year_ Cspitmnt_Pointdate GvKey, Pointdate, Qtrsback LSEG Quantitative Analytics Database Schema for Compustat North America Data 172",171,172
qa_database_schema_compustat_na_v1_1_5_2022_02_21,QA Database Schema - Compustat NA v1.1.5 (2022-02-21).pdf,CSPITMntC,Compustat PIT Monthly Tag Information—Canadian | This table contains Compustat PIT Canadian monthly tag information.,Monthly,No,,172,172
qa_database_schema_compustat_na_v1_1_5_2022_02_21,QA Database Schema - Compustat NA v1.1.5 (2022-02-21).pdf,CSPITPQtr,Compustat PIT Quarterly Tag Information | This table contains Compustat PIT quarterly tag information.,Monthly,No,"pkey_Cspitmntc (Clustered) GvKey, Pointdate, QtrDate Cspitmntc_GvKey GvKey, Pointdate, Qtr, Year_ Cspitmntc_Pointdate GvKey, Pointdate, Qtrsback pkey_Cspitpqtr (Clustered) Gvkey, Datadate Cspitpqtr_GvKey Gvkey, QtrYear, FQtr LSEG Quantitative Analytics Database Schema for Compustat North America Data 173",172,174
qa_database_schema_compustat_na_v1_1_5_2022_02_21,QA Database Schema - Compustat NA v1.1.5 (2022-02-21).pdf,CSPITPQtrC,Compustat PIT Quarterly Tag Information—Canadian | This table contains Compustat PIT Canadian quarterly tag information.,Monthly,No,"pkey_Cspitpqtrc (Clustered) Gvkey, Datadate Cspitpqtrc_GvKey Gvkey, QtrYear, FQtr LSEG Quantitative Analytics Database Schema for Compustat North America Data 175 23 Compustat Xpressfeed",174,175
qa_database_schema_compustat_na_v1_1_5_2022_02_21,QA Database Schema - Compustat NA v1.1.5 (2022-02-21).pdf,Backtest,,,,,175,175
qa_database_schema_compustat_na_v1_1_5_2022_02_21,QA Database Schema - Compustat NA v1.1.5 (2022-02-21).pdf,CSBData,Compustat Quarterly As First Reported Data | This table contains information for Compustat quarterly as first reported data.,Monthly (vendor releases first week of the month),Yes,,175,175
qa_database_schema_compustat_na_v1_1_5_2022_02_21,QA Database Schema - Compustat NA v1.1.5 (2022-02-21).pdf,CSBFtn,Compustat AFR Footnotes | This table contains information for Compustat AFR footnotes.,Monthly (vendor releases 1st week of the month),N/A,"pkey_csbdata (Clustered) Code, Item, Date_ pkey_csbftn (Clustered) Item, Code LSEG Quantitative Analytics Database Schema for Compustat North America Data 176",175,176
qa_database_schema_compustat_na_v1_1_5_2022_02_21,QA Database Schema - Compustat NA v1.1.5 (2022-02-21).pdf,CSBItem,Compustat AFR Items | This table contains information for Compustat AFR items.,Updated only when new items are released from the vendor,N/A,,176,176
qa_database_schema_compustat_na_v1_1_5_2022_02_21,QA Database Schema - Compustat NA v1.1.5 (2022-02-21).pdf,CSBPrD,Compustat AFR Period Dates | This table contains information for Compustat AFR period dates.,Monthly (vendor releases 1st week of the month),Yes,"pkey_csbitem (Clustered) Mnemonic csbitem_Name Name csbitem_Number Number csbitem_Synonym Synonym pkey_csbprd (Clustered) Code, EndDate csbprd_cyr Code, CYr, CQtr csbprd_fyr Code, FYr, FQtr LSEG Quantitative Analytics Database Schema for Compustat North America Data 177",176,178
qa_database_schema_compustat_na_v1_1_5_2022_02_21,QA Database Schema - Compustat NA v1.1.5 (2022-02-21).pdf,CSPDesc,Compustat Preliminary Data Coded Item Descriptions | This table contains information for Compustat preliminary data coded item descriptions.,N/A,N/A,,178,178
qa_database_schema_compustat_na_v1_1_5_2022_02_21,QA Database Schema - Compustat NA v1.1.5 (2022-02-21).pdf,CSPItem,Compustat Preliminary Data Item Descriptions | This table contains information for Compustat preliminary data item descriptions.,N/A,N/A,"pkey_cspdesc (Clustered) Item, Value_ pkey_cspitem (Clustered) Mnemonic cspitem_Name Name cspitem_Number Number cspitem_Synonym Synonym LSEG Quantitative Analytics Database Schema for Compustat North America Data 179",178,179
qa_database_schema_compustat_na_v1_1_5_2022_02_21,QA Database Schema - Compustat NA v1.1.5 (2022-02-21).pdf,CSPNData,Compustat Preliminary Numeric Data | This table contains information for Compustat preliminary numeric data.,N/A,N/A,,179,179
qa_database_schema_compustat_na_v1_1_5_2022_02_21,QA Database Schema - Compustat NA v1.1.5 (2022-02-21).pdf,CSPPrD,Compustat Preliminary Periods Data | This table contains information for Compustat preliminary periods data.,N/A,N/A,"pkey_cspndata (Clustered) GvKey, Item, Prelim, Date_ pkey_cspprd (Clustered) GvKey, Freq, EndDate cspprd_cyr GvKey, Freq, CYr, CQtr cspprd_fyr GvKey, Freq, FYr, FQtr LSEG Quantitative Analytics Database Schema for Compustat North America Data 180",179,180
qa_database_schema_compustat_na_v1_1_5_2022_02_21,QA Database Schema - Compustat NA v1.1.5 (2022-02-21).pdf,CSPSData,Compustat Preliminary String Data | This table contains information for Compustat preliminary string data.,N/A,N/A,"pkey_cspsdata (Clustered) GvKey, Item, Prelim, Date_ LSEG Quantitative Analytics Database Schema for Compustat North America Data 181 25 Compustat FTP Basic Data NOTE This data was discontinued by S&P in 2007; it has been replaced by Xpressfeed. If you subscribe to Compustat Daily, consult CSDlyFnd first for the most current data. It is possible that CSDlyFnd contains the last data point of the historical database or the most recently released quarterly/annual/monthly data. Consult Compustat documentation for a list of available data items.",180,181
qa_database_schema_compustat_na_v1_1_5_2022_02_21,QA Database Schema - Compustat NA v1.1.5 (2022-02-21).pdf,CSDacPDE,Compustat U.S. Industrial Annual (with data codes) | This table contains Compustat U.S. industrial annual information.,Weekly (vendor releases files Friday; updates go out the following Monday evening),Yes,,181,181
qa_database_schema_compustat_na_v1_1_5_2022_02_21,QA Database Schema - Compustat NA v1.1.5 (2022-02-21).pdf,CSCdnPDE,Compustat Canadian Price Dividends and Earnings | This table contains information for Compustat Canadian price dividends and earnings.,Weekly (vendor releases files Friday; updates go out the following Monday evening),Yes,"pkey_csdacpde (Clustered) Code, Item, Date_ pkey_cscdnpde (Clustered) Item, Code, Date_ LSEG Quantitative Analytics Database Schema for Compustat North America Data 182",181,182
qa_database_schema_compustat_na_v1_1_5_2022_02_21,QA Database Schema - Compustat NA v1.1.5 (2022-02-21).pdf,CSDescr,Compustat Business Descriptions | This table contains information for Compustat business descriptions.,N/A,N/A,,182,182
qa_database_schema_compustat_na_v1_1_5_2022_02_21,QA Database Schema - Compustat NA v1.1.5 (2022-02-21).pdf,CSIndPDE,Compustat U.S. Industrial Price Dividends and Earnings | This table contains information for Compustat U.S. industrial price dividends and earnings.,Weekly (vendor releases files Friday; updates go out the following Monday evening),Yes,,182,182
qa_database_schema_compustat_na_v1_1_5_2022_02_21,QA Database Schema - Compustat NA v1.1.5 (2022-02-21).pdf,CSSgCmp,Compustat Segment Company | This table contains Compustat segments company information.,Weekly (vendor releases files Friday; updates go out the following Monday evening),Yes,"pkey_csdescr (Clustered) Code, Number pkey_csindpde (Clustered) Item, Code, Date_ pkey_cssgcmp (Clustered) Gvkey cssgcmp_Cusip Cusip cssgcmp_Tic Tic LSEG Quantitative Analytics Database Schema for Compustat North America Data 183",182,183
qa_database_schema_compustat_na_v1_1_5_2022_02_21,QA Database Schema - Compustat NA v1.1.5 (2022-02-21).pdf,CSSgCst,Compustat Segment Customer | This table contains Compustat segment customer information.,Weekly (vendor releases files Friday; updates go out the following Monday evening),Yes,,183,183
qa_database_schema_compustat_na_v1_1_5_2022_02_21,QA Database Schema - Compustat NA v1.1.5 (2022-02-21).pdf,CSSgCur,Compustat Segment Currency Rate | This table contains Compustat segment currency rate information.,Weekly (vendor releases files Friday; updates go out the following Monday evening),Yes,"pkey_cssgcst (Clustered) Gvkey, Recnum cssgcst_Date_ Gvkey, Date_, Cid pkey_cssgcur (Clustered) Gvkey, Date_ LSEG Quantitative Analytics Database Schema for Compustat North America Data 184",183,184
qa_database_schema_compustat_na_v1_1_5_2022_02_21,QA Database Schema - Compustat NA v1.1.5 (2022-02-21).pdf,CSSgDtl,Compustat Segment Detail | This table contains Compustat segment detail information.,Weekly (vendor releases files Friday; updates go out the following Monday evening),Yes,,184,184
qa_database_schema_compustat_na_v1_1_5_2022_02_21,QA Database Schema - Compustat NA v1.1.5 (2022-02-21).pdf,CSSgGeo,Compustat Segment Geographic Area Codes | This table contains information for Compustat segment geographic area codes.,Weekly (vendor releases files Friday; updates go out the following Monday evening),Yes,"pkey_cssgdtl (Clustered) Gvkey, Recnum cssgdtl_Date_ Gvkey, Date_, Stype, Sid pkey_cssggeo (Clustered) Gvkey, Recnum cssggeo_Date_ Gvkey, Date_, Stype, Sid, Sgeocd LSEG Quantitative Analytics Database Schema for Compustat North America Data 185",184,185
qa_database_schema_compustat_na_v1_1_5_2022_02_21,QA Database Schema - Compustat NA v1.1.5 (2022-02-21).pdf,CSSgItm,Compustat Segment Item Value | This table contains Compustat segment item value information.,Weekly (vendor releases files Friday; updates go out the following Monday evening),Yes,"pkey_cssgitm (Clustered) Gvkey, Recnum cssgitm_Date_ Gvkey, Date_, Stype, Sid, Datadate LSEG Quantitative Analytics Database Schema for Compustat North America Data 186",185,186
qa_database_schema_compustat_na_v1_1_5_2022_02_21,QA Database Schema - Compustat NA v1.1.5 (2022-02-21).pdf,CSSgNAI,Compustat Segment NAICS | This table contains Compustat segment NAICS information.,Weekly (vendor releases files Friday; updates go out the following Monday evening),Yes,,186,186
qa_database_schema_compustat_na_v1_1_5_2022_02_21,QA Database Schema - Compustat NA v1.1.5 (2022-02-21).pdf,CSSgPrd,Compustat Segment Products | This table contains information for Compustat segment products.,"Weekly (vendor releases files Friday, updates go out the following Monday evening)",Yes,"pkey_cssgnai (Clustered) Gvkey, Recnum cssgnai_Date_ Gvkey, Date_, Stype, Sid, Rank pkey_cssgprd (Clustered) Gvkey, Recnum cssgprd_Date_ Gvkey, Date_, Pdid LSEG Quantitative Analytics Database Schema for Compustat North America Data 187",186,187
qa_database_schema_compustat_na_v1_1_5_2022_02_21,QA Database Schema - Compustat NA v1.1.5 (2022-02-21).pdf,CSSgSrc,Compustat Segment Source | This table contains Compustat segment source information.,Weekly (vendor releases files Friday; updates go out the following Monday evening),Yes,"pkey_cssgsrc (Clustered) Gvkey, Date_ LSEG Quantitative Analytics Database Schema for Compustat North America Data 188 26 Compustat FTP Research (Legacy)",187,188
qa_database_schema_compustat_na_v1_1_5_2022_02_21,QA Database Schema - Compustat NA v1.1.5 (2022-02-21).pdf,CSResPDE,Compustat Research Price Dividends and Earnings | This table contains information for Compustat research price dividends and earnings.,Monthly (vendor releases files third Friday of the month; updates go out the following Monday,Yes,"pkey_csrespde (Clustered) Item, Code, Date_ LSEG Quantitative Analytics Database Schema for Compustat Global Data Copyright © 2024 London Stock Exchange Group plc and its group of companies (LSEG) and/or its affiliates. All rights reserved. The LSEG content received through this service is the intellectual property of LSEG or its third party suppliers. Republication or redistribution of content provided by LSEG is expressly prohibited without the prior written consent of LSEG, except where permitted by the terms of the relevant LSEG service agreement. Neither LSEG nor its third party suppliers shall be liable for any errors, omissions or delays in content, or for any actions taken in reliance thereon. LSEG and its logo are trademarks of LSEG. For more information visit us at www.lseg.com",188,189
qa_database_schema_core_tables_v1_1_2024_02_28,QA Database Schema - Core Tables v1.1 (2024-02-28).pdf,SecCspChgX,Security CUSIP Change History | This table provides CUSIP change history for each domestic master security.,Daily,N/A,"Pkey_SecCspChgX (Clustered) SecCode, StartDate",9,9
qa_database_schema_core_tables_v1_1_2024_02_28,QA Database Schema - Core Tables v1.1 (2024-02-28).pdf,SecMapX,North American Security Map | This table provides mapping to vendor codes including ranking and time series.,Daily Adjusted: N/A,,"pkey_SecMapX (Clustered) SecCode, VenType, Rank",9,11
qa_database_schema_core_tables_v1_1_2024_02_28,QA Database Schema - Core Tables v1.1 (2024-02-28).pdf,AxSedolChg,,,,,11,11
qa_database_schema_core_tables_v1_1_2024_02_28,QA Database Schema - Core Tables v1.1 (2024-02-28).pdf,SecId,,,,,11,11
qa_database_schema_core_tables_v1_1_2024_02_28,QA Database Schema - Core Tables v1.1 (2024-02-28).pdf,SecMstrX,"North American Security Master | This table returns the North American master security record from the ID, CUSIP, SEDOL, or ISIN. It also | (prc.prcinfo/cprcinfo) or Datastream table (DS2CtryQtInfo) depending on",Daily,N/A,"pkey_SecMstrX (Clustered) SecCode, Type_",11,12
qa_database_schema_core_tables_v1_1_2024_02_28,QA Database Schema - Core Tables v1.1 (2024-02-28).pdf,SecSdlChgX,Security Master Primary SEDOL Change History | This table provides SEDOL change history for each North American master security.,Daily,N/A,"Pkey_SecSdlChgX (Clustered) SecCode, StartDate",12,12
qa_database_schema_core_tables_v1_1_2024_02_28,QA Database Schema - Core Tables v1.1 (2024-02-28).pdf,SecSdl2ChgX,Security Master Secondary SEDOL Change History | This table provides the SEDOL2 change history for each North American master security.,Daily,N/A,"Pkey_SecSdl2ChgX (Clustered) SecCode, StartDate",12,12
qa_database_schema_core_tables_v1_1_2024_02_28,QA Database Schema - Core Tables v1.1 (2024-02-28).pdf,SecVenType,Security Master Vendor Type Codes | This table provides the vendor name for each vendor type present in the mapping tables.,Daily,N/A,pkey_SecVenType (Clustered) VenType,12,13
qa_database_schema_core_tables_v1_1_2024_02_28,QA Database Schema - Core Tables v1.1 (2024-02-28).pdf,GSecMapX,Global Security Map | This table provides mapping to all available vendor codes including ranking and time series. | mapping table on page 10.,Daily,N/A,"Pkey_GSecMapX (Clustered) SecCode, VenType, Rank",13,13
qa_database_schema_core_tables_v1_1_2024_02_28,QA Database Schema - Core Tables v1.1 (2024-02-28).pdf,GSecMstrX,"Global Security Master6 | This table returns the global Master Security record from the ID, CUSIP, SEDOL, or ISIN. It also provides the",Daily,N/A,"Pkey_GSecMstrX (Clustered) SecCode, Type_",13,14
qa_database_schema_core_tables_v1_1_2024_02_28,QA Database Schema - Core Tables v1.1 (2024-02-28).pdf,GSecSdlChg,Global Security SEDOL Change History | This table provides SEDOL change history for each Global Master Security. | Table Ownership | This table returns the issuer information for pricing data. | This table returns issue information for pricing data.,Daily,N/A,"Pkey_GSecSdlChg (Clustered) SecCode, StartDate GSecSdlChg_1 Sedol, StartDate, SecCode GSecSdlChg_2 Sedol, SecCode, StartDate Issuer and Issue Data Tables Table Ownership The tables in this chapter have two separate owner names, ""prc."" and ""dbo."" The issuer and issue tables are available under the owner ""prc."" All other tables described in this document are available under the owner ""dbo."" To ensure accurate queries of this data, it is recommended that you refer to all issuer and issue tables in the following format: database.owner.tablename. For example, DatabaseName.PRC.PRCISR. prc.PrcIsr: Pricing Issuer Information This table returns the issuer information for pricing data. Pkey_PrcIsr (Clustered) IsrCode, EndDate Idx1_PrcIsr IsrName Idx2_PrcIsr ParIsrCode Pkey_PrcIss (Clustered) Type_, Code, EndDate Idx1_PrcIss IsrCode, Type_, EndDate Idx2_PrcIss Code",14,16
qa_database_schema_core_tables_v1_1_2024_02_28,QA Database Schema - Core Tables v1.1 (2024-02-28).pdf,TQAExch,Map Exchange Code Descriptions | This table returns the exchange description from the SecMapX table. | ExchCode smallint N ExchCode provides the link to the SecMapX table where,Daily,Yes,pkey_TqaExch (Clustered) ExchCode TqaExch_1 TQAExch,16,17
qa_database_schema_core_tables_v1_1_2024_02_28,QA Database Schema - Core Tables v1.1 (2024-02-28).pdf,EconInfo,Economic Indicators Information | This is the information table for economic indicators data.,As Needed,N/A,pkey_econinfo (Clustered) Code econinfo_Ticker Ticker econinfo_Name Name,17,17
qa_database_schema_core_tables_v1_1_2024_02_28,QA Database Schema - Core Tables v1.1 (2024-02-28).pdf,EconRpt,"Economic Indicators Data | This is the information table for economic indicators data, and contains as-reported data.",As Needed,N/A,"pkey_econrpt (Clustered) Code, ReportDate",17,18
qa_database_schema_core_tables_v1_1_2024_02_28,QA Database Schema - Core Tables v1.1 (2024-02-28).pdf,TMCCode,Regions Code Information | This table contains code translations and descriptions for all PermIds and ISO codes in the TMCRegnCntryMap,As Needed,N/A,"pkey_TMCCode (Clustered) Type_, Code",18,18
qa_database_schema_core_tables_v1_1_2024_02_28,QA Database Schema - Core Tables v1.1 (2024-02-28).pdf,TMCRegnCntryMap,"Regions Classifications | This table contains regional classifications. The codes in this table are translated by TMCCode, described above.",As Needed,N/A,pkey_TMCRegnCntryMap (Clustered) Lvl5PermId,18,19
qa_database_schema_core_tables_v1_1_2024_02_28,QA Database Schema - Core Tables v1.1 (2024-02-28).pdf,SDDates_v,Special Dates Information | Use this table to retrieve the information associated with a special date.,Monthly,N/A,"pkey_SdDates_v (Clustered) Code, Date_, ExchCode SdDates_v_1 ExchCode, Date_ SdDates_v_2 ExchCode, Code SdDates_v_3 ExchCode, Code, Date_",19,19
qa_database_schema_core_tables_v1_1_2024_02_28,QA Database Schema - Core Tables v1.1 (2024-02-28).pdf,SDExchInfo_v,Exchange Information | Use this table to retrieve vendor exchange information. For your convenience all delivered vendor exchange,Monthly,N/A,pkey_SdExchInfo_v (Clustered) ExchCode SdExchInfo_v_1 ExchAbbr SdExchInfo_v_2 IsoCtry,19,20
qa_database_schema_core_tables_v1_1_2024_02_28,QA Database Schema - Core Tables v1.1 (2024-02-28).pdf,SDInfo_v,Special Dates Codes | This table defines Code. | The ExchIntCode from the Datastream table Ds2Exchange can be mapped to ExchCode using the Ds2XRef,Monthly,N/A,pkey_SdInfo_v (Clustered) Code SdInfo_v_1 Name,20,23
qa_database_schema_core_tables_v1_1_2024_02_28,QA Database Schema - Core Tables v1.1 (2024-02-28).pdf,ACount,,,,,23,23
qa_database_schema_core_tables_v1_1_2024_02_28,QA Database Schema - Core Tables v1.1 (2024-02-28).pdf,UCount,,,,,23,23
qa_database_schema_core_tables_v1_1_2024_02_28,QA Database Schema - Core Tables v1.1 (2024-02-28).pdf,DCount,,,,,23,23
qa_database_schema_core_tables_v1_1_2024_02_28,QA Database Schema - Core Tables v1.1 (2024-02-28).pdf,ErrorMessage,,,,,23,23
qa_database_schema_core_tables_v1_1_2024_02_28,QA Database Schema - Core Tables v1.1 (2024-02-28).pdf,bcpString,,,,,23,23
qa_database_schema_core_tables_v1_1_2024_02_28,QA Database Schema - Core Tables v1.1 (2024-02-28).pdf,Update_Log,"Cumulative Account of Every Table Update | This table is not available in LSEG Quantitative Analytics in the cloud. | This table contains cumulative update information for all tables in your subscription. In Snowflake, this table is | available at schema level i.e., DBO and PRC. Note the table structure in Snowflake is different to the one listed | below. The table serves the purpose to list adds, updates, and deletes to all tables in your subscription. Please | TableName varchar(101) N TableName may name any user table in your database. | Status int N status is the bcp return status of the table update. A return status of 0 | bcpString varchar(500) Y bcpString is the command used to execute the table update.","Daily, for every update",N/A,"pkey_update_log (Clustered) TableName, FileDate, FileNum",23,24
qa_database_schema_core_tables_v1_1_2024_02_28,QA Database Schema - Core Tables v1.1 (2024-02-28).pdf,Update_Status,"Statistical Recap of Most Recent Update for Every Table | This table is available only in LSEG Quantitative Analytics deployed. | This table contains statistical information about the most recent update for all tables in your subscription. | example, the PrimaryUpdateNum for the table prc.PrcDly is 1. This | means the major update for this table occurs where FileNum = 1.",Calculated from Update_Log.,N/A,pkey_update_status (Clustered) TableName,24,25
qa_database_schema_core_tables_v1_1_2024_02_28,QA Database Schema - Core Tables v1.1 (2024-02-28).pdf,Update_BadRecs,Bad Records Update | This table is available only in LSEG Quantitative Analytics deployed. | This table contains the most recent update information about any bad records in your tables. | TableName varchar(101) N TableName may name any user table in your database.,As Needed,N/A,"pkey_update_badrecs (Clustered) TableName, FileDate, FileNum",25,25
qa_database_schema_core_tables_v1_1_2024_02_28,QA Database Schema - Core Tables v1.1 (2024-02-28).pdf,UpdIdCode,Update ID Description | Use this table to retrieve the description of an update ID. | This table is available only in LSEG Quantitative Analytics deployed.,"Infrequent, as needed",N/A,pkey_UpdIdCode (clustered) UpdateId UpdIdCode_1 (non-clustered) UpdateName,25,26
qa_database_schema_core_tables_v1_1_2024_02_28,QA Database Schema - Core Tables v1.1 (2024-02-28).pdf,MQASys,Recent System Update Information | This table is available only in LSEG Quantitative Analytics deployed. | This table contains information on the last two updates applied to your server.,"Daily, with every update",N/A,pkey_MqaSys (Clustered) Type,26,26
qa_database_schema_core_tables_v1_1_2024_02_28,QA Database Schema - Core Tables v1.1 (2024-02-28).pdf,PriUpdStatus,Primary Update Status | This table contains the primary update information from LSEG Quantitative Analytics. | This table is available only in LSEG Quantitative Analytics deployed.,Daily,N/A,"pkey_PriUpdStatus (clustered) UpdateId, FileDate",26,26
qa_database_schema_core_tables_v1_1_2024_02_28,QA Database Schema - Core Tables v1.1 (2024-02-28).pdf,TQA_Version,LSEG Quantitative Analytics Database Version Information | This table is available only in LSEG Quantitative Analytics deployed. | This table contains information on the version number of your LSEG Quantitative Analytics database.,As needed,N/A,pkey_TQA_Version (Clustered) Name_ LSEG Quantitative Analytics Database Schema for Core Tables 27,26,27
qa_database_schema_core_tables_v1_1_2024_02_28,QA Database Schema - Core Tables v1.1 (2024-02-28).pdf,Example,,,,,27,27
qa_database_schema_core_tables_v1_1_2024_02_28,QA Database Schema - Core Tables v1.1 (2024-02-28).pdf,UPDPrimCode,Primary Update Code | This table is available only in LSEG Quantitative Analytics deployed. | Use this table to retrieve the description of an update ID.,"Infrequent, as needed",N/A,pkey_UPDPrimCode (clustered) UpdateID,27,27
qa_database_schema_core_tables_v1_1_2024_02_28,QA Database Schema - Core Tables v1.1 (2024-02-28).pdf,UPDPrimStatus,"Primary Update Status | This table is available only in LSEG Quantitative Analytics deployed. | This table contains primary update information. | table information, see the SmartLoader Log Tables Quick Reference Card.","Infrequent, as needed",N/A,"pkey_UPDPrimStatus (clustered) UpdateID, MarketDate LSEG Quantitative Analytics Database Schema for Core Tables 28",27,28
qa_database_schema_core_tables_v1_1_2024_02_28,QA Database Schema - Core Tables v1.1 (2024-02-28).pdf,ErrorInfo,,,,,28,28
qa_database_schema_core_tables_v1_1_2024_02_28,QA Database Schema - Core Tables v1.1 (2024-02-28).pdf,ErrorName,,,,,28,28
qa_database_schema_core_tables_v1_1_2024_02_28,QA Database Schema - Core Tables v1.1 (2024-02-28).pdf,Severity,,,,,28,28
qa_database_schema_core_tables_v1_1_2024_02_28,QA Database Schema - Core Tables v1.1 (2024-02-28).pdf,Update_Errors,SmartLoader Update Errors | This table is available only in LSEG Quantitative Analytics deployed. | This table contains SmartLoader update errors. Use the ErrorInfo table to interpret Update_Errors.ErrorCode. | TableName varchar(100) N TableName is the table where the error occurred. | – 2 = Wrong table schema,,,"pkey_Update_Errors (Clustered) FileDate, FileNum, DataSource, TableName, RowId",28,29
qa_database_schema_core_tables_v1_1_2024_02_28,QA Database Schema - Core Tables v1.1 (2024-02-28).pdf,ErrorInfo,Descriptions and Severity Level of Error Codes | This table is available only in LSEG Quantitative Analytics deployed. | This table contains information about each SmartLoader error based on ErrorCode. Use this table to understand | – 2 = Wrong table schema,,,pkey_ErrorInfo (Clustered) ErrorCode,29,29
qa_database_schema_core_tables_v1_1_2024_02_28,QA Database Schema - Core Tables v1.1 (2024-02-28).pdf,Content_Completion_Status,Snowflake Content Completion Status | Use this table to see if various content sets are considered complete for a given feed date.,Daily Adjusted: N/A,,pkey_Content_Completion_Status (Clustered) Technical_Content,29,30
qa_database_schema_core_tables_v1_1_2024_02_28,QA Database Schema - Core Tables v1.1 (2024-02-28).pdf,AdjFctr,"Vendor Supplemental Adjustments | This table supplements specific vendor tables that do not have a daily update cycle. Companies that split | The AdjFctr table is also documented in the Database Schema for I/B/E/S document. | VendorCode int N VendorCode cross-references with the entire specific vendor primary *INFO* table | IdxDjCtr, and IdxDjMkt. Additionally, you can use the prc.IdxSec table to map security codes from the SecMstrX | table to security codes in the DJX tables. For details about these tables, refer to the Database Schema for Index",Daily,N/A,"pkey_AdjFctr (Clustered) Database_, VendorCode",30,32
qa_database_schema_core_tables_v1_1_2024_02_28,QA Database Schema - Core Tables v1.1 (2024-02-28).pdf,vw_securityMasterX,,,,,32,32
qa_database_schema_core_tables_v1_1_2024_02_28,QA Database Schema - Core Tables v1.1 (2024-02-28).pdf,secCode,(prc.prcinfo/cprcinfo) or Datastream table (DS2CtryQtInfo) depending on,,,,32,33
qa_database_schema_core_tables_v1_1_2024_02_28,QA Database Schema - Core Tables v1.1 (2024-02-28).pdf,vw_securityMappingX,,,,,33,34
qa_database_schema_crb_v1_0_6_2022_02_18,QA Database Schema - CRB v1.0.6 (2022-02-18).pdf,CMContr,Futures Contracts | This table is not available in Quantitative Analytics hosted. | This table contains the identifier and description for futures contracts.,Daily,N/A,pkey_cmcontr (Clustered) Ticker cmcontr_Name Name,6,6
qa_database_schema_crb_v1_0_6_2022_02_18,QA Database Schema - CRB v1.0.6 (2022-02-18).pdf,CMDaily,Futures Daily Prices | This table contains the daily prices for futures contracts.,Daily,No,"pkey_cmdaily (Clustered) InfoCode, Contract, Date_",6,7
qa_database_schema_crb_v1_0_6_2022_02_18,QA Database Schema - CRB v1.0.6 (2022-02-18).pdf,CMExpCal,Futures Expiration | Use this table to retrieve futures contract expiration information.,Daily,N/A,pkey_CmExpCal (Clustered) Name CmExpCal_Code Code,7,7
qa_database_schema_crb_v1_0_6_2022_02_18,QA Database Schema - CRB v1.0.6 (2022-02-18).pdf,CMExpMth,Expiration Month Futures Contracts | This table contains expiration data for month futures contracts.,Daily,No,"pkey_CmExpMth (Clustered) Code, Contract",7,7
qa_database_schema_crb_v1_0_6_2022_02_18,QA Database Schema - CRB v1.0.6 (2022-02-18).pdf,CMFutVol,Futures Volatility | This table contains volatility data for futures contracts.,Daily,No,"pkey_cmfutvol (Clustered) InfoCode, ExpMonth, date_",7,8
qa_database_schema_crb_v1_0_6_2022_02_18,QA Database Schema - CRB v1.0.6 (2022-02-18).pdf,CMInfo,Futures Information | This is the master information table for futures contracts.,Daily,N/A,pkey_cminfo (Clustered) InfoCode cminfo_Ticker Ticker cminfo_Name Name,8,8
qa_database_schema_crb_v1_0_6_2022_02_18,QA Database Schema - CRB v1.0.6 (2022-02-18).pdf,CMRoll,Futures Series Rollover | This table is not available in Quantitative Analytics hosted. | This table contains futures series rollover data.,Daily,No,"pkey_Cmroll (Clustered) SeriesCode, Deferral, RollDate",8,8
qa_database_schema_crb_v1_0_6_2022_02_18,QA Database Schema - CRB v1.0.6 (2022-02-18).pdf,CMSeries,Futures Series | This table is not available in Quantitative Analytics hosted. | This table contains futures series information.,Daily Adjusted: No,,"pkey_Cmseries (Clustered) InfoCode, SeriesCode cmseries_Ticker Ticker cmseries_Name Name cmseries_SeriesCode SeriesCode LSEG Quantitative Analytics Database Schema for Commodity Research Bureau (CRB) 9",8,10
qa_database_schema_crb_v1_0_6_2022_02_18,QA Database Schema - CRB v1.0.6 (2022-02-18).pdf,SpotDly,Spot Daily Prices | This table contains daily data on spot prices.,Daily,No,"pkey_spotdly (Clustered) Code, Date_ spotdly_Date_ Date_, Code, Open_, High, Low, Close_, Volume, Interest",10,10
qa_database_schema_crb_v1_0_6_2022_02_18,QA Database Schema - CRB v1.0.6 (2022-02-18).pdf,SpotInfo,Spot Information | Use this table to retrieve spot information.,Daily,No,pkey_spotinfo (Clustered) Code spotinfo_Name Name spotinfo_Ticker Ticker,10,11
qa_database_schema_credit_default_swap_v1_1_2023_02_09,QA Database Schema - Credit Default Swap v1.1 (2023-02-09).pdf,TRCDSDesc,CDS Extendible Type-Code Mapping | This table maps codes to descriptions.,,,,6,6
qa_database_schema_credit_default_swap_v1_1_2023_02_09,QA Database Schema - Credit Default Swap v1.1 (2023-02-09).pdf,TRCDSInfo,CDS Informational Data | This table contains informational data.,,,pkey_TRCDSInfo (Clustered) IsrCode,6,6
qa_database_schema_credit_default_swap_v1_1_2023_02_09,QA Database Schema - Credit Default Swap v1.1 (2023-02-09).pdf,TRCDSInstrument,CDS Instrument-Level Data | This table contains instrument-level data.,,,"pkey_TRCDSInstrument (Clustered) InstrCode pkey_TRCDSDesc (Clustered) Type_, Code LSEG Quantitative Analytics Database Schema for Credit Default Swap 7",6,7
qa_database_schema_credit_default_swap_v1_1_2023_02_09,QA Database Schema - Credit Default Swap v1.1 (2023-02-09).pdf,TRCDSMap,CDS Extendible Type-Code Mapping | This table maps issuers from CDS to Quantitative Analytics's normalized issuer tables using either manual,,,pkey_TRCDSMap (Clustered) IsrCode,7,7
qa_database_schema_credit_default_swap_v1_1_2023_02_09,QA Database Schema - Credit Default Swap v1.1 (2023-02-09).pdf,TRCDSREDCodeMap,This table is for internal use only.,,,,7,7
qa_database_schema_credit_default_swap_v1_1_2023_02_09,QA Database Schema - Credit Default Swap v1.1 (2023-02-09).pdf,TRCDSSpread,CDS Generic Time Series Data | This table contains generic time series data.,,,"pkey_TRCDSSpread (Clustered) InstrCode, Date_",7,8
qa_database_schema_data_explorers_v1_0_4_2022_02_22,QA Database Schema - Data Explorers v1.0.4 (2022-02-22).pdf,DXLAmData,North American Security-Lending Data Items | This table contains security-lending data items for North American instruments. All monetary items are in U.S.,Daily,No,"PK_DXLAmData (Clustered) Code, Item, Date_",6,6
qa_database_schema_data_explorers_v1_0_4_2022_02_22,QA Database Schema - Data Explorers v1.0.4 (2022-02-22).pdf,DXLApData,Asian Security-Lending Data Items | This table contains security-lending data items for Asian instruments. All monetary items are in U.S. dollars.,Daily,No,"PK_DXLApData (Clustered) Code, Item, Date_",6,6
qa_database_schema_data_explorers_v1_0_4_2022_02_22,QA Database Schema - Data Explorers v1.0.4 (2022-02-22).pdf,DXLAusData,Australian Security-Lending Data Items | This table contains security-lending data items for Australian instruments. All monetary items are in Australian,Daily,No,"PK_DXLAusData (Clustered) Code, Item, Date_",6,7
qa_database_schema_data_explorers_v1_0_4_2022_02_22,QA Database Schema - Data Explorers v1.0.4 (2022-02-22).pdf,DXLCode,Numeric Codes | This table contains descriptions of DXL numeric codes.,Daily,No,"PK_DXLCode (Clustered) Type_, Code",7,7
qa_database_schema_data_explorers_v1_0_4_2022_02_22,QA Database Schema - Data Explorers v1.0.4 (2022-02-22).pdf,DXLDesc,Character Code Descriptions | This table contains descriptions of DXL character codes.,Daily,No,"PK_DXLDesc (Clustered) Type_, Code",7,7
qa_database_schema_data_explorers_v1_0_4_2022_02_22,QA Database Schema - Data Explorers v1.0.4 (2022-02-22).pdf,DXLDivReqData,Stock-Lending Information for Dividend Levels | This table contains stock-lending information for each reported dividend level.,Daily,No,"PK_DXLDivReqData (Clustered) Code, DvdReqd, Date_",7,8
qa_database_schema_data_explorers_v1_0_4_2022_02_22,QA Database Schema - Data Explorers v1.0.4 (2022-02-22).pdf,DXLEuData,European Security-Lending Data Items | This table contains security-lending data items for European instruments. All monetary items are in Euros.,Daily,No,"PK_DXLEuData (Clustered) Code, Item, Date_",8,8
qa_database_schema_data_explorers_v1_0_4_2022_02_22,QA Database Schema - Data Explorers v1.0.4 (2022-02-22).pdf,DXLItem,Item and Stock-Lending Variable Information | This table contains stock-lending variables calculated at an aggregate level for all instruments. This table stores,Daily,No,PK_DXLItem (Clustered) Item,8,9
qa_database_schema_data_explorers_v1_0_4_2022_02_22,QA Database Schema - Data Explorers v1.0.4 (2022-02-22).pdf,DXLJpData,Japanese Security-Lending Data Items | This table contains security-lending data items for Japanese instruments. All monetary items are in Japanese,Daily,No,"PK_DXLJpData (Clustered) Code, Item, Date_",9,9
qa_database_schema_data_explorers_v1_0_4_2022_02_22,QA Database Schema - Data Explorers v1.0.4 (2022-02-22).pdf,DXLLicMrktID,"Code Mapping Information | This table maps Codes to the corresponding CUSIP, SEDOL, and ISIN identifiers. This table also stores the",Daily,No,"PK_DXLLicMrktID (Clustered) Code, Item, StartDate",9,9
qa_database_schema_data_explorers_v1_0_4_2022_02_22,QA Database Schema - Data Explorers v1.0.4 (2022-02-22).pdf,DXLMktSummData,"Country-Level Proprietary Indicators | This table reports a set of proprietary indicators developed by Data Explorers, aggregated at a country level.",Daily,No,"PK_DXLMktSummData (Clustered) MarketCode, AssetClassCode, Date_",9,10
qa_database_schema_data_explorers_v1_0_4_2022_02_22,QA Database Schema - Data Explorers v1.0.4 (2022-02-22).pdf,DXLOthData,Additional Security-Lending Data Items | This table contains security-lending data items for instruments with an unclear origin or for instruments that are,Daily,No,"PK_DXLOthData (Clustered) Code, Item, Date_",10,11
qa_database_schema_data_explorers_v1_0_4_2022_02_22,QA Database Schema - Data Explorers v1.0.4 (2022-02-22).pdf,DXLSecInfo,Security Information | This table contains securities covered by the stock-lending data provided by DXL over time. This table only,Daily,No,PK_DXLSecInfo (Clustered) Code,11,11
qa_database_schema_data_explorers_v1_0_4_2022_02_22,QA Database Schema - Data Explorers v1.0.4 (2022-02-22).pdf,DXLSecItem,Restricted Identifiers for Securities | This table contains restricted identifiers for securities.,Daily,No,PK_DXLSecItem (Clustered) Item,11,12
qa_database_schema_data_explorers_v1_0_4_2022_02_22,QA Database Schema - Data Explorers v1.0.4 (2022-02-22).pdf,DXLSecSummData,Instrument-Level Proprietary Indicators | This table reports a set of proprietary indicators developed by Data Explorers that you can use as signals to,Daily,No,"PK_DXLInstrSummData (Clustered) Code, Date_",12,12
qa_database_schema_data_explorers_v1_0_4_2022_02_22,QA Database Schema - Data Explorers v1.0.4 (2022-02-22).pdf,DXLSectSummData,"Sector-Level Proprietary Indicators | This table reports a set of proprietary indicators developed by Data Explorers, aggregated at a sector level for",Daily,No,"PK_DXLSectSummData (Clustered) SectorCode, DataRegionCode, Date_",12,14
qa_database_schema_datastream_v1_3_2_2025_04_14,QA Database Schema - Datastream v1.3.2 (2025-04-14).pdf,Ds2Company,Company-level Information | This is an information table for company-level data.,,,pkey_DS2Company (Clustered) DsCmpyCode DS2Company_1 CmpyCtryCode,10,11
qa_database_schema_datastream_v1_3_2_2025_04_14,QA Database Schema - Datastream v1.3.2 (2025-04-14).pdf,Ds2CtryQtInfo,Country-level Identifiers | This table contains information about country-level identifiers. This table maps to the master tables SECMAPX,,,pkey_DS2CtryQtInfo (Clustered) InfoCode DS2CtryQtInfo_1 DsSecCode DS2CtryQtInfo_2 DsCode DS2CtryQtInfo_3 Region DS2CtryQtInfo_4 DsLocalCode DS2CtryQtInfo_5 DsQtName,11,12
qa_database_schema_datastream_v1_3_2_2025_04_14,QA Database Schema - Datastream v1.3.2 (2025-04-14).pdf,Ds2CusipChg,CUSIP Changes | This table contains historical CUSIP changes.,,,"pkey_DS2CusipChg (Clustered) InfoCode, StartDate",12,12
qa_database_schema_datastream_v1_3_2_2025_04_14,QA Database Schema - Datastream v1.3.2 (2025-04-14).pdf,Ds2Exchange,"Datastream Exchanges | This table contains descriptive information on exchanges, such as the name of the exchange and the country",,,pkey_DS2Exchange (Clustered) ExchIntCode DS2Exchange_1 DsExchCode DS2Exchange_2 ExchMnem,12,13
qa_database_schema_datastream_v1_3_2_2025_04_14,QA Database Schema - Datastream v1.3.2 (2025-04-14).pdf,DS2ExchQtInfo,Datastream Exchange Quote Information | This is the information table for exchange-level quotes.,,,"pkey_DS2ExchQtInfo (Clustered) InfoCode, ExchIntCode DS2ExchQtInfo_1 InfoCode, IsPrimExchQt",13,13
qa_database_schema_datastream_v1_3_2_2025_04_14,QA Database Schema - Datastream v1.3.2 (2025-04-14).pdf,DS2ICBChg,Historical ICB Codes | Use this table to retrieve historical Industry Classification Benchmark (ICB) codes for a company.,,,"pkey_DS2ICBChg (Clustered) DSCmpyCode, StartDate",13,13
qa_database_schema_datastream_v1_3_2_2025_04_14,QA Database Schema - Datastream v1.3.2 (2025-04-14).pdf,Ds2IsinChg,Historical ISIN Changes | This table contains historical ISIN changes.,,,"pkey_DS2IsinChg (Clustered) DsSecCode, StartDate DS2IsinChg_1 ISIN DS2IsinChg_2 ISIN2",13,14
qa_database_schema_datastream_v1_3_2_2025_04_14,QA Database Schema - Datastream v1.3.2 (2025-04-14).pdf,Ds2LocalCodeChg,Datastream Local Code Changes | This table contains historical DsLocalCode changes.,,,"pkey_Ds2LocalCodeChg (Clustered) InfoCode, StartDate Ds2LocalCodeChg_1 DSLocalCode, StartDate, InfoCode",14,14
qa_database_schema_datastream_v1_3_2_2025_04_14,QA Database Schema - Datastream v1.3.2 (2025-04-14).pdf,Ds2MnemChg,Historical Datastream Mnemonic Changes | This table contains historical DsMnem changes.,,,"pkey_Ds2MnemChg (Clustered InfoCode, StartDate Ds2MnemChg_1 DsMnem, StartDate, InfoCode",14,14
qa_database_schema_datastream_v1_3_2_2025_04_14,QA Database Schema - Datastream v1.3.2 (2025-04-14).pdf,DS2PrimExchQtChg,Primary Exchange Changes | This table tracks primary exchange changes historically.,,,"pkey_Ds2PrimExchQtChg (Clustered) InfoCode, StartDate LSEG Quantitative Analytics Database Schema for Datastream 15",14,15
qa_database_schema_datastream_v1_3_2_2025_04_14,QA Database Schema - Datastream v1.3.2 (2025-04-14).pdf,Ds2QtNameChg,"Historical Name Changes | This table contains historical quotation name changes. | NOTE: The files used to support the following table were discontinued in June 2010. Instead of making this table obsolete,",,,"pkey_DS2QtNameChg (Clustered) InfoCode, StartDate",15,15
qa_database_schema_datastream_v1_3_2_2025_04_14,QA Database Schema - Datastream v1.3.2 (2025-04-14).pdf,Ds2Region,Country Codes Descriptions | This table contains descriptions for country codes.,,,"pkey_DS2Region (Clustered) Region, RegCodeTypeID DS2Region_1 RegCodeTypeID DS2Region_2 Name_",15,16
qa_database_schema_datastream_v1_3_2_2025_04_14,QA Database Schema - Datastream v1.3.2 (2025-04-14).pdf,Ds2Security,Security-level Information | This is the information table for security-level data.,,,"pkey_DS2Security (Clustered) DsSecCode DS2Security_1 DsCmpyCode, IsMajorSec",16,16
qa_database_schema_datastream_v1_3_2_2025_04_14,QA Database Schema - Datastream v1.3.2 (2025-04-14).pdf,Ds2SedolChg,Historical SEDOL Changes | This table contains historical SEDOL changes.,,,"pkey_DS2SedolChg (Clustered) InfoCode, StartDate DS2SedolChg_1 Sedol",16,17
qa_database_schema_datastream_v1_3_2_2025_04_14,QA Database Schema - Datastream v1.3.2 (2025-04-14).pdf,Ds2StatusChg,"StatusCode Changes | NOTE: This table is no longer maintained. It is described for your reference, but using this table is not recommended. Instead, | This table tracks StatusCode changes going forward.",,,"pkey_DS2StatusChg (Clustered) InfoCode, StartDate",17,17
qa_database_schema_datastream_v1_3_2_2025_04_14,QA Database Schema - Datastream v1.3.2 (2025-04-14).pdf,Ds2XRef,Reference Types | This table contains descriptive information for the reference types.,,,"pkey_Ds2XRef (Clustered) Type_, Code",17,18
qa_database_schema_datastream_v1_3_2_2025_04_14,QA Database Schema - Datastream v1.3.2 (2025-04-14).pdf,Ds2Adj,"Adjustment Factors | This table contains the adjustment factors for splits and spinoffs. Datastream data is stored unadjusted, but",,,"pkey_DS2Adj (Clustered) InfoCode, AdjType, AdjDate DS2Adj_1 InfoCode, AdjDate",18,19
qa_database_schema_datastream_v1_3_2_2025_04_14,QA Database Schema - Datastream v1.3.2 (2025-04-14).pdf,Ds2CapEvent,Corporate Actions | This table contains information about corporate actions.,,,"pkey_DS2CapEvent (Clustered) InfoCode, EventNum DS2CapEvent_1 InfoCode, EffectiveDate DS2CapEvent_2 InfoCode, ActionTypeCode, EffectiveDate DS2CapEvent_3 InfoCode, AnnouncedDate DS2CapEvent_4 InfoCode, ActionTypeCode, AnnouncedDate DS2CapEvent_5 InfoCode, RecordDate DS2CapEvent_6 InfoCode, ActionTypeCode, RecordDate DS2CapEvent_7 InfoCode, ExpiryDate DS2CapEvent_8 InfoCode, ActionTypeCode, ExpiryDate",19,20
qa_database_schema_datastream_v1_3_2_2025_04_14,QA Database Schema - Datastream v1.3.2 (2025-04-14).pdf,DS2Div,Datastream Dividend Information | This table contains information about dividends. | NOTE: This table supplements the DS2XRef table descriptions where applicable. Not all codes have supplemental information.,,,"pkey_DS2Div (Clustered) InfoCode, EventNum DS2Div_1 InfoCode, EffectiveDate DS2Div_2 InfoCode, DivTypeCode, EffectiveDate DS2Div_3 InfoCode, PayDate DS2Div_4 InfoCode, DivTypeCode, PayDate",20,22
qa_database_schema_datastream_v1_3_2_2025_04_14,QA Database Schema - Datastream v1.3.2 (2025-04-14).pdf,Dividend,,,,,22,22
qa_database_schema_datastream_v1_3_2_2025_04_14,QA Database Schema - Datastream v1.3.2 (2025-04-14).pdf,DS2DPS,Dividend per Share Information | This table contains information about trailing twelve months (TTM) dividends per share.,,,"pkey_DS2DPS (Clustered) InfoCode, EventDate",22,22
qa_database_schema_datastream_v1_3_2_2025_04_14,QA Database Schema - Datastream v1.3.2 (2025-04-14).pdf,Ds2NumShares,Number of Shares Outstanding | Use this table to retrieve the number of shares outstanding.,,,"pkey_DS2NumShares (Clustered) InfoCode, EventDate",22,23
qa_database_schema_datastream_v1_3_2_2025_04_14,QA Database Schema - Datastream v1.3.2 (2025-04-14).pdf,Ds2ShareHldgs,Share Holdings Information | Use this table to retrieve historical share holdings for a security.,,,"pkey_DS2ShareHldgs (clustered) InfoCode, ValDate",23,24
qa_database_schema_datastream_v1_3_2_2025_04_14,QA Database Schema - Datastream v1.3.2 (2025-04-14).pdf,DS2FxCode,Datastream Exchange Rate Contracts | This table contains information on exchange rate contracts.,,,"pkey_Ds2FxCode (Clustered) ExRateIntCode Ds2FxCode_1 FromCurrCode, ToCurrCode, RateTypeCode",24,25
qa_database_schema_datastream_v1_3_2_2025_04_14,QA Database Schema - Datastream v1.3.2 (2025-04-14).pdf,DS2FxRate,Datastream Exchange Rate Data | Use this table to retrieve exchange rate data for a given exchange rate contract.,,,"pkey_Ds2FxRate (Clustered) ExRateIntCode, ExRateDate",25,25
qa_database_schema_datastream_v1_3_2_2025_04_14,QA Database Schema - Datastream v1.3.2 (2025-04-14).pdf,Ds2MktVal,Market Value Data | This table contains consolidated market value data.,,,"pkey_DS2MktVal (Clustered) InfoCode, ValDate",25,25
qa_database_schema_datastream_v1_3_2_2025_04_14,QA Database Schema - Datastream v1.3.2 (2025-04-14).pdf,Ds2PrimQtPrc,"Primary Exchange Quote Pricing | This table contains pricing information for the primary exchange quote. For US traded securities, this table",,,"pkey_DS2PrimQtPrc (Clustered) InfoCode, MarketDate DS2PrimQtPrc_1 InfoCode, ExchIntCode, MarketDate",25,26
qa_database_schema_datastream_v1_3_2_2025_04_14,QA Database Schema - Datastream v1.3.2 (2025-04-14).pdf,Ds2PrimQtRI,"Primary Exchange Quote Return Index Information | This table contains return index information for the primary exchange quote. For US traded securities, this table",,,"pkey_DS2PrimQtRI (Clustered) InfoCode, MarketDate DS2PrimQtRI_1 InfoCode, ExchIntCode, MarketDate",26,27
qa_database_schema_datastream_v1_3_2_2025_04_14,QA Database Schema - Datastream v1.3.2 (2025-04-14).pdf,DS2ScdQtPrc,Secondary Exchange Quote Pricing | This table contains pricing information for all secondary exchange quotes.,,,"pkey_DS2ScdQtPrc (Clustered) InfoCode, ExchIntCode, MarketDate",27,27
qa_database_schema_datastream_v1_3_2_2025_04_14,QA Database Schema - Datastream v1.3.2 (2025-04-14).pdf,DS2ScdQtRI,Secondary Exchange Quote Return Information | This table contains return index information for all secondary exchange quotes.,,,"pkey_DS2ScdQtRI (Clustered) InfoCode, ExchIntCode, MarketDate",27,28
qa_database_schema_datastream_v1_3_2_2025_04_14,QA Database Schema - Datastream v1.3.2 (2025-04-14).pdf,Ds2DataType,Datastream Data Types | This table is a metadata table containing all available data types for Datastream indices and equities. | TableName varchar(31) Y TableName is the name of the table containing data for that data type.,,,"pkey_Ds2DataType (Clustered) DataTypeMnem, EntityTypeId Ds2DataType_1 EntityTypeId Ds2DataType_2 DataTypeMnem Ds2DataType_3 EntityTypeId, Descn",28,29
qa_database_schema_datastream_v1_3_2_2025_04_14,QA Database Schema - Datastream v1.3.2 (2025-04-14).pdf,Ds2EquityIndex,Equity Index Information | This table is the information table for index identifiers.,,,pkey_DS2EquityIndex (Clustered) DSIndexCode DS2EquityIndex_1 DSIndexMnem DS2EquityIndex_2 ISOCurrCode DS2EquityIndex_3 IndexDesc DS2EquityIndex_4 Region,29,29
qa_database_schema_datastream_v1_3_2_2025_04_14,QA Database Schema - Datastream v1.3.2 (2025-04-14).pdf,Ds2IndexAddlData,Historical Index Pricing and Fundamentals | This table contains historical index pricing and fundamental data.,,,"pkey_DS2IndexAddlData (Clustered) DataTypeMnem, DSIndexCode, ValueDate",29,30
qa_database_schema_datastream_v1_3_2_2025_04_14,QA Database Schema - Datastream v1.3.2 (2025-04-14).pdf,Ds2IndexData,"Index-level Data | This table contains the three most common index level data items: Price Index, Total Return Index, and Market",,,"pkey_DS2IndexData (Clustered) DSIndexCode, ValueDate",30,30
qa_database_schema_datastream_v1_3_2_2025_04_14,QA Database Schema - Datastream v1.3.2 (2025-04-14).pdf,Ds2IndexDataType,Index Pricing and Fundamentals | This table contains index pricing and fundamental data.,,,"pkey_DS2IndexDataType (Clustered) DataTypeMnem, DSIndexCode",30,32
qa_database_schema_datastream_v1_3_2_2025_04_14,QA Database Schema - Datastream v1.3.2 (2025-04-14).pdf,Ds2ConstDataDly,Datastream Daily Constituent Data | This table contains the daily constituent data for each index.,Daily,Unadjusted,"pkey_Ds2ConstDataDly (Clustered) IndexListIntCode, ConstIntCode, Date_",32,32
qa_database_schema_datastream_v1_3_2_2025_04_14,QA Database Schema - Datastream v1.3.2 (2025-04-14).pdf,Ds2ConstDataMth,Datastream Monthly Constituent Data | This table contains the monthly constituent data for each index.,Daily,Unadjusted,"pkey_Ds2ConstDataMth (Clustered) IndexListIntCode, ConstIntCode, Date_",32,33
qa_database_schema_datastream_v1_3_2_2025_04_14,QA Database Schema - Datastream v1.3.2 (2025-04-14).pdf,Ds2ConstDly,Datastream Daily Constituent Lists | This table contains daily constituent lists for each index.,Daily,Unadjusted,"pkey_Ds2ConstDly (Clustered) IndexListIntCode, ConstIntCode, StartDate",33,33
qa_database_schema_datastream_v1_3_2_2025_04_14,QA Database Schema - Datastream v1.3.2 (2025-04-14).pdf,Ds2ConstMth,Datastream Monthly Constituent Lists | This table contains monthly constituent lists for each index.,Daily Adjusted: Unadjusted,,"pkey_Ds2ConstMth (Clustered) IndexListIntCode, ConstIntCode, StartDate",33,34
qa_database_schema_datastream_v1_3_2_2025_04_14,QA Database Schema - Datastream v1.3.2 (2025-04-14).pdf,Ds2IndexList,Datastream Index List Descriptions | This table contains descriptive information about the index lists available from Datastream.,Daily,Unadjusted,"pkey_Ds2IndexList (Clustered) IndexListIntCode, PermitLevelCode",34,36
qa_database_schema_datastream_v1_3_2_2025_04_14,QA Database Schema - Datastream v1.3.2 (2025-04-14).pdf,DSFutCalcSerExtVal,Datastream Futures Continuous Extended | Use this table to retrieve time series data for all non-standard data types for a given continuous future series.,,,"pkey_DSFutCalcSerExtVal (clustered) CalcSeriesCode, Date_, Item",36,36
qa_database_schema_datastream_v1_3_2_2025_04_14,QA Database Schema - Datastream v1.3.2 (2025-04-14).pdf,DSFutCalcSerInfo,Datastream Futures Continuous Series,,,,36,36
qa_database_schema_datastream_v1_3_2_2025_04_14,QA Database Schema - Datastream v1.3.2 (2025-04-14).pdf,Information,level of contracts. This table describes Datastream mnemonics for these series.,,,pkey_DSFutCalcSerInfo (clustered) CalcSeriesCode,36,37
qa_database_schema_datastream_v1_3_2_2025_04_14,QA Database Schema - Datastream v1.3.2 (2025-04-14).pdf,DSFutCalcSerMth,Datastream Continuous Series Calculation | Use this table to retrieve the months for which the continuous series are available. A null value means that all,,,"pkey_DSFutCalcSerMth (clustered) CalcSeriesCode, MthNum",37,37
qa_database_schema_datastream_v1_3_2_2025_04_14,QA Database Schema - Datastream v1.3.2 (2025-04-14).pdf,DSFutCalcSerVal,Datastream Futures Continuous Series Values | This table contains time series data for all standard data types for a given continuous future series.,,,"pkey_DSFutCalcSerVal (clustered) CalcSeriesCode, Date_",37,37
qa_database_schema_datastream_v1_3_2_2025_04_14,QA Database Schema - Datastream v1.3.2 (2025-04-14).pdf,DSFutClass,"Datastream Futures Contract Class Information | Use this table to retrieve futures contracts according to the platform upon which they were traded (class), for",,,pkey_DSFutClass (clustered) ClsCode,37,38
qa_database_schema_datastream_v1_3_2_2025_04_14,QA Database Schema - Datastream v1.3.2 (2025-04-14).pdf,DSFutCode,Datastream Futures Integer Codes | Use this table to translate futures integer codes.,,,"pkey_DSFutCode (clustered) Type_, Code",38,38
qa_database_schema_datastream_v1_3_2_2025_04_14,QA Database Schema - Datastream v1.3.2 (2025-04-14).pdf,DSFutContr,"Datastream Futures Contracts | Use this table to retrieve general futures contract information including the contract name, type (forwards or",,,pkey_DSFutContr (clustered) ContrCode,38,38
qa_database_schema_datastream_v1_3_2_2025_04_14,QA Database Schema - Datastream v1.3.2 (2025-04-14).pdf,DsFutContrChg,Datastream Futures Contract Changes | Use this table to retrieve general futures contract change information.,,,"pkey_DSFutContrChg (clustered) FutCode, Item, StartDate",38,39
qa_database_schema_datastream_v1_3_2_2025_04_14,QA Database Schema - Datastream v1.3.2 (2025-04-14).pdf,DSFutContrExtVal,"Datastream Futures Extended Value | This table contains the time series data for all non-standard, exchange-specific data types.",,,"pkey_DSFutContrExtVal (clustered) FutCode, Date_, Item",39,39
qa_database_schema_datastream_v1_3_2_2025_04_14,QA Database Schema - Datastream v1.3.2 (2025-04-14).pdf,DSFutContrInfo,Datastream Futures Contract Information | Use this table to retrieve the static attributes of a futures series. Separate series mnemonics are generated for,,,pkey_DSFutContrInfo (clustered) FutCode,39,40
qa_database_schema_datastream_v1_3_2_2025_04_14,QA Database Schema - Datastream v1.3.2 (2025-04-14).pdf,DSFutContrVal,Datastream Futures Values | Use this table to retrieve time series data for a futures series.,,,"pkey_DSFutContrVal (clustered) FutCode, Date_",40,40
qa_database_schema_datastream_v1_3_2_2025_04_14,QA Database Schema - Datastream v1.3.2 (2025-04-14).pdf,DSFutCOTRepVal,Datastream Future COT Report Value | Use this table to retrieve COT (Commitment of Traders) report series attributes and values. A COT report is sent | This table is defined at a contract level.,,,"pkey_DSFutCOTRepVal (clustered) ContrCode, RepMnemCode, Date_",40,41
qa_database_schema_datastream_v1_3_2_2025_04_14,QA Database Schema - Datastream v1.3.2 (2025-04-14).pdf,DSFutDesc,Datastream Futures Varchar Codes | Use this table to translate futures varchar codes.,,,"pkey_DSFutDesc (clustered) Type_, Code",41,41
qa_database_schema_datastream_v1_3_2_2025_04_14,QA Database Schema - Datastream v1.3.2 (2025-04-14).pdf,DSFutItem,Datastream Futures Data Items | This table contains descriptive information about Datastream futures items.,,,pkey_DSFutItem (clustered) Item,41,41
qa_database_schema_datastream_v1_3_2_2025_04_14,QA Database Schema - Datastream v1.3.2 (2025-04-14).pdf,DSFutTrdCycle,Datastream Futures Trading Cycle | Use this table to map the months in which a given future contract class trades.,,,"pkey_DSFutTrdCycle (clustered) ClsCode, TrdMth",41,41
qa_database_schema_datastream_v1_3_2_2025_04_14,QA Database Schema - Datastream v1.3.2 (2025-04-14).pdf,DSFutUndrMap,Datastream Underlying Series | This table contains the Datastream mnemonic of the underlying series to which the future series belongs. This is,,,"pkey_DSFutUndrMap (clustered) FutCode, DSMnem",41,43
qa_database_schema_datastream_v1_3_2_2025_04_14,QA Database Schema - Datastream v1.3.2 (2025-04-14).pdf,DSCmCode,Datastream Commodities Integer Codes | This table contains definitions for integer code fields cross-referenced from other Datastream commodities tables.,,,"pkey_DSCmCode (Clustered) Type_, Code",43,43
qa_database_schema_datastream_v1_3_2_2025_04_14,QA Database Schema - Datastream v1.3.2 (2025-04-14).pdf,DSCmDesc,Datastream Commodities Character Codes | This table contains definitions for varchar code fields cross-referenced from other Datastream commodities,,,"pkey_DSCmDesc (Clustered) Type_, Code",43,43
qa_database_schema_datastream_v1_3_2_2025_04_14,QA Database Schema - Datastream v1.3.2 (2025-04-14).pdf,DSCmExtVal,Datastream Commodities Extended Data | This table is an extension of the DSCmVal table described on page 46. This table contains additional time series,,,"pkey_DSCmExtVal (Clustered) ComCode, Item, Date_",43,44
qa_database_schema_datastream_v1_3_2_2025_04_14,QA Database Schema - Datastream v1.3.2 (2025-04-14).pdf,DSCmInfo,Datastream Commodities Information | This table contains descriptive information on spot commodities and commodity indices.,,,pkey_DSCmInfo (Clustered) ComCode,44,45
qa_database_schema_datastream_v1_3_2_2025_04_14,QA Database Schema - Datastream v1.3.2 (2025-04-14).pdf,DSCmItem,"Datastream Commodities Items | This table describes the data type Item, referenced in DSCmExtVal: Datastream commodities extended data on page",,,pkey_DSCmItem (Clustered) Item,45,45
qa_database_schema_datastream_v1_3_2_2025_04_14,QA Database Schema - Datastream v1.3.2 (2025-04-14).pdf,DSCmLicFlagCode,Datastream Commodities License Flags | Use this table to retrieve license bit mask values.,,,"pkey_DSCmLicFlagCode (Clustered) ProviderId, LDBId",45,45
qa_database_schema_datastream_v1_3_2_2025_04_14,QA Database Schema - Datastream v1.3.2 (2025-04-14).pdf,DSCmLoc,Datastream Commodities Locations | Use this table to retrieve information about commodities locations.,,,"pkey_DSCmLoc (Clustered) ComCode, RegCode, RelTypeCode",45,45
qa_database_schema_datastream_v1_3_2_2025_04_14,QA Database Schema - Datastream v1.3.2 (2025-04-14).pdf,DSCmReg,Datastream Commodities Regions | Use this table to retrieve information about commodities regions.,,,pkey_DSCmReg (Clustered) RegCode LSEG Quantitative Analytics Database Schema for Datastream 46,45,46
qa_database_schema_datastream_v1_3_2_2025_04_14,QA Database Schema - Datastream v1.3.2 (2025-04-14).pdf,DSCmVal,Datastream Commodities Data | Use this table to retrieve time series data related to spot commodities and commodity indices.,,,"PK_DSCmVal ComCode, Date_",46,47
qa_database_schema_datastream_v1_3_2_2025_04_14,QA Database Schema - Datastream v1.3.2 (2025-04-14).pdf,EcoAttrData,Economics Attribute Data | Use this table to retrieve attribute data for a specified economic series.,,,"pkey_EcoAttrData (clustered) EcoSeriesID, MsgSeq",47,47
qa_database_schema_datastream_v1_3_2_2025_04_14,QA Database Schema - Datastream v1.3.2 (2025-04-14).pdf,EcoClsCode,Economics Classification Codes | This table contains economic series classification data. | table from the EcoClsLvlMap table.,,,pkey_EcoClsCode (clustered) ClsID EcoClsCode_1 ClsCode EcoClsCode_2 ClsDesc EcoClsCode_3 ClsLevel,47,48
qa_database_schema_datastream_v1_3_2_2025_04_14,QA Database Schema - Datastream v1.3.2 (2025-04-14).pdf,EcoClsLvlMap,Economics Classification-Level Mapping | Use this table to retrieve classification-level mapping information for economics tables. | ClsId int N ClsId is the classification identification code. Use this field to cross-reference this table,,,"pkey_EcoClsLvlMap (Clustered) ClsId, SubClsId",48,48
qa_database_schema_datastream_v1_3_2_2025_04_14,QA Database Schema - Datastream v1.3.2 (2025-04-14).pdf,EcoCode,Economics Codes | Use this table to translate code values from other Datastream economics tables.,,,"pkey_EcoCode (clustered) Code, Type_ EcoCode_1 Type_, Code EcoCode_2 Type_, Description",48,48
qa_database_schema_datastream_v1_3_2_2025_04_14,QA Database Schema - Datastream v1.3.2 (2025-04-14).pdf,EcoData,Economics Series Value Data | Use this table to retrieve the value of a series.,,,"pkey_EcoData (clustered) EcoSeriesID, ChangeSeq, PeriodDate EcoData_1 EcoSeriesID, PeriodDate",48,48
qa_database_schema_datastream_v1_3_2_2025_04_14,QA Database Schema - Datastream v1.3.2 (2025-04-14).pdf,EcoInfo,Economic Indicator Information | Use this table to retrieve information about an economic indicator.,,,"pkey_EcoInfo (clustered) EcoSeriesID EcoInfo_1 MktCode EcoInfo_2 ClsType1 LSEG Quantitative Analytics Database Schema for Datastream 49 EcoInfo_3 MktCode, ClsType1 EcoInfo_4 DSNumber EcoInfo_5 DSMnemonic EcoInfo_6 IsKeyIndicator, DSNumber EcoInfo_7 IsKeyIndicator, DsMnemonic EcoInfo_8 IsKeyIndicator, FreqCode",48,50
qa_database_schema_datastream_v1_3_2_2025_04_14,QA Database Schema - Datastream v1.3.2 (2025-04-14).pdf,EcoLanguageDesc,"Economics European Language Series | Use this table to retrieve French, German, and Spanish series descriptions. This table supplements EcoInfo:",,,pkey_EcoLanguageDesc (clustered) EcoSeriesId,50,51
qa_database_schema_datastream_v1_3_2_2025_04_14,QA Database Schema - Datastream v1.3.2 (2025-04-14).pdf,vw_Ds2Mapping,Underlying Table Index Fields,,,,51,52
qa_database_schema_datastream_v1_3_2_2025_04_14,QA Database Schema - Datastream v1.3.2 (2025-04-14).pdf,vw_Ds2SecInfo,Underlying Table Index Fields,,,,52,52
qa_database_schema_datastream_v1_3_2_2025_04_14,QA Database Schema - Datastream v1.3.2 (2025-04-14).pdf,InfoCode,Underlying Table Index Fields,,,,52,54
qa_database_schema_datastream_v1_3_2_2025_04_14,QA Database Schema - Datastream v1.3.2 (2025-04-14).pdf,vw_Ds2TotalReturn,Underlying Table Index Fields,,,,54,54
qa_database_schema_datastream_v1_3_2_2025_04_14,QA Database Schema - Datastream v1.3.2 (2025-04-14).pdf,vw_Ds2FxCross,Underlying Table Index Fields,,,,54,58
qa_database_schema_datastream_v1_3_2_2025_04_14,QA Database Schema - Datastream v1.3.2 (2025-04-14).pdf,vw_Ds2MktCap,"Underlying Table Index Fields | derived from the underlying table value by multiplying by 1,000.",,,,58,59
qa_database_schema_datastream_v1_3_2_2025_04_14,QA Database Schema - Datastream v1.3.2 (2025-04-14).pdf,vw_Ds2FreeFloatMktCap,"Underlying Table Index Fields | underlying table value and multiplied by 1,000.",,,,59,59
qa_database_schema_datastream_v1_3_2_2025_04_14,QA Database Schema - Datastream v1.3.2 (2025-04-14).pdf,vw_Ds2ConsolidatedMktCap,Underlying Table Index Fields | maintained by Datastream. The view adjusts the underlying table value by,,,,59,61
qa_database_schema_deals_m_and_a_v1_0_8_2025_06_27,QA Database Schema - Deals M and A v1.0.8 (2025-06-27).pdf,DLAcctInfo,Auditor and Accountant Information | This table contains information for the list of auditors and accountants involved in various deals.,Daily,N/A,,8,8
qa_database_schema_deals_m_and_a_v1_0_8_2025_06_27,QA Database Schema - Deals M and A v1.0.8 (2025-06-27).pdf,DLAdvisor,Advisor Information | This table contains information for the advisors in a deal.,Daily Adjusted: N/A,,"pk_DLAccInfo AcctId PK_DLAdvisor PrimOrgCIDGen, AdvOrgCIDGen, AssetClassCode, TransactionId, PrimRoleCode, AdvRoleCode LSEG Quantitative Analytics Database Schema for Deals M&A 9 CORPORATE",8,9
qa_database_schema_deals_m_and_a_v1_0_8_2025_06_27,QA Database Schema - Deals M and A v1.0.8 (2025-06-27).pdf,DLAdvisorsFee,Advisor Fee Information | This table contains information for advisor fess in a deal.,Daily,N/A,,9,9
qa_database_schema_deals_m_and_a_v1_0_8_2025_06_27,QA Database Schema - Deals M and A v1.0.8 (2025-06-27).pdf,DLAdvSubRole,Advisor Sub Role Information | This table contains the sub role corresponding to the primary role played by an advisor.,Daily,N/A,"PK_DLAdvisorsFee TransactionId, PrimRoleCode, AdvOrgCIDGen, AdvRoleCode, FeesCode PK_DLAdvSubRole PrimOrgCIDGen, AdvOrgCIDGen, TransactionId, AdvSubRoleCode , PrimRoleCode, AdvRoleCode, SeqNum LSEG Quantitative Analytics Database Schema for Deals M&A 10 CORPORATE",9,10
qa_database_schema_deals_m_and_a_v1_0_8_2025_06_27,QA Database Schema - Deals M and A v1.0.8 (2025-06-27).pdf,DLCode,Integer Coded Values | This table contains integer coded values.,Daily,N/A,,10,10
qa_database_schema_deals_m_and_a_v1_0_8_2025_06_27,QA Database Schema - Deals M and A v1.0.8 (2025-06-27).pdf,DLConsidDesc,Consideration Textual Value | This table contains the textual value of the consideration offered or sought in a deal.,Daily,N/A,"pk_DLCode Type_, Code pk_DLConsidDesc TransactionId LSEG Quantitative Analytics Database Schema for Deals M&A 11 CORPORATE",10,11
qa_database_schema_deals_m_and_a_v1_0_8_2025_06_27,QA Database Schema - Deals M and A v1.0.8 (2025-06-27).pdf,DLDealDesc,Deal Textual Description | This table contains the textual description of a deal.,Daily,N/A,,11,11
qa_database_schema_deals_m_and_a_v1_0_8_2025_06_27,QA Database Schema - Deals M and A v1.0.8 (2025-06-27).pdf,DLDesc,Type-Code Mapping | This table maps codes to descriptions.,Daily,N/A,,11,11
qa_database_schema_deals_m_and_a_v1_0_8_2025_06_27,QA Database Schema - Deals M and A v1.0.8 (2025-06-27).pdf,DLFinAdvInfo,Financial Advisor Information | This table contains information for the list of banks and other financial advisors involved in various deals.,Daily,N/A,"pk_DLDealDesc TransactionId pk_DLDesc Type_, Code pk_DLFinAdvInfo FinAdvId LSEG Quantitative Analytics Database Schema for Deals M&A 12 CORPORATE",11,12
qa_database_schema_deals_m_and_a_v1_0_8_2025_06_27,QA Database Schema - Deals M and A v1.0.8 (2025-06-27).pdf,DLFinStruct,Deal Financial Structure | This table contains the financial structure of a deal.,Daily,N/A,,12,12
qa_database_schema_deals_m_and_a_v1_0_8_2025_06_27,QA Database Schema - Deals M and A v1.0.8 (2025-06-27).pdf,DLFloatData,Float Data Items | This table contains data items for float data types.,Daily Adjusted: N/A,,"pk_DLFinStruct TransactionId pk_DLFloatData TransactionId, SeqNum, Item LSEG Quantitative Analytics Database Schema for Deals M&A 13 CORPORATE",12,13
qa_database_schema_deals_m_and_a_v1_0_8_2025_06_27,QA Database Schema - Deals M and A v1.0.8 (2025-06-27).pdf,DLIntData,Integer Data Items | This table contains data items for integer data types.,Daily,N/A,,13,13
qa_database_schema_deals_m_and_a_v1_0_8_2025_06_27,QA Database Schema - Deals M and A v1.0.8 (2025-06-27).pdf,DLItem,Item Constituent Information | This table contains information for the constituents of the Deals data.,Daily,N/A,"pk_DLIntData TransactionId, SeqNum, Item pk_DLItem Item LSEG Quantitative Analytics Database Schema for Deals M&A 14 CORPORATE",13,14
qa_database_schema_deals_m_and_a_v1_0_8_2025_06_27,QA Database Schema - Deals M and A v1.0.8 (2025-06-27).pdf,DLLegAdvInfo,Legal Advisor Information | This table contains information for the list of lawyers and legal advisors involved in various deals.,Daily,N/A,,14,14
qa_database_schema_deals_m_and_a_v1_0_8_2025_06_27,QA Database Schema - Deals M and A v1.0.8 (2025-06-27).pdf,DLOrgChg,Entity-related Information for Organizations | This table contains entity-related information for organizations involved in a deal.,Daily,N/A,"pk_DLLegAdvInfo LegAdvId PK_DLOrgChg OrgId, CIDGen LSEG Quantitative Analytics Database Schema for Deals M&A 15 CORPORATE",14,16
qa_database_schema_deals_m_and_a_v1_0_8_2025_06_27,QA Database Schema - Deals M and A v1.0.8 (2025-06-27).pdf,DLOrgInfo,Organization Entity-related Information | This table contains the latest entity-related information for organizations involved in a deal from a concordance,Daily,N/A,,16,16
qa_database_schema_deals_m_and_a_v1_0_8_2025_06_27,QA Database Schema - Deals M and A v1.0.8 (2025-06-27).pdf,DLPriPlyrs,Primary Players Information | This table captures the basic information for the primary players of a deal. The primary players for a deal are the,Daily,N/A,"PK_DLOrgInfo OrgId PK_DLPriPlyrs OrgID, CIDGen, AssetClassCode, TransactionId, PrimRoleCode, SeqNum LSEG Quantitative Analytics Database Schema for Deals M&A 17 CORPORATE",16,17
qa_database_schema_deals_m_and_a_v1_0_8_2025_06_27,QA Database Schema - Deals M and A v1.0.8 (2025-06-27).pdf,DLRelDeal,Related Deals Information | This table contains related deals information pertaining to the transaction.,Daily,N/A,"pk_DLRelDeal TransactionId, RelDealNum, SeqNum LSEG Quantitative Analytics Database Schema for Deals M&A 18 CORPORATE",17,18
qa_database_schema_deals_m_and_a_v1_0_8_2025_06_27,QA Database Schema - Deals M and A v1.0.8 (2025-06-27).pdf,DLTransInfo,Deal-specific Transaction Information | This table contains deal-specific transaction information.,Daily,N/A,"pk_DLTransInfo AssetClassCode, TransactionId LSEG Quantitative Analytics Database Schema for Deals M&A 19 CORPORATE",18,19
qa_database_schema_deals_m_and_a_v1_0_8_2025_06_27,QA Database Schema - Deals M and A v1.0.8 (2025-06-27).pdf,DLVarcharData,Varchar Data Items | This table contains data items for varchar data types.,Daily,N/A,,19,19
qa_database_schema_deals_m_and_a_v1_0_8_2025_06_27,QA Database Schema - Deals M and A v1.0.8 (2025-06-27).pdf,DLOAPermInfo,This table contains the org-level strategic LSEG identifiers (PermIDs) for mapping and reference purposes.,Daily,N/A,"pk_DLVarcharData TransactionId, SeqNum, Item pk_DLOAPermInfo TransactionId, SeqNum LSEG Quantitative Analytics Database Schema for Deals M&A 20 CORPORATE",19,22
qa_database_schema_deals_m_and_a_v1_0_8_2025_06_27,QA Database Schema - Deals M and A v1.0.8 (2025-06-27).pdf,DLEqTransInfo,This table contains Equity transaction attributes that are available on a per deal basis. It will only include publicly | table where Type_ = 17. | references the DLCode table where Type_ = 18. | for the offering. Cross references the DLCode table where Type_ | references the DLCode table where Type_ = 20. | references the DLCode table where Type_ = 29. | issued. Cross references the DLCode table where Type_ = 21. | Cross references the DLCode table where Type_ = 22. | BearerOrRegis tinyint Y Bearer/Registered. Cross references the DLCode table where | DLCode table where Type_ = 31. | RankEligibleFlg tinyint Y Rank Eligible Flag. Cross references the DLCode table where | AuditorCode smallint Y Issuer's Auditor Short Name. Cross references the DLCode table | LockupProvCode tinyint Y Lock up Provision. Cross references the DLCode table where | IPOListExchCode smallint Y Exchange Listing of IPO. Cross references the DLCode table | the DLCode table where Type_ = 15.,Daily,N/A,"pk_DLEqTransInfo TransactionId, SeqNum LSEG Quantitative Analytics Database Schema for Deals M&A 23 CORPORATE",22,23
qa_database_schema_deals_m_and_a_v1_0_8_2025_06_27,QA Database Schema - Deals M and A v1.0.8 (2025-06-27).pdf,DLEqTransdata,This table contains Equity transaction attributes that have 1:M values against a TransactionId.,Daily,N/A,"pk_DLEqTransdata TransactionId, SeqNum, Item LSEG Quantitative Analytics Database Schema for Deals M&A 24 CORPORATE",23,24
qa_database_schema_deals_m_and_a_v1_0_8_2025_06_27,QA Database Schema - Deals M and A v1.0.8 (2025-06-27).pdf,DLEqItem,This table contains item codes assigned to each individual attribute in the DlEqTransData table. | DataTables varchar(20) Y Numeric code for the Table that corresponding Item joins to.,Daily,N/A,,24,24
qa_database_schema_deals_m_and_a_v1_0_8_2025_06_27,QA Database Schema - Deals M and A v1.0.8 (2025-06-27).pdf,DLEqInstrInfo,"This table contains the security-level identifiers like CUSIP, SEDOL, and ISIN for mapping and reference",Daily,N/A,pk_DLEqItem Item pk_DLEqInstrInfo TransactionId LSEG Quantitative Analytics Database Schema for Deals M&A 25 CORPORATE,24,25
qa_database_schema_deals_m_and_a_v1_0_8_2025_06_27,QA Database Schema - Deals M and A v1.0.8 (2025-06-27).pdf,DLPermInfo,This table contains the org-level strategic LSEG identifiers (PermIDs) for mapping and reference purposes.,Daily,N/A,"pk_DLPermInfo TransactionId, SeqNum LSEG Quantitative Analytics Database Schema for Deals M&A Copyright © 2025 London Stock Exchange Group plc and its group of companies (LSEG) and/or its affiliates. All rights reserved. The LSEG content received through this service is the intellectual property of LSEG or its third party suppliers. Republicati on or redistribution of content provided by LSEG is expressly prohibited without the prior written consent of LSEG, except where permitted by the terms of the relevant LSEG service agreement. Neither LSEG nor its third party suppliers shall be liable for any errors, omissions or delays in content, or for any actions taken in reliance thereon. LSEG and its logo are trademarks of LSEG. For more information visit us at www.lseg.com",25,26
qa_database_schema_esg_v1_0_8_2022_04_11,QA Database Schema - ESG v1.0.8 (2022-04-11).pdf,A4CatData,Category Scores Data | This table provides a snapshot of the scores associated with each category. The scores are provided for each | is 835 – 852. Refer to the A4Item table for more information.,Once every two weeks for incremental files. Once a year for history files.,N/A,"pkey_A4CatData (Clustered) OrgID, Item, SeqNo, FisYear",7,7
qa_database_schema_esg_v1_0_8_2022_04_11,QA Database Schema - ESG v1.0.8 (2022-04-11).pdf,A4CmpChg,"Data Change Information | This table contains any changes to the OrgName, Asset4Id, Primary Exchange, or TRBC Code data that comes in",Once every two weeks for incremental files. Once a year for history files.,N/A,"pkey_A4CmpChg (Clustered) OrgID, Item, StartDate",7,8
qa_database_schema_esg_v1_0_8_2022_04_11,QA Database Schema - ESG v1.0.8 (2022-04-11).pdf,A4CmpFData,"Company Float Data | This table contains float data for all the data points related to Company Values, Company Controversies, and",Once every two weeks for incremental files. Once a year for history files.,N/A,"pkey_A4CmpFData (Clustered) OrgId, Item, SeqNo, FisYear A4CmpFData_1 OrgId, Item, FYEndDate",8,8
qa_database_schema_esg_v1_0_8_2022_04_11,QA Database Schema - ESG v1.0.8 (2022-04-11).pdf,A4CmpIData,"Company Boolean Data | This table contains Boolean data for all the data points related to Company Values, Company Controversies, and",Once every two weeks for incremental files; once a year for history files.,N/A,"pkey_A4CmpIData (Clustered) OrgId, Item, SeqNo, FisYear A4CmpIData_1 OrgId, Item, FYEndDate",8,9
qa_database_schema_esg_v1_0_8_2022_04_11,QA Database Schema - ESG v1.0.8 (2022-04-11).pdf,A4CmpInfo,"Company Information | For a particular organization code, this table contains the corresponding Asset4Id, Company name, and TRBC",Daily,N/A,pkey_A4CmpInfo (Clustered) OrgID,9,9
qa_database_schema_esg_v1_0_8_2022_04_11,QA Database Schema - ESG v1.0.8 (2022-04-11).pdf,A4CmpSData,"Company String and Varchar Data | This table contains string or varchar data for all the data points related to Company Values, Company",Once every two weeks for incremental files; once a year for history files.,N/A,"pkey_A4CmpSData (Clustered) OrgId, Item, SeqNo, FisYear A4CmpSData_1 OrgId, Item, FYEndDate",9,10
qa_database_schema_esg_v1_0_8_2022_04_11,QA Database Schema - ESG v1.0.8 (2022-04-11).pdf,A4CmpSummData,Company Score Information | This table contains the overall score and the pillar scores for all companies on a yearly basis.,Once every two weeks for incremental files; once a year for history files.,N/A,"pkey_A4CmpSummData (Clustered) OrgID, SeqNo, FisYear A4CmpSummData_1 OrgID, FYEndDate",10,11
qa_database_schema_esg_v1_0_8_2022_04_11,QA Database Schema - ESG v1.0.8 (2022-04-11).pdf,A4Code,Numeric Codes | This table contains descriptions of ESG numeric codes.,Once every two weeks for incremental files. Once a year for history files.,N/A,"pkey_A4Code (Clustered) Type_, Code",11,11
qa_database_schema_esg_v1_0_8_2022_04_11,QA Database Schema - ESG v1.0.8 (2022-04-11).pdf,A4Desc,Character Code Descriptions | This table contains descriptions of ESG character codes.,Once every two weeks for incremental files; once a year for history files.,N/A,"pkey_A4Desc (Clustered) Type_, Code",11,11
qa_database_schema_esg_v1_0_8_2022_04_11,QA Database Schema - ESG v1.0.8 (2022-04-11).pdf,A4DriverData,"Driver Indicator Data | This table contains the scores, latest scores, and values associated with all the Driver Indicators. | 928. Refer to the A4Item table for more information.",Once every two weeks for incremental files; once a year for history files.,N/A,"pkey_A4DriverData (Clustered) OrgID, Item, SeqNo, FisYear",11,12
qa_database_schema_esg_v1_0_8_2022_04_11,QA Database Schema - ESG v1.0.8 (2022-04-11).pdf,A4IndAggrData,Industry Aggregated Data | This table contains industry aggregated values for some of the data points. The scores are aggregated based on,Once every two weeks for incremental files; once a year for history files.,N/A,"pkey_A4IndAggrData (Clustered) Item, BusTRBCId, FisYear A4IndAggrData_1 BusTRBCId, Item",12,12
qa_database_schema_esg_v1_0_8_2022_04_11,QA Database Schema - ESG v1.0.8 (2022-04-11).pdf,A4Item,"Data Items | This table contains the data points that belong to all the files: Company Values, Company Controversies, | Company Negative Screening, Board Members, Non Board Members, and Industry Aggregates. This table | provides details for the type of value a particular item holds and the table where the value resides. | DataTypeCode tinyint Y DataTypeCode determines the table to which the item belongs. | TableCode tinyint Y TableCode is the data table in which the value pertaining to the item",Once every two weeks for incremental files; once a year for history files.,N/A,pkey_A4Item (Clustered) Item A4Item_1 Mnemonic A4Item_2 TableCode Chapter 0: 2. ESG Database Schema A4MemFData: Board Member Float Data 13 CORPORATE A4Item_3 Title,12,13
qa_database_schema_esg_v1_0_8_2022_04_11,QA Database Schema - ESG v1.0.8 (2022-04-11).pdf,A4MemFData,Board Member Float Data | This table contains float data for all the Board Member and Non Board Member related data points.,Once every two weeks for incremental files; once a year for history files.,N/A,"pkey_A4MemFData (Clustered) OrgID, Item, MemberID, FisYear A4MemFData_1 OrgID, Item, FYEndDate A4MemFData_2 OrgID, Item, MemberID, IsBMember, FYEndDate",13,14
qa_database_schema_esg_v1_0_8_2022_04_11,QA Database Schema - ESG v1.0.8 (2022-04-11).pdf,A4MemIData,Board Member Boolean Data | This table contains Boolean data for all the Board Member and Non Board Member related data points. The,Once every two weeks for incremental files; once a year for history files.,N/A,"pkey_A4MemIData (Clustered) OrgID, Item, MemberID, FisYear A4MemIData_1 OrgID, Item, FYEndDate A4MemIData_2 OrgID, Item, MemberID, IsBMember, FYEndDate",14,14
qa_database_schema_esg_v1_0_8_2022_04_11,QA Database Schema - ESG v1.0.8 (2022-04-11).pdf,A4MemSData,Board Member String and Varchar Data | This table contains string or varchar data for all the Board Member and Non Board Member related data points.,Once every two weeks for incremental files; once a year for history files.,N/A,"pkey_A4MemSData (Clustered) OrgID, Item, MemberID, FisYear A4MemSData_1 OrgID, Item, FYEndDate A4MemSData_2 OrgID, Item, MemberID, IsBMember, FYEndDate Chapter 0: 2. ESG Database Schema A4OutcomeData: Outcome Indicator Data 15 CORPORATE",14,15
qa_database_schema_esg_v1_0_8_2022_04_11,QA Database Schema - ESG v1.0.8 (2022-04-11).pdf,A4OutcomeData,"Outcome Indicator Data | This table contains the scores, latest scores, and values associated with all the Outcome Indicators. | codes is 929 – 1140. Refer to the A4Item table for more information. | The standard Asset4 to Core Table mapping using ventype=46 (ASSET4) is based on one to one mapping logic",Once every two weeks for incremental files; once a year for history files.,N/A,"pkey_A4OutcomeData (Clustered) OrgID, Item, SeqNo, FisYear",15,18
qa_database_schema_esg_version_2_v1_1_2_2022_09_12,QA Database Schema - ESG Version 2 v1.1.2 (2022-09-12).pdf,ESGOrgIndCls,Organization Industry Classifications | This table contains organization industry classification information.,Weekly,N/A,pkey_ESGOrgIndCls (clustered) OrgPermId,7,7
qa_database_schema_esg_version_2_v1_1_2_2022_09_12,QA Database Schema - ESG Version 2 v1.1.2 (2022-09-12).pdf,ESGItem,Data Items | An itemized table for all the ESG metrics. This table stores the metadata of all ESG metrics and the table where | TableCode tinyint Yes The data table in which the value pertaining to the item resides.,Weekly,N/A,pkey_ESGItem (clustered) Item,7,8
qa_database_schema_esg_version_2_v1_1_2_2022_09_12,QA Database Schema - ESG Version 2 v1.1.2 (2022-09-12).pdf,ESGCode,Integer Code Descriptions | This table contains descriptions for the integer codes.,Weekly,N/A,"pkey_ESGCode (clustered) Type_, Code",8,9
qa_database_schema_esg_version_2_v1_1_2_2022_09_12,QA Database Schema - ESG Version 2 v1.1.2 (2022-09-12).pdf,ESGDesc,Character Codes Descriptions | This table contains descriptions for the character codes.,Weekly,N/A,"pkey_ESGDesc (clustered) Type_, Code",9,9
qa_database_schema_esg_version_2_v1_1_2_2022_09_12,QA Database Schema - ESG Version 2 v1.1.2 (2022-09-12).pdf,ESGEnvDataPoint,Environmental Data Points | This table contains standardized company data for environmental data points.,Weekly,N/A,"pkey_ESGEnvDataPoint (clustered) OrgPermId, Item, FY",9,9
qa_database_schema_esg_version_2_v1_1_2_2022_09_12,QA Database Schema - ESG Version 2 v1.1.2 (2022-09-12).pdf,ESGEnvIndicator,Environmental Indicators | This table contains standardized company data for environmental indicators.,Weekly,N/A,"pkey_ESGEnvIndicator (clustered) OrgPermId, Item, FY",9,10
qa_database_schema_esg_version_2_v1_1_2_2022_09_12,QA Database Schema - ESG Version 2 v1.1.2 (2022-09-12).pdf,ESGSocDataPoint,Social Data Points | This table contains standardized company data for social data points.,Weekly,N/A,"pkey_ESGSocDataPoint (clustered) OrgPermId, Item, FY",10,10
qa_database_schema_esg_version_2_v1_1_2_2022_09_12,QA Database Schema - ESG Version 2 v1.1.2 (2022-09-12).pdf,ESGSocIndicator,Social Indicators | This table contains standardized company data for social indicators.,Weekly,N/A,"pkey_ESGSocIndicator (clustered) OrgPermId, Item, FY",10,11
qa_database_schema_esg_version_2_v1_1_2_2022_09_12,QA Database Schema - ESG Version 2 v1.1.2 (2022-09-12).pdf,ESGGovDataPoint,Governance Data Points | This table contains standardized company data for governance data points.,Weekly,N/A,"pkey_ESGGovDataPoint (clustered) OrgPermId, Item, FY",11,11
qa_database_schema_esg_version_2_v1_1_2_2022_09_12,QA Database Schema - ESG Version 2 v1.1.2 (2022-09-12).pdf,ESGGovIndicator,Governance Indicators | This table contains standardized company data for governance indicators.,Weekly,N/A,"pkey_ESGGovIndicator (clustered) OrgPermId, Item, FY",11,12
qa_database_schema_esg_version_2_v1_1_2_2022_09_12,QA Database Schema - ESG Version 2 v1.1.2 (2022-09-12).pdf,ESGAsRepData,As Reported Data | This table contains the as reported data for the data points.,Weekly,N/A,"pkey_ESGAsRepData (clustered) OrgPermId, Item, FY, ValueId",12,12
qa_database_schema_esg_version_2_v1_1_2_2022_09_12,QA Database Schema - ESG Version 2 v1.1.2 (2022-09-12).pdf,ESGSourceMap,Data Item to Source Mapping | This table contains the source data links to the data measures.,Weekly,N/A,"pkey_ESGSourceMap (clustered) OrgPermId, Item, FY, SourceId",12,13
qa_database_schema_esg_version_2_v1_1_2_2022_09_12,QA Database Schema - ESG Version 2 v1.1.2 (2022-09-12).pdf,ESGSourceData,Source Information | This table contains the source information.,Weekly,N/A,pkey_ESGSourceData (clustered) SourceID,13,13
qa_database_schema_esg_version_2_v1_1_2_2022_09_12,QA Database Schema - ESG Version 2 v1.1.2 (2022-09-12).pdf,ESGScores,"ESG Category, Pillar, and Summary Scores | This table contains the ESG category scores, pillar scores, and summary scores.",Weekly,N/A,"pkey_ESGScores (clustered) OrgPermId, Item, FY",13,14
qa_database_schema_esg_version_2_v1_1_2_2022_09_12,QA Database Schema - ESG Version 2 v1.1.2 (2022-09-12).pdf,ESGDnIRatings,Company Diversity and Inclusion Ratings | This table contains the company's diversity and inclusion ratings.,Weekly,N/A,"pkey_ESGDnIRatings (clustered) OrgPermId, Item, FY",14,15
qa_database_schema_esg_version_2_v1_1_2_2022_09_12,QA Database Schema - ESG Version 2 v1.1.2 (2022-09-12).pdf,ESGStmtDet,Financial Period | This table contains financial period details.,Weekly,N/A,"pkey_ESGStmtDet (clustered) OrgPermId, FY",15,16
qa_database_schema_eu_taxonomy_v1_1_2025_07_08,QA Database Schema - EU Taxonomy v1.1 (2025-07-08).pdf,EUTOrgClassDet,This table provides the organization's reported financial information for a given financial period. Out of those,Monthly,N/A,"pkey_EUTOrgClassDet (Clustered) OrgPermID, FY, IsRepOrDer, Item",6,6
qa_database_schema_eu_taxonomy_v1_1_2025_07_08,QA Database Schema - EU Taxonomy v1.1 (2025-07-08).pdf,EUTSegClassDet,"This table provide the total amounts reported by the organization broken down by segments, and the total eligible",Monthly,N/A,"pkey_EUTSegClassDet (Clustered) OrgPermID, FY, IsRepOrDer, Item, EUTSegCode",6,7
qa_database_schema_eu_taxonomy_v1_1_2025_07_08,QA Database Schema - EU Taxonomy v1.1 (2025-07-08).pdf,EUTObjClassDet,"This table has each organization's reported data tested against the EU Taxonomy technical screening criteria,",Monthly,N/A,"pkey_EUTObjClassDet (Clustered) OrgPermID, FY, IsRepOrDer, Item, ObjTypeCode, SegCode",7,8
qa_database_schema_eu_taxonomy_v1_1_2025_07_08,QA Database Schema - EU Taxonomy v1.1 (2025-07-08).pdf,EUTObjClassAct,"This table has each organization's reported data tested against the EU Taxonomy technical screening criteria,",Monthly,N/A,"pkey_EUTObjClassAct (Clustered) OrgPermID, FY, IsRepOrDer, EUTActID, Item, SrcSegID",8,9
qa_database_schema_eu_taxonomy_v1_1_2025_07_08,QA Database Schema - EU Taxonomy v1.1 (2025-07-08).pdf,EUTObjClassTSC,"This table has each organization's reported data tested against the EU Taxonomy technical screening criteria,",Monthly,N/A,"pkey_EUTObjClassAct (Clustered) OrgPermID, FY, IsRepOrDer, EUTActID, EUTActTSCID, SrcSegID",9,9
qa_database_schema_eu_taxonomy_v1_1_2025_07_08,QA Database Schema - EU Taxonomy v1.1 (2025-07-08).pdf,Example,TR.CementCO2Emission,,,,9,9
qa_database_schema_eu_taxonomy_v1_1_2025_07_08,QA Database Schema - EU Taxonomy v1.1 (2025-07-08).pdf,EUTObjClassTSCMsr,This table has each organization's reported data tested against the EU Taxonomy technical screening criteria and,Monthly,N/A,"pkey_EUTObjClassTSCMsr (Clustered) OrgPermID, FY, IsRepOrDer, EUTActID, EUTActTSCID, MsrGrpNo, SrcSegID LSEG Quantitative Analytics Database Schema for EU Taxonomy 10 CORPORATE",9,10
qa_database_schema_eu_taxonomy_v1_1_2025_07_08,QA Database Schema - EU Taxonomy v1.1 (2025-07-08).pdf,Example,"Annual report, company website, CSR Report, etc.",,,,10,10
qa_database_schema_eu_taxonomy_v1_1_2025_07_08,QA Database Schema - EU Taxonomy v1.1 (2025-07-08).pdf,EUTPassSSG,"This table provides Minimum Social Safeguards, which have been achieved for the given Fiscal Period, for each",Monthly,N/A,"pkey_EUTPassSSG (Clustered) OrgPermID, FY, IsRepOrDer, TSCId",10,11
qa_database_schema_eu_taxonomy_v1_1_2025_07_08,QA Database Schema - EU Taxonomy v1.1 (2025-07-08).pdf,EUTGblAct,This table contains a list of sustainable activities which meet the specifications set out by the European,Monthly,N/A,pkey_EUTGblAct (Clustered) EUTActID,11,12
qa_database_schema_eu_taxonomy_v1_1_2025_07_08,QA Database Schema - EU Taxonomy v1.1 (2025-07-08).pdf,EUTGblActNACE,"This table contains a mapping of sustainable activities, which meet the specifications set out by the European",Monthly,N/A,"pkey_EUTGblActNACE (Clustered) EUTActID, NaceID",12,12
qa_database_schema_eu_taxonomy_v1_1_2025_07_08,QA Database Schema - EU Taxonomy v1.1 (2025-07-08).pdf,Example,TR.CementCO2Emission,,,,12,12
qa_database_schema_eu_taxonomy_v1_1_2025_07_08,QA Database Schema - EU Taxonomy v1.1 (2025-07-08).pdf,EUTGblActScrCrt,"This table contains a mapping of sustainable activities and Technical Screening Criteria that specify, for a given",Monthly,N/A,"pkey_EUTGblActScrCrt (Clustered) EUTActID, EUTCrtID",12,13
qa_database_schema_eu_taxonomy_v1_1_2025_07_08,QA Database Schema - EU Taxonomy v1.1 (2025-07-08).pdf,EUTGblActScrCrtMsr,"This table contains the environmental, social and governance measures that are used for the Technical",Monthly,N/A,"pkey_EUTGblActScrCrtMsr (Clustered) EUTActID, EUTCrtID, ESGMeasureNo",13,13
qa_database_schema_eu_taxonomy_v1_1_2025_07_08,QA Database Schema - EU Taxonomy v1.1 (2025-07-08).pdf,Example,TR.CementCO2Emission,,,,13,13
qa_database_schema_eu_taxonomy_v1_1_2025_07_08,QA Database Schema - EU Taxonomy v1.1 (2025-07-08).pdf,EUTGblGrRevBO,This table provides reported or estimated revenues from the micro-sector classified by the Green Revenue,Monthly,N/A,"pkey_EUTGblGrRevBO (Clustered) OrgPermID, FY, SegCode, SegID",13,14
qa_database_schema_eu_taxonomy_v1_1_2025_07_08,QA Database Schema - EU Taxonomy v1.1 (2025-07-08).pdf,EUTSegRevBD,This table provides reported or estimated revenues from the organization's TRBC sector.,Monthly,N/A,"pkey_EUTSegRevBD (Clustered) OrgPermID, FY, SegCode, SegID",14,15
qa_database_schema_eu_taxonomy_v1_1_2025_07_08,QA Database Schema - EU Taxonomy v1.1 (2025-07-08).pdf,EUTGblFinSeg,This table contains the information about financial segments for an organization.,Monthly,N/A,"pkey_EUTGblFinSeg (Clustered) OrgPermID, SegID",15,18
qa_database_schema_eu_taxonomy_v1_1_2025_07_08,QA Database Schema - EU Taxonomy v1.1 (2025-07-08).pdf,EUTGblFinSegHrch,This table contains the information about financial segments and industry for an organization.,Monthly,N/A,"pkey_EUTGblFinSegHrch (Clustered) OrgPermID, SegID, HrchCode",18,19
qa_database_schema_eu_taxonomy_v1_1_2025_07_08,QA Database Schema - EU Taxonomy v1.1 (2025-07-08).pdf,EUTGblFinSegStmt,This table provides statement and source data reported by the company.,Monthly,N/A,"pkey_EUTGblFinSegStmt (Clustered) FndID, PerID, SrcID, StdCurrID, StmtCurrID, StmtTypeCode",19,23
qa_database_schema_eu_taxonomy_v1_1_2025_07_08,QA Database Schema - EU Taxonomy v1.1 (2025-07-08).pdf,EUTGblFinSegVal,This table provides segment-wise revenue reported by the company.,Monthly,N/A,"pkey_EUTGblFinSegVal (Clustered) FndID, PerID, SrcID, StdCurrID, StmtCurrID, StmtTypeCode, LineItemID",23,26
qa_database_schema_eu_taxonomy_v1_1_2025_07_08,QA Database Schema - EU Taxonomy v1.1 (2025-07-08).pdf,EUTCode,This table contains descriptions for integer codes.,Monthly,N/A,"pkey_EUTCode (Clustered) Type_, Code_",26,27
qa_database_schema_eu_taxonomy_v1_1_2025_07_08,QA Database Schema - EU Taxonomy v1.1 (2025-07-08).pdf,EUTDesc,This table contains descriptions for the character codes.,Monthly,N/A,"pkey_EUTDesc (Clustered) Type_, Code_",27,27
qa_database_schema_eu_taxonomy_v1_1_2025_07_08,QA Database Schema - EU Taxonomy v1.1 (2025-07-08).pdf,EUTItem,This table contains the reported financial items and their meta data. | TableName varchar(50) Yes The data table in which the value pertaining to the item resides.,Monthly,N/A,pkey_EUTItem (Clustered) Item,27,28
qa_database_schema_fixed_income_ejv_v1_0_8_2023_03_30,QA Database Schema - Fixed Income EJV v1.0.8 (2023-03-30).pdf,FISecCspChgX,Fixed Income Security Master CUSIP Changes | Use this table to retrieve the CUSIP history of a fixed income security (global and domestic).,Daily,Yes,"pkey_FISecCspChgX (Clustered) Type_, SecCode, StartDate",8,8
qa_database_schema_fixed_income_ejv_v1_0_8_2023_03_30,QA Database Schema - Fixed Income EJV v1.0.8 (2023-03-30).pdf,FISecIsinChgX,Fixed Income Security Master ISIN Changes | Use this table to retrieve the ISIN history of a fixed income security (global and domestic).,Daily,Yes,"pkey_FISecIsinChgX (Clustered) Type_, SecCode, StartDate LSEG Quantitative Analytics Database Schema for Fixed Income EJV 9 CORPORATE",8,9
qa_database_schema_fixed_income_ejv_v1_0_8_2023_03_30,QA Database Schema - Fixed Income EJV v1.0.8 (2023-03-30).pdf,FISecMapX,Fixed Income Security Map | This table provides mapping to vendor codes including ranking and time series.,Daily,N/A,"pkey_FISecMapX (Clustered) Type_, SecCode, VenType, Rank",9,9
qa_database_schema_fixed_income_ejv_v1_0_8_2023_03_30,QA Database Schema - Fixed Income EJV v1.0.8 (2023-03-30).pdf,FISecMstrX,"Fixed Income Security Master | This table returns the master fixed income security record (global and domestic) from the ID, CUSIP, SEDOL, or",Daily,Yes,"pkey_FISecMstrX (Clustered) SecCode, Type_",9,10
qa_database_schema_fixed_income_ejv_v1_0_8_2023_03_30,QA Database Schema - Fixed Income EJV v1.0.8 (2023-03-30).pdf,FISecSdlChgX,Fixed Income Security Master Primary SEDOL | This table provides SEDOL change history for fixed income master securities (global and domestic).,Daily Adjusted: Yes,,"pkey_FISecSdlChgX (Clustered) Type_, SecCode, StartDate",10,13
qa_database_schema_fixed_income_ejv_v1_0_8_2023_03_30,QA Database Schema - Fixed Income EJV v1.0.8 (2023-03-30).pdf,FIEJVCap,Capitalization Schedule Information | This table contains capitalization schedule information.,"Daily, Monday – Friday",N/A,"pkey_FIEJVCap (Clustered) InstrCode, CapDate",13,13
qa_database_schema_fixed_income_ejv_v1_0_8_2023_03_30,QA Database Schema - Fixed Income EJV v1.0.8 (2023-03-30).pdf,FIEJVCode,Numeric Codes | This table contains descriptions of Fixed Income EJV numeric codes.,"Daily, Monday – Friday",N/A,"pkey_FIEJVCode (Clustered) Type_, Code",13,13
qa_database_schema_fixed_income_ejv_v1_0_8_2023_03_30,QA Database Schema - Fixed Income EJV v1.0.8 (2023-03-30).pdf,FIEJVCpn,Asset Interest Cash Flow Information | This table contains the data elements necessary for determining the interest cash flows for an asset. | Item int N Item is a code representing the respective item. See the FIEJVItem table,"Daily, Monday – Friday",N/A,"pkey_FIEJVCpn (Clustered) InstrCode, CpnLegNum, Item",13,14
qa_database_schema_fixed_income_ejv_v1_0_8_2023_03_30,QA Database Schema - Fixed Income EJV v1.0.8 (2023-03-30).pdf,FIEJVCpnFltRate,Asset Coupon Rates | This table maintains the current and historical coupon rates for those assets that have coupons. There will be | may have more than one entry in this table for past rate changes.,"Daily, Monday – Friday",N/A,"pkey_FIEJVCpnFltRate (Clustered) InstrCode, EffDate",14,14
qa_database_schema_fixed_income_ejv_v1_0_8_2023_03_30,QA Database Schema - Fixed Income EJV v1.0.8 (2023-03-30).pdf,FIEJVCpnHdr,Instrument Coupon Terms | This table contains the coupon terms for an instrument.,"Daily, Monday – Friday",N/A,pkey_FIEJVCpnHdr (Clustered) InstrCode,14,15
qa_database_schema_fixed_income_ejv_v1_0_8_2023_03_30,QA Database Schema - Fixed Income EJV v1.0.8 (2023-03-30).pdf,FIEJVCurve,Curve Information | This table contains curve information that shows the relationship between the interest rate and the time to,"Daily, Monday – Friday",N/A,pkey_FIEJVCurve (Clustered) CurveId,15,16
qa_database_schema_fixed_income_ejv_v1_0_8_2023_03_30,QA Database Schema - Fixed Income EJV v1.0.8 (2023-03-30).pdf,FIEJVCurveBenchmark,"Benchmark Curve Information | This table contains curve/point information, allowing for multiple yield curves per country.","Daily, Monday – Friday",N/A,"pkey_FIEJVCurveBenchmark (Clustered) CurveId, PointID, InstrCode, StartDate",16,16
qa_database_schema_fixed_income_ejv_v1_0_8_2023_03_30,QA Database Schema - Fixed Income EJV v1.0.8 (2023-03-30).pdf,FIEJVCurvePoint,Curve Point Information | This table contains information about the different points on the curve and the calculation method used for,"Daily, Monday – Friday",N/A,"pkey_FIEJVCurvePoint (Clustered) CurveId, PointID",16,17
qa_database_schema_fixed_income_ejv_v1_0_8_2023_03_30,QA Database Schema - Fixed Income EJV v1.0.8 (2023-03-30).pdf,FIEJVDebtFactor,TIPS Support | This table provides support for Treasury Inflation Protected Securities (TIPS).,"Daily, Monday – Friday",N/A,"pkey_FIEJVDebtFactor (Clustered) InstrCode, DebtFactorDate",17,17
qa_database_schema_fixed_income_ejv_v1_0_8_2023_03_30,QA Database Schema - Fixed Income EJV v1.0.8 (2023-03-30).pdf,FIEJVDenHdr,Security Denominations | This table contains a listing of the tradeable amounts for a security (denominations).,"Daily, Monday – Friday",N/A,"pkey_FIEJVDenHdr (Clustered) InstrCode, ISOCurCode, SeqNum",17,18
qa_database_schema_fixed_income_ejv_v1_0_8_2023_03_30,QA Database Schema - Fixed Income EJV v1.0.8 (2023-03-30).pdf,FIEJVDesc,Character Code Descriptions | This table contains descriptions of FIEJV character codes.,"Daily, Monday – Friday",N/A,"pkey_FIEJVDesc (Clustered) Type_, Code",18,18
qa_database_schema_fixed_income_ejv_v1_0_8_2023_03_30,QA Database Schema - Fixed Income EJV v1.0.8 (2023-03-30).pdf,FIEJVExDivSched,Ex-Dividend Schedule | This table contains a schedule of ex-dividend dates for assets with the ex-dividend calendar code of “as,"Daily, Monday – Friday",N/A,"pkey_FIEJVExDivSched (Clustered) InstrCode, ExDivDate",18,18
qa_database_schema_fixed_income_ejv_v1_0_8_2023_03_30,QA Database Schema - Fixed Income EJV v1.0.8 (2023-03-30).pdf,FIEJVFngHdr,Fungible Security Information | This table contains the instrument codes that identify fungible issues and exchange offers. | the same terms. See the FIEJVItem table (Item) for a complete list of codes.,"Daily, Monday – Friday",N/A,"pkey_FIEJVFngHdr (Clustered) InstrCode, Item, GemInstrID LSEG Quantitative Analytics Database Schema for Fixed Income EJV 19 CORPORATE",18,19
qa_database_schema_fixed_income_ejv_v1_0_8_2023_03_30,QA Database Schema - Fixed Income EJV v1.0.8 (2023-03-30).pdf,FIEJVFormula,Formula String | This table contains the formula string associated with a formula ID.,"Daily, Monday – Friday",N/A,pkey_FIEJVFormula (Clustered) FmlID,19,19
qa_database_schema_fixed_income_ejv_v1_0_8_2023_03_30,QA Database Schema - Fixed Income EJV v1.0.8 (2023-03-30).pdf,FIEJVFormulaHdr,FRN Formula Components | This table contains the formula components for FRNs in postfix order.,"Daily, Monday – Friday",N/A,"pkey_FIEJVFormulaHdr (Clustered) FmlID, PayFmlSeqNum",19,20
qa_database_schema_fixed_income_ejv_v1_0_8_2023_03_30,QA Database Schema - Fixed Income EJV v1.0.8 (2023-03-30).pdf,FIEJVGEMPermIDMap,"GEM Perm ID Mapping | This table maps the GEM Perm ID with the NAIC code, Clearing code, SIC Code, ISO Country code, Market | table (GEM Perm ID Source Code) for a complete list of codes.","Daily, Monday – Friday",N/A,"pkey_FIEJVGEMPermIDMap (Clustered) GEMPermID, SeqNum",20,20
qa_database_schema_fixed_income_ejv_v1_0_8_2023_03_30,QA Database Schema - Fixed Income EJV v1.0.8 (2023-03-30).pdf,FIEJVGovAuc,Government Treasury Securities Information | This table contains information on securities issued by a government treasury.,"Daily, Monday – Friday",N/A,"pkey_FIEJVGovAuc (Clustered) InstrCode, IssDate",20,21
qa_database_schema_fixed_income_ejv_v1_0_8_2023_03_30,QA Database Schema - Fixed Income EJV v1.0.8 (2023-03-30).pdf,FIEJVGovAucFData,Government Security Float Data | This table contains information on securities issued by a government treasury (float data items). | Item int N Item is a code representing the respective item. See the FIEJVItem table (Item),"Daily, Monday – Friday",N/A,"pkey_FIEJVGovAucFData (Clustered) InstrCode, Item, IssDate",21,21
qa_database_schema_fixed_income_ejv_v1_0_8_2023_03_30,QA Database Schema - Fixed Income EJV v1.0.8 (2023-03-30).pdf,FIEJVItem,"Data Item Information | This table contains descriptive information about data items, coded to an integer that is further referenced in the | TableName varchar(20) Y TableName is the name of the data table in which the item is contained. | The following table provides additional descriptions for some items in the FIEJVItem table.","Daily, Monday – Friday",N/A,pkey_FIEJVItem (Clustered) Item,21,22
qa_database_schema_fixed_income_ejv_v1_0_8_2023_03_30,QA Database Schema - Fixed Income EJV v1.0.8 (2023-03-30).pdf,FIEJVMiscCInfo,Miscellaneous Security Char/Varchar Data | This table contains miscellaneous information on securities (char and varchar data items). | Item int N Item is a code representing the respective item. See the FIEJVItem table (Item),"Daily, Monday – Friday",N/A,"pkey_FIEJVMiscCInfo (Clustered) InstrCode, Item",22,22
qa_database_schema_fixed_income_ejv_v1_0_8_2023_03_30,QA Database Schema - Fixed Income EJV v1.0.8 (2023-03-30).pdf,FIEJVMiscDInfo,Miscellaneous Security Date Data | This table contains miscellaneous information on securities (Date data items). | Item int N Item is a code representing the respective item. See the FIEJVItem table (Item) for a,"Daily, Monday – Friday",N/A,"pkey_FIEJVMiscDInfo (Clustered) InstrCode, Item",22,22
qa_database_schema_fixed_income_ejv_v1_0_8_2023_03_30,QA Database Schema - Fixed Income EJV v1.0.8 (2023-03-30).pdf,FIEJVMiscFInfo,Miscellaneous Security Float Data | This table contains miscellaneous information on securities (float data items). | Item int N Item is a code representing the respective item. See the FIEJVItem table (Item) for,"Daily, Monday – Friday",N/A,"pkey_FIEJVMiscFInfo (Clustered) InstrCode, Item",22,23
qa_database_schema_fixed_income_ejv_v1_0_8_2023_03_30,QA Database Schema - Fixed Income EJV v1.0.8 (2023-03-30).pdf,FIEJVOrgDesc,Asset Issuer Business Description | This table contains the business description for the issuer of the asset.,"Daily, Monday – Friday",N/A,pkey_FIEJVOrgDesc (Clustered) OrgCode,23,23
qa_database_schema_fixed_income_ejv_v1_0_8_2023_03_30,QA Database Schema - Fixed Income EJV v1.0.8 (2023-03-30).pdf,FIEJVOrgIdent,Organization Third Party Identifiers | This table contains a listing of third-party identifiers particular to an organization such as CUSIP and ISIN. | Item int N Item is a code representing the identifier type code. See the FIEJVItem table,"Daily, Monday – Friday",N/A,"pkey_FIEJVOrgIdent (Clustered) OrgCode, Item, SeqNum",23,23
qa_database_schema_fixed_income_ejv_v1_0_8_2023_03_30,QA Database Schema - Fixed Income EJV v1.0.8 (2023-03-30).pdf,FIEJVOrgIndHdr,Organization Industry Sector Details | This table contains industry sector details for a particular organization such as NAIC code and SIC code.,"Daily, Monday – Friday",N/A,"pkey_FIEJVOrgIndHdr (Clustered) OrgCode, Item, Value_ LSEG Quantitative Analytics Database Schema for Fixed Income EJV 24 CORPORATE",23,24
qa_database_schema_fixed_income_ejv_v1_0_8_2023_03_30,QA Database Schema - Fixed Income EJV v1.0.8 (2023-03-30).pdf,FIEJVOrgInfo,Asset Issuer Information | This table contains the basic information for the issuer of the asset.,"Daily, Monday – Friday",N/A,pkey_FIEJVOrgInfo (Clustered) OrgCode,24,25
qa_database_schema_fixed_income_ejv_v1_0_8_2023_03_30,QA Database Schema - Fixed Income EJV v1.0.8 (2023-03-30).pdf,FIEJVOrgName,Asset Issuer Name | This table contains the different names for the issuer of the asset. | organization name type code. See the FIEJVCode table,"Daily, Monday – Friday",N/A,"pkey_FIEJVOrgName (Clustered) OrgCode, OrgNameTypeCode, NameStartDate",25,26
qa_database_schema_fixed_income_ejv_v1_0_8_2023_03_30,QA Database Schema - Fixed Income EJV v1.0.8 (2023-03-30).pdf,FIEJVPayInKind,Pay-in-Kind Security Information | This table contains information specific to pay-in-kind (PIK) securities.,"Daily, Monday – Friday",N/A,"pkey_FIEJVPayInKind (Clustered) InstrCode, EffDate",26,26
qa_database_schema_fixed_income_ejv_v1_0_8_2023_03_30,QA Database Schema - Fixed Income EJV v1.0.8 (2023-03-30).pdf,FIEJVPayInPart,Pay-in-Part Security Information | This table contains information on securities that can be issued in parts.,"Daily, Monday – Friday",N/A,"pkey_FIEJVPayInPart (Clustered) InstrCode, EffDate",26,27
qa_database_schema_fixed_income_ejv_v1_0_8_2023_03_30,QA Database Schema - Fixed Income EJV v1.0.8 (2023-03-30).pdf,FIEJVPrefrdStk,Preferred Stock Information | This table contains information pertaining specifically to preferred stock issues. | FIEJVCode table (PreferredStkDFlag) for a complete list of codes.,"Daily, Monday – Friday",N/A,pkey_FIEJVPrefrdStk (Clustered) InstrCode,27,27
qa_database_schema_fixed_income_ejv_v1_0_8_2023_03_30,QA Database Schema - Fixed Income EJV v1.0.8 (2023-03-30).pdf,FIEJVPrincipalHdr,Asset Principal Cash Flow Data | This table contains the data elements necessary for determining the principal cash flows of an asset. | Item int N Item is a code representing the respective item. See the FIEJVItem table (Item),"Daily, Monday – Friday",N/A,"pkey_FIEJVPrincipalHdr (Clustered) InstrCode, Item, EffDate",27,28
qa_database_schema_fixed_income_ejv_v1_0_8_2023_03_30,QA Database Schema - Fixed Income EJV v1.0.8 (2023-03-30).pdf,FIEJVRdmpRpt,Market Report Data | This table contains market report data.,"Daily, Monday – Friday",N/A,"pkey_FIEJVRdmpRpt (Clustered) InstrCode, SeqNum",28,28
qa_database_schema_fixed_income_ejv_v1_0_8_2023_03_30,QA Database Schema - Fixed Income EJV v1.0.8 (2023-03-30).pdf,FIEJVRdmpRptFData,Market Report Float Data | This table contains float data type market report data items. | Item int N Item is a code representing the respective item. See the FIEJVItem table (Item) for,"Daily, Monday – Friday",N/A,"pkey_FIEJVRdmpRptFData (Clustered) InstrCode, SeqNum, Item",28,29
qa_database_schema_fixed_income_ejv_v1_0_8_2023_03_30,QA Database Schema - Fixed Income EJV v1.0.8 (2023-03-30).pdf,FIEJVSecAdminHdr,"Security Issue Organizations | This table identifies the various organizations (for example, commission agent and deal manager) that have been | FIEJVItem table (Item) for a complete list of codes.","Daily, Monday – Friday",N/A,"pkey_FIEJVSecAdminHdr (Clustered) InstrCode, Item, GemOrgID",29,29
qa_database_schema_fixed_income_ejv_v1_0_8_2023_03_30,QA Database Schema - Fixed Income EJV v1.0.8 (2023-03-30).pdf,FIEJVSecAmt,Outstanding Values | This table contains historical and current amount outstanding values. | FIEJVItem table (Item) for a complete list of codes.,"Daily, Monday – Friday",N/A,"pkey_FIEJVSecAmt (Clustered) InstrCode, Item, AmtDate",29,29
qa_database_schema_fixed_income_ejv_v1_0_8_2023_03_30,QA Database Schema - Fixed Income EJV v1.0.8 (2023-03-30).pdf,FIEJVSecCalendar,Instrument Cut-Off Date Calendar | This table contains the information related to the calendar applicable for cut-off date for an instrument.,"Daily, Monday – Friday",N/A,pkey_FIEJVSecCalendar (Clustered) InstrCode,29,30
qa_database_schema_fixed_income_ejv_v1_0_8_2023_03_30,QA Database Schema - Fixed Income EJV v1.0.8 (2023-03-30).pdf,FIEJVSecGuaUnd,Security Guarantor and Underwriter Organizations | This table identifies the various guarantor and underwriter organizations which have been involved with the issue | FIEJVItem table (Item) for a complete list of codes.,"Daily, Monday – Friday",N/A,"pkey_FIEJVSecGuaUnd (Clustered) InstrCode, GemOrgID, Item, StartDate",30,30
qa_database_schema_fixed_income_ejv_v1_0_8_2023_03_30,QA Database Schema - Fixed Income EJV v1.0.8 (2023-03-30).pdf,FIEJVSecIdent,Issue Third Party Identifiers | This table contains a listing of third-party identifiers particular to an issue such as CUSIP and ISIN. | Item int N Item is a code representing the identifier type code. See the FIEJVItem table,"Daily, Monday – Friday",N/A,"pkey_FIEJVSecIdent (Clustered) InstrCode, Item, SeqNum",30,31
qa_database_schema_fixed_income_ejv_v1_0_8_2023_03_30,QA Database Schema - Fixed Income EJV v1.0.8 (2023-03-30).pdf,FIEJVSecInfo,Security Static Values | This table contains the static values for a particular security. | a security. See the FIEJVCode table (ProspectusDFlag) for a | the FIEJVCode table (SecInfoDFlag) for a complete list of codes.,"Daily, Monday – Friday",N/A,pkey_FIEJVSecInfo (Clustered) InstrCode,31,33
qa_database_schema_fixed_income_ejv_v1_0_8_2023_03_30,QA Database Schema - Fixed Income EJV v1.0.8 (2023-03-30).pdf,FIEJVSecIssInfo,Security Original Issue Information | This table contains information associated with the original issue of the security. | FIEJVCode table (OrigIssDFlag) for a complete list of codes.,"Daily, Monday – Friday",N/A,pkey_FIEJVSecIssInfo (Clustered) InstrCode,33,34
qa_database_schema_fixed_income_ejv_v1_0_8_2023_03_30,QA Database Schema - Fixed Income EJV v1.0.8 (2023-03-30).pdf,FIEJVSecListingHdr,Instrument Countries and Exchanges | This table contains details of the countries and the exchanges on which an instrument is listed and traded.,"Daily, Monday – Friday",N/A,"pkey_FIEJVSecListingHdr (Clustered) InstrCode, Item, SeqNum",34,35
qa_database_schema_fixed_income_ejv_v1_0_8_2023_03_30,QA Database Schema - Fixed Income EJV v1.0.8 (2023-03-30).pdf,FIEJVSecNotes,Conditional Terms | This table contains information on any conditional terms extracted from the prospectus.,"Daily, Monday – Friday",N/A,"pkey_FIEJVSecNotes (Clustered) InstrCode, NoteTypeCode, EffDate, EffTime FIEJVSecNotes_1 InstrCode, EffDate",35,35
qa_database_schema_fixed_income_ejv_v1_0_8_2023_03_30,QA Database Schema - Fixed Income EJV v1.0.8 (2023-03-30).pdf,FIEJVSrcDoc,Security Documentation Sources | This table contains all the related sources of documentation used to model the security.,"Daily, Monday – Friday",N/A,"pkey_FIEJVSrcDoc (Clustered) InstrCode, EffDate",35,36
qa_database_schema_fixed_income_ejv_v1_0_8_2023_03_30,QA Database Schema - Fixed Income EJV v1.0.8 (2023-03-30).pdf,FIEJVUnderwriters,"Underwriters | This table contains a listing of all underwriters. Historical issues may not be complete, but for new issues","Daily, Monday – Friday",N/A,"pkey_FIEJVUnderwriters (Clustered) InstrCode, UndwrtOrgCode, RankingCode, EffDate",36,37
qa_database_schema_fixed_income_ejv_v1_0_8_2023_03_30,QA Database Schema - Fixed Income EJV v1.0.8 (2023-03-30).pdf,FIEJVCall,Call Term Redemption Schedule | This table contains the redemption schedule for the corresponding call terms.,"Daily, Monday – Friday",N/A,"pkey_FIEJVCall (Clustered) InstrCode, CallSettTypeCode, StartDate",37,37
qa_database_schema_fixed_income_ejv_v1_0_8_2023_03_30,QA Database Schema - Fixed Income EJV v1.0.8 (2023-03-30).pdf,FIEJVCallHdr,Redemption Schedule Provisions | This table contains all the redemption provisions associated with the redemption schedule.,"Daily, Monday – Friday",N/A,"pkey_FIEJVCallHdr (Clustered) InstrCode, CallSettTypeCode",37,39
qa_database_schema_fixed_income_ejv_v1_0_8_2023_03_30,QA Database Schema - Fixed Income EJV v1.0.8 (2023-03-30).pdf,FIEJVCv,Convertible Bond Terms | This table contains the terms of the convertible bond at issue. The data in this view typically does not change over | created if necessary. This table contains data only for CvTypeCode = ‘EI’.,"Daily, Monday – Friday",N/A,"pkey_FIEJVCv (Clustered) InstrCode, LegNum, StartDate",39,40
qa_database_schema_fixed_income_ejv_v1_0_8_2023_03_30,QA Database Schema - Fixed Income EJV v1.0.8 (2023-03-30).pdf,FIEJVCvHrdl,Redemption/Conversion Conditions | This table contains the conditions under which the issuer can force redemption and/or the holder can convert the | FIEJVDesc table (Day Type Code) for a complete list of codes.,"Daily, Monday – Friday",N/A,"pkey_FIEJVCvHrdl (Clustered) InstrCode, LegNum, StartDate LSEG Quantitative Analytics Database Schema for Fixed Income EJV 41 CORPORATE",40,42
qa_database_schema_fixed_income_ejv_v1_0_8_2023_03_30,QA Database Schema - Fixed Income EJV v1.0.8 (2023-03-30).pdf,FIEJVCvRfx,Convertible Bond Refix Data | This table contains data values related to a possible refix of the conversion price and ratio of a convertible bond.,"Daily, Monday – Friday",N/A,"pkey_FIEJVCvRfx (Clustered) InstrCode, LegNum, EffDate",42,43
qa_database_schema_fixed_income_ejv_v1_0_8_2023_03_30,QA Database Schema - Fixed Income EJV v1.0.8 (2023-03-30).pdf,FIEJVCvTerms,"Convertible Bond Variables | This table contains data for variables such as prices, dates, rates, and price ratio that typically can change due to","Daily, Monday – Friday",N/A,"pkey_FIEJVCvTerms (Clustered) InstrCode, LegNum, EffDate",43,43
qa_database_schema_fixed_income_ejv_v1_0_8_2023_03_30,QA Database Schema - Fixed Income EJV v1.0.8 (2023-03-30).pdf,FIEJVCvTermsExt,"Additional Convertible Bond Variables | This table contains data for variables such as prices, dates, rates, and price ratio that typically can change due to | convertible terms. (This table is separate from FIEJVCvTerms because the fields below have a high percentage","Daily, Monday – Friday",N/A,"pkey_FIEJVCvTermsExt (Clustered) InstrCode, LegNum, EffDate",43,44
qa_database_schema_fixed_income_ejv_v1_0_8_2023_03_30,QA Database Schema - Fixed Income EJV v1.0.8 (2023-03-30).pdf,FIEJVCvUndly,Underlying Asset Implementation Details | This table contains information about how a particular underlying asset is implemented for a convertible security.,"Daily, Monday – Friday",N/A,"pkey_FIEJVCvUndly (Clustered) InstrCode, LegNum, UndlyLegNum, EffDate",44,45
qa_database_schema_fixed_income_ejv_v1_0_8_2023_03_30,QA Database Schema - Fixed Income EJV v1.0.8 (2023-03-30).pdf,FIEJVCvUndlyExt,Additional Underlying Asset Details | This table contains information about how a particular underlying asset is implemented for a convertible security. | table is separate from FIEJVCvUndly because the fields below have a high percentage of Nulls.),"Daily, Monday – Friday",N/A,"pkey_FIEJVCvUndlyExt (Clustered) InstrCode, LegNum, UndlyLegNum, EffDate",45,46
qa_database_schema_fixed_income_ejv_v1_0_8_2023_03_30,QA Database Schema - Fixed Income EJV v1.0.8 (2023-03-30).pdf,FIEJVEmuHarm,"Bond EMU Harmonization Status | This table contains the EMU harmonization status of a bond (for example, when the EMU member conventions","Daily, Monday – Friday",N/A,pkey_FIEJVEmuHarm (Clustered) InstrCode,46,47
qa_database_schema_fixed_income_ejv_v1_0_8_2023_03_30,QA Database Schema - Fixed Income EJV v1.0.8 (2023-03-30).pdf,FIEJVEmuRedenom,"EMU Bond Redenomination Information | This table contains information regarding the redenomination of EMU bonds, such as when and by what means","Daily, Monday – Friday",N/A,pkey_FIEJVEmuRedenom (Clustered) InstrCode,47,48
qa_database_schema_fixed_income_ejv_v1_0_8_2023_03_30,QA Database Schema - Fixed Income EJV v1.0.8 (2023-03-30).pdf,FIEJVExtc,Exotic Bond Terms | This table contains the terms of the exotic bond at issue. The data in this view typically does not change over the,"Daily, Monday – Friday",N/A,"pkey_FIEJVExtc (Clustered) InstrCode, LegNum, StartDate",48,50
qa_database_schema_fixed_income_ejv_v1_0_8_2023_03_30,QA Database Schema - Fixed Income EJV v1.0.8 (2023-03-30).pdf,FIEJVExtcHrdl,Exotic Redemption/Conversion Conditions | This table contains the conditions under which the issuer can force redemption and/or the holder can convert the,"Daily, Monday – Friday",N/A,"pkey_FIEJVExtcHrdl (Clustered) InstrCode, LegNum, StartDate",50,51
qa_database_schema_fixed_income_ejv_v1_0_8_2023_03_30,QA Database Schema - Fixed Income EJV v1.0.8 (2023-03-30).pdf,FIEJVExtcRfx,Exotic Bond Refix Data | This table contains data values related to a possible refix of the conversion price and ratio of an exotic bond.,"Daily, Monday – Friday",N/A,"pkey_FIEJVExtcRfx (Clustered) InstrCode, LegNum, EffDate",51,52
qa_database_schema_fixed_income_ejv_v1_0_8_2023_03_30,QA Database Schema - Fixed Income EJV v1.0.8 (2023-03-30).pdf,FIEJVExtcTerms,"Exotic Bond Variables | This table contains data for variables such as prices, dates, rates, and price ratio that typically can change due to","Daily, Monday – Friday",N/A,"pkey_FIEJVExtcTerms (Clustered) InstrCode, LegNum, EffDate",52,53
qa_database_schema_fixed_income_ejv_v1_0_8_2023_03_30,QA Database Schema - Fixed Income EJV v1.0.8 (2023-03-30).pdf,FIEJVExtcTermsExt,"Additional Exotic Bond Variables | This table contains data for variables such as prices, dates, rates, and price ratio that typically can change due to | terms. (This table is separate from FIEJVExtcTerms because the fields below have a high percentage of Nulls.)","Daily, Monday – Friday",N/A,"pkey_FIEJVExtcTermsExt (Clustered) InstrCode, LegNum, EffDate",53,53
qa_database_schema_fixed_income_ejv_v1_0_8_2023_03_30,QA Database Schema - Fixed Income EJV v1.0.8 (2023-03-30).pdf,FIEJVExtcUndly,Exotic Security Underlying Asset Details | This table contains information about how a particular underlying asset is implemented for an exotic security. A,"Daily, Monday – Friday",N/A,"pkey_FIEJVExtcUndly (Clustered) InstrCode, LegNum, UndlyLegNum, EffDate",53,54
qa_database_schema_fixed_income_ejv_v1_0_8_2023_03_30,QA Database Schema - Fixed Income EJV v1.0.8 (2023-03-30).pdf,FIEJVExtcUndlyExt,Additional Exotic Security Underlying Asset Details | This table contains information about how a particular underlying asset is implemented for an exotic security. A | table is separate from FIEJVExtcUndly because the fields below have a high percentage of Nulls).,"Daily, Monday – Friday",N/A,"pkey_FIEJVExtcUndlyExt (Clustered) InstrCode, LegNum, UndlyLegNum, EffDate",54,55
qa_database_schema_fixed_income_ejv_v1_0_8_2023_03_30,QA Database Schema - Fixed Income EJV v1.0.8 (2023-03-30).pdf,FIEJVExtPrc,,,,,55,55
qa_database_schema_fixed_income_ejv_v1_0_8_2023_03_30,QA Database Schema - Fixed Income EJV v1.0.8 (2023-03-30).pdf,FIEJVExtHdr,Bond Maturity Extension Terms | This table contains the terms and conditions by which the maturity of a bond may be extended by the issuer.,"Daily, Monday – Friday",N/A,pkey_FIEJVExtHdr (Clustered) InstrCode LSEG Quantitative Analytics Database Schema for Fixed Income EJV 56 CORPORATE,55,56
qa_database_schema_fixed_income_ejv_v1_0_8_2023_03_30,QA Database Schema - Fixed Income EJV v1.0.8 (2023-03-30).pdf,FIEJVExtPrc,Bond Extension Schedule | This table contains the extend schedule corresponding to the extend terms.,"Daily, Monday – Friday",N/A,"pkey_FIEJVExtPrc (Clustered) InstrCode, EffDate",56,57
qa_database_schema_fixed_income_ejv_v1_0_8_2023_03_30,QA Database Schema - Fixed Income EJV v1.0.8 (2023-03-30).pdf,FIEJVIssRtng,Ratings | This table contains current and historical ratings from various rating agencies.,"Daily, Monday – Friday",N/A,"pkey_FIEJVIssRtng (Clustered) InstrCode, RtngAgcyCode, StartDate, StartTime",57,58
qa_database_schema_fixed_income_ejv_v1_0_8_2023_03_30,QA Database Schema - Fixed Income EJV v1.0.8 (2023-03-30).pdf,FIEJVIssRtngOutlook,Rating Outlook Information | This table contains current and historical rating outlook information from various rating agencies.,"Daily, Monday – Friday",N/A,"pkey_FIEJVIssRtngOutlook (Clustered) InstrCode, RtngAgcyCode, StartDate",58,58
qa_database_schema_fixed_income_ejv_v1_0_8_2023_03_30,QA Database Schema - Fixed Income EJV v1.0.8 (2023-03-30).pdf,FIEJVIssRtngWatch,Rating Watch Information | This table contains current and historical rating watch information.,"Daily, Monday – Friday",N/A,"pkey_FIEJVIssRtngWatch (Clustered) InstrCode, RtngAgcyCode, StartDate",58,59
qa_database_schema_fixed_income_ejv_v1_0_8_2023_03_30,QA Database Schema - Fixed Income EJV v1.0.8 (2023-03-30).pdf,FIEJVIsrRtng,Bond Issuer/Party Ratings | This table contains current and historical issuer/party ratings for a bond from various rating agencies.,"Daily, Monday – Friday",N/A,"pkey_FIEJVIsrRtng (Clustered) OrgCode, RtngAgcyCode, IsrRtngTypeCode, StartDate,",59,59
qa_database_schema_fixed_income_ejv_v1_0_8_2023_03_30,QA Database Schema - Fixed Income EJV v1.0.8 (2023-03-30).pdf,StartTime,,,,,59,60
qa_database_schema_fixed_income_ejv_v1_0_8_2023_03_30,QA Database Schema - Fixed Income EJV v1.0.8 (2023-03-30).pdf,FIEJVIsrRtngOutlook,Issuer/Party Rating Outlook Information | This table contains current and historical issuer/party rating outlook information from various rating agencies.,"Daily, Monday – Friday",N/A,"pkey_FIEJVIsrRtngOutlook (Clustered) OrgCode, RtngAgcyCode, StartDate",60,60
qa_database_schema_fixed_income_ejv_v1_0_8_2023_03_30,QA Database Schema - Fixed Income EJV v1.0.8 (2023-03-30).pdf,FIEJVIsrRtngWatch,Issuer/Party Rating Watch Information | This table contains current and historical issuer/party rating watch information.,"Daily, Monday – Friday",N/A,"pkey_FIEJVIsrRtngWatch (Clustered) OrgCode, RtngAgcyCode, StartDate",60,61
qa_database_schema_fixed_income_ejv_v1_0_8_2023_03_30,QA Database Schema - Fixed Income EJV v1.0.8 (2023-03-30).pdf,FIEJVMTN,Medium-Term Note Issue Information | This table contains additional information from the pricing supplement particular to medium-term note issues.,"Daily, Monday – Friday",N/A,"pkey_FIEJVMTN (Clustered) InstrCode, SeqNum",61,61
qa_database_schema_fixed_income_ejv_v1_0_8_2023_03_30,QA Database Schema - Fixed Income EJV v1.0.8 (2023-03-30).pdf,FIEJVMTNHdr,Medium-Term Note Shelf Information | This table contains information pertaining to the Shelf information for medium-term note issues.,"Daily, Monday – Friday",N/A,pkey_FIEJVMTNHdr (Clustered) InstrCode LSEG Quantitative Analytics Database Schema for Fixed Income EJV 62 CORPORATE,61,63
qa_database_schema_fixed_income_ejv_v1_0_8_2023_03_30,QA Database Schema - Fixed Income EJV v1.0.8 (2023-03-30).pdf,FIEJVPut,Put Schedule | This table contains the put schedule for the corresponding put terms.,"Daily, Monday – Friday",N/A,"pkey_FIEJVPut (Clustered) InstrCode, PutSettTypeCode, StartDate",63,63
qa_database_schema_fixed_income_ejv_v1_0_8_2023_03_30,QA Database Schema - Fixed Income EJV v1.0.8 (2023-03-30).pdf,FIEJVPutHdr,Put Exercise Terms | This table contains the terms and conditions at which a put provision may be exercised at the option of the holder.,"Daily, Monday – Friday",N/A,"pkey_FIEJVPutHdr (Clustered) InstrCode, PutSettTypeCode",63,65
qa_database_schema_fixed_income_ejv_v1_0_8_2023_03_30,QA Database Schema - Fixed Income EJV v1.0.8 (2023-03-30).pdf,FIEJVRng,"Floating Rate Bond Criteria | This table contains detailed criteria for floating rate bonds, where the coupon is determined based on the rate | falling within a certain range. This table is only used for interest legs with coupon class range.","Daily, Monday – Friday",N/A,"pkey_FIEJVRng (Clustered) InstrCode, CpnLegNum, RngLegNum, EffDate",65,66
qa_database_schema_fixed_income_ejv_v1_0_8_2023_03_30,QA Database Schema - Fixed Income EJV v1.0.8 (2023-03-30).pdf,FIEJVRngRate,Ranged Bond Rate Formula Values | This table contains in- and out-range formula values for use in calculating ranged bond rates.,"Daily, Monday – Friday",N/A,"pkey_FIEJVRngRate (Clustered) InstrCode, CpnLegNum, RngLegNum, RngTypeCode, EffDate,",66,66
qa_database_schema_fixed_income_ejv_v1_0_8_2023_03_30,QA Database Schema - Fixed Income EJV v1.0.8 (2023-03-30).pdf,RstDate,,,,,66,67
qa_database_schema_fixed_income_ejv_v1_0_8_2023_03_30,QA Database Schema - Fixed Income EJV v1.0.8 (2023-03-30).pdf,FIEJVSink,Fund Schedule | This table contains the fund schedule for the corresponding fund terms. | amount in the fund schedule table is stated.,"Daily, Monday – Friday",N/A,"pkey_FIEJVSink (Clustered) InstrCode, SinkTypeCode, EffDate",67,67
qa_database_schema_fixed_income_ejv_v1_0_8_2023_03_30,QA Database Schema - Fixed Income EJV v1.0.8 (2023-03-30).pdf,FIEJVSinkHdr,Redemption Funds Terms and Conditions | This table contains all the pertinent terms and conditions for all funds that lead to redemption. More than one fund | table (Item) for a complete list of codes.,"Daily, Monday – Friday",N/A,"pkey_FIEJVSinkHdr (Clustered) InstrCode, SinkTypeCode, Item",67,68
qa_database_schema_fixed_income_ejv_v1_0_8_2023_03_30,QA Database Schema - Fixed Income EJV v1.0.8 (2023-03-30).pdf,FIEJVPrcDesc,,,,,68,68
qa_database_schema_fixed_income_ejv_v1_0_8_2023_03_30,QA Database Schema - Fixed Income EJV v1.0.8 (2023-03-30).pdf,FIEJVPrcBnkrptcy,Bankruptcy Information | This table contains bankruptcy information for various organizations.,Daily,N/A,"pkey_FIEJVPRCBnkrptcy (Clustered) OrgCode, FileDate",68,68
qa_database_schema_fixed_income_ejv_v1_0_8_2023_03_30,QA Database Schema - Fixed Income EJV v1.0.8 (2023-03-30).pdf,FIEJVPrcCode,Numeric Codes | This table contains descriptions of FIEJV Pricing numeric codes.,Daily,N/A,"pkey_FIEJVPRCCode (Clustered) Type_, Code LSEG Quantitative Analytics Database Schema for Fixed Income EJV 69 CORPORATE",68,69
qa_database_schema_fixed_income_ejv_v1_0_8_2023_03_30,QA Database Schema - Fixed Income EJV v1.0.8 (2023-03-30).pdf,FIEJVPrcDesc,Character Code Descriptions | This table contains descriptions of FIEJV Pricing character codes.,Daily,N/A,"pkey_FIEJVPRCDesc (Clustered) Type_, Code",69,69
qa_database_schema_fixed_income_ejv_v1_0_8_2023_03_30,QA Database Schema - Fixed Income EJV v1.0.8 (2023-03-30).pdf,FIEJVPrcDly,Composite Pricing Information | This table contains composite pricing information for a particular security. | Price Source. See the FIEJVPRCCode table (License Flag) for complete list,Daily,N/A,"pkey_FIEJVPRCDly (Clustered) InstrCode, TradeDate",69,70
qa_database_schema_fixed_income_ejv_v1_0_8_2023_03_30,QA Database Schema - Fixed Income EJV v1.0.8 (2023-03-30).pdf,FIEJVEvalPrc,Evaluated Pricing Information | This table contains evaluated pricing information for a particular security.,Daily,N/A,"pkey_ FIEJVEvalPrc (Clustered) InstrCode, TradeDate",70,71
qa_database_schema_fixed_income_ejv_v1_0_8_2023_03_30,QA Database Schema - Fixed Income EJV v1.0.8 (2023-03-30).pdf,FIEJVEvalPrcDet,Evaluated Pricing Details | This table contains evaluated pricing details for a particular security.,Daily Adjusted: N/A,,"pkey_ FIEJVEvalPrcDet (Clustered) InstrCode, StartDt",71,72
qa_database_schema_ftse_green_revenues_v1_1_2025_07_08,QA Database Schema - FTSE Green Revenues v1.1 (2025-07-08).pdf,GRFinPerDet,Financial Period Details | This table contains financial period details.,Monthly,N/A,"pkey_GRFinPerDet (Clustered) OrgPermID, PerID",6,6
qa_database_schema_ftse_green_revenues_v1_1_2025_07_08,QA Database Schema - FTSE Green Revenues v1.1 (2025-07-08).pdf,GRSummDet,Company Summary Data | This table contains company's summary data.,Monthly,N/A,"pkey_GRSummDet (Clustered) OrgPermID, PerID",6,7
qa_database_schema_ftse_green_revenues_v1_1_2025_07_08,QA Database Schema - FTSE Green Revenues v1.1 (2025-07-08).pdf,GRSecRev,Sector Level Information and Revenue Percentage | This table contains sector-level information and the associated revenue percentage. | This maps to the Item number from the GRItem table corresponding to the,Monthly,N/A,"pkey_GRSecRev (Clustered) OrgPermID, PerID, SecCode",7,8
qa_database_schema_ftse_green_revenues_v1_1_2025_07_08,QA Database Schema - FTSE Green Revenues v1.1 (2025-07-08).pdf,GRCode,Integer Code Descriptions | This table contains descriptions for the integer codes.,Monthly,N/A,"pkey_GRCode (Clustered) Type_, Code",8,8
qa_database_schema_ftse_green_revenues_v1_1_2025_07_08,QA Database Schema - FTSE Green Revenues v1.1 (2025-07-08).pdf,GRItem,Green Revenue Metadata | This table contains the metadata of all Green Revenue metrics and Green Revenue Sector hierarchical level.,Monthly,N/A,pkey_GRItem (Clustered),8,9
qa_database_schema_hanweck_options_data_v1_0_4_2022_04_13,QA Database Schema - Hanweck Options Data v1.0.4 (2022-04-13).pdf,OVSBasketInfo,Non-Standard Deliverable Items | This table contains non-standard deliverable items for option series with multiple deliverables. If the deliverables,Daily,No,"pkey_OVSBasketInfo (Clustered) BasketCode, DelivTypeCode, DelivCode, OpraRootCode",6,6
qa_database_schema_hanweck_options_data_v1_0_4_2022_04_13,QA Database Schema - Hanweck Options Data v1.0.4 (2022-04-13).pdf,OVSCode,Numeric Codes | This table contains descriptions of numeric codes.,Daily,No,"pkey_OVSCode (Clustered) Type_, Code",6,7
qa_database_schema_hanweck_options_data_v1_0_4_2022_04_13,QA Database Schema - Hanweck Options Data v1.0.4 (2022-04-13).pdf,OVSCusipChg,CUSIP Changes | This table contains the changes in the CUSIP value for securities in the OVSSecInfo table. This table is only,Daily,No,"pkey_OVSCusipChg (Clustered) Code, StartDate",7,7
qa_database_schema_hanweck_options_data_v1_0_4_2022_04_13,QA Database Schema - Hanweck Options Data v1.0.4 (2022-04-13).pdf,OVSDesc,Character Code Descriptions | This table contains descriptions of character codes.,Daily,No,"pkey_OVSDesc (Clustered) Type_, Code",7,7
qa_database_schema_hanweck_options_data_v1_0_4_2022_04_13,QA Database Schema - Hanweck Options Data v1.0.4 (2022-04-13).pdf,OVSImpBorrowRate,Daily Implied Borrow Rates | This table contains daily implied borrow rates for each underlying equity.,Daily,No,"pkey_OVSImpBorrowRate (Clustered) Code, TermDate, Date_",7,8
qa_database_schema_hanweck_options_data_v1_0_4_2022_04_13,QA Database Schema - Hanweck Options Data v1.0.4 (2022-04-13).pdf,OVSImpDivMap,Implied Dividend Mapping Information | This table contains daily mapping information of implied dividends for each underlying equity.,Daily,No,"pkey_OVSImpDivMap (Clustered) Code, ExDivDate, Date_",8,8
qa_database_schema_hanweck_options_data_v1_0_4_2022_04_13,QA Database Schema - Hanweck Options Data v1.0.4 (2022-04-13).pdf,OVSImpVol,Daily Implied Volatilities | This table contains daily implied volatilities for each option contract.,Daily,No,"pkey_OVSImpVol (Clustered) OptCode, Date_",8,8
qa_database_schema_hanweck_options_data_v1_0_4_2022_04_13,QA Database Schema - Hanweck Options Data v1.0.4 (2022-04-13).pdf,OVSImpVolCMDR,CMDR Implied Volatility | This table contains Constant Maturity Delta-Relative (CMDR) interpolated surface for each underlying equity.,Daily,No,"pkey_OVSImpVolCMDR (Clustered) Code, MnthToExp, Delta, Date_",8,9
qa_database_schema_hanweck_options_data_v1_0_4_2022_04_13,QA Database Schema - Hanweck Options Data v1.0.4 (2022-04-13).pdf,OVSImpVolCMPR,CMPR Implied Volatility | This table contains Constant Maturity Price-Relative (CMPR) interpolated surface for each underlying equity.,Daily,No,"pkey_OVSImpVolCMPR (Clustered) Code, MnthToExp, Strike, Date_",9,9
qa_database_schema_hanweck_options_data_v1_0_4_2022_04_13,QA Database Schema - Hanweck Options Data v1.0.4 (2022-04-13).pdf,OVSImpVolEXDR,EXDR Implied Volatility | This table contains Expiration Date Delta-Relative (EXDR) interpolated surface for each underlying equity.,Daily,No,"pkey_OVSImpVolEXDR (Clustered) Code, Delta, ExpiryDate, Date_",9,10
qa_database_schema_hanweck_options_data_v1_0_4_2022_04_13,QA Database Schema - Hanweck Options Data v1.0.4 (2022-04-13).pdf,OVSImpVolEXPR,EXPR Implied Volatility | This table contains daily Expiration Date Price-Relative (EXPR) interpolated surface for each underlying equity.,Daily,No,"pkey_OVSImpVolEXPR (Clustered) Code, Strike, ExpiryDate, Date_",10,10
qa_database_schema_hanweck_options_data_v1_0_4_2022_04_13,QA Database Schema - Hanweck Options Data v1.0.4 (2022-04-13).pdf,OVSOptChg,Option Contract Information | This table contains identification information and option terms for each option contract. This table also tracks,Daily,No,"pkey_OVSOptChg (Clustered) OptCode, StartDate",10,11
qa_database_schema_hanweck_options_data_v1_0_4_2022_04_13,QA Database Schema - Hanweck Options Data v1.0.4 (2022-04-13).pdf,OVSOptInfo,"Option Contract Identification and Option Terms | This table contains the latest identification information and option terms for each option contract. This table stores | records from the OVSOptChg table where the EndDate is null for active contracts. For expired contracts without | any record in the OVSOptChg table where the EndDate is null, the record with the latest EndDate is stored.",Daily,No,pkey_OVSOptInfo (Clustered) OptCode,11,12
qa_database_schema_hanweck_options_data_v1_0_4_2022_04_13,QA Database Schema - Hanweck Options Data v1.0.4 (2022-04-13).pdf,OVSOptPrc,"Option Contract Pricing Data | This table contains daily, end-of-day composite price data for each option contract.",Daily,No,"pkey_OVSOptPrc (Clustered) OptCode, Date_",12,13
qa_database_schema_hanweck_options_data_v1_0_4_2022_04_13,QA Database Schema - Hanweck Options Data v1.0.4 (2022-04-13).pdf,OVSRate,Interest Rate Term Structures | This table contains daily LIBOR-based (London Interbank Offered Rate) interest rate term structures for,Daily,No,"pkey_OVSRate (Clustered) RateCode, Date_",13,13
qa_database_schema_hanweck_options_data_v1_0_4_2022_04_13,QA Database Schema - Hanweck Options Data v1.0.4 (2022-04-13).pdf,OVSSecAdj,Adjustment Factor Information | This table contains adjustment factors that can be applied to OVSSecPrc data to restate values relative to a,Daily,No,"pkey_OVSSecAdj (Clustered) Code, AdjTypeCode, StartDate",13,14
qa_database_schema_hanweck_options_data_v1_0_4_2022_04_13,QA Database Schema - Hanweck Options Data v1.0.4 (2022-04-13).pdf,OVSSecChg,Security Attributes and Changes | This table is the master history table for all securities included in the OVS database. This table stores the latest,Daily,No,"pkey_OVSSecChg (Clustered) Code, StartDate",14,14
qa_database_schema_hanweck_options_data_v1_0_4_2022_04_13,QA Database Schema - Hanweck Options Data v1.0.4 (2022-04-13).pdf,OVSSecCorpAct,"Pricing-related Corporate Actions | This table contains information for pricing-related corporate actions, including cash and stock dividends, and",Daily,No,"pkey_OVSSecCorpAct (Clustered) Code, AnnSeq, StartDate",14,15
qa_database_schema_hanweck_options_data_v1_0_4_2022_04_13,QA Database Schema - Hanweck Options Data v1.0.4 (2022-04-13).pdf,OVSSecHVol,Close-to-close Realized Volatility | This table contains close-to-close realized volatility. The VolType field shows how the historical volatility is,Daily,No,"pkey_OVSSecHVol (Clustered) Code, VolTypeCode, Date_",15,15
qa_database_schema_hanweck_options_data_v1_0_4_2022_04_13,QA Database Schema - Hanweck Options Data v1.0.4 (2022-04-13).pdf,OVSSecInfo,"Security Information | This table is the master table for all securities included in the OVS database. This table stores the latest values of | attributes, like the issue name and issuer name, for each security. This table also stores records from the | OVSSecChg table where the EndDate is null, the record is stored with the latest EndDate.",Daily,No,pkey_OVSSecInfo (Clustered) Code,15,15
qa_database_schema_hanweck_options_data_v1_0_4_2022_04_13,QA Database Schema - Hanweck Options Data v1.0.4 (2022-04-13).pdf,OVSSecPrc,"Security Pricing Data | This table contains daily, end-of-day composite price data for each underlying security or index.",Daily,No,"pkey_OVSSecPrc (Clustered) Code, Date_ LSEG Quantitative Analytics Database Schema for Hanweck Options 16 CORPORATE",15,17
qa_database_schema_ibes_estimates_version_2_v1_8_6_2025_05_29,QA Database Schema - IBES Estimates Version 2 - v1.8.6 (2025-05-29).pdf,TREActRpt,"This table contains the actuals reported data. | the Code field in the TRECode table for the following descriptions: | TRECode table for the following description: CodeType=2. | field in the TRECode table for the following descriptions: currency | table for the following descriptions: currency name (CodeType = 6),",Every 15 minutes,,"pkey_ TREActRpt (clustered) EstPermID, Measure, IsParent, PerType, PerEndDate, FYEMonth",9,11
qa_database_schema_ibes_estimates_version_2_v1_8_6_2025_05_29,QA Database Schema - IBES Estimates Version 2 - v1.8.6 (2025-05-29).pdf,TREActRst,This table contains actual restated data. | references with the Code field in the TRECode table for the | TRECode table for the following description: CodeType=2. | Code field in the TRECode table for the following descriptions: | the Code field in the TRECode table for the following | TRECode table for the following descriptions: currency name,Every 15 minutes,,"pkey_ TREActRst (clustered) EstPermID, Measure, IsParent, PerType, PerEndDate, FYEMonth",11,13
qa_database_schema_ibes_estimates_version_2_v1_8_6_2025_05_29,QA Database Schema - IBES Estimates Version 2 - v1.8.6 (2025-05-29).pdf,TREActGoFwd,"The TREActGoFwd table contains the go-forward actuals, which are alternate actual values when the primary | the Code field in the TRECode table for the following descriptions: | TRECode table for the following description: CodeType=2. | field in the TRECode table for the following descriptions: currency | table for the following descriptions: currency name (CodeType =",Every 15 minutes,,"pkey_ TREActGoFwd (clustered) EstPermID, Measure, IsParent, PerType, PerEndDate, FYEMonth",13,15
qa_database_schema_ibes_estimates_version_2_v1_8_6_2025_05_29,QA Database Schema - IBES Estimates Version 2 - v1.8.6 (2025-05-29).pdf,TREActSurpWin,The TREActSurpWin table contains actual surprise windowed analytics. | the Code field in the TRECode table for the following descriptions: | table for the following description: CodeType=2.,Every 15 minutes,,"pkey_TREActSurpWin (clustered) PerEndDate, EstPermID, Measure, IsParent, PerType",15,16
qa_database_schema_ibes_estimates_version_2_v1_8_6_2025_05_29,QA Database Schema - IBES Estimates Version 2 - v1.8.6 (2025-05-29).pdf,TREActChg,This table contains the EPS growth and stability values historically. The table also contains the changes in | the Code field in the TRECode table for the following descriptions: | TRECode table for the following description: CodeType=2. | field in the TRECode table for the following descriptions: currency,Every 15 minutes,,"Pkey_TREActChg (Clustered) PerEndDate, EstPermID, Measure, IsParent, PerType",16,19
qa_database_schema_ibes_estimates_version_2_v1_8_6_2025_05_29,QA Database Schema - IBES Estimates Version 2 - v1.8.6 (2025-05-29).pdf,TREDetPer,The TREDetPer table contains detail (broker) estimates for all periodic periods. | references with the Code field in the TRECode table for the | TRECode table for the following description: CodeType=2. | Code field in the TRECode table for the following descriptions: | TRECode table for the following descriptions: currency name,Every 15 minutes,,"pkey_TREDetPer (clustered) EffectiveDate, EstPermID, Measure, IsParent, PerType, PerEndDate, FYEMonth, BrokerID",19,22
qa_database_schema_ibes_estimates_version_2_v1_8_6_2025_05_29,QA Database Schema - IBES Estimates Version 2 - v1.8.6 (2025-05-29).pdf,TREDetHzn,"The TREDetHzn table contains detail (broker) estimates for all horizon periods (e.g., Months). | Code field in the TRECode table for the following descriptions: measure | table for the following description: CodeType=2. | in the TRECode table for the following descriptions: currency name | field in the TRECode table for the following descriptions: currency name | field cross-references with the Code field in the TRECode table for the",Every 15 minutes,,"pkey_TREDetHzn (clustered) EffectiveDate, EstPermID, Measure, IsParent, PerType, PerLength, BrokerID",22,24
qa_database_schema_ibes_estimates_version_2_v1_8_6_2025_05_29,QA Database Schema - IBES Estimates Version 2 - v1.8.6 (2025-05-29).pdf,TREDetAper,"The TREDetAper table contains detail (broker) estimates for aperiodic periods (e.g., Long Term Growth). | references with the Code field in the TRECode table for the | TRECode table for the following description: CodeType=2. | Code field in the TRECode table for the following descriptions: | TRECode table for the following descriptions: currency name",Every 15 minutes,,"pkey_TREDetAper (clustered) EffectiveDate, EstPermID, Measure, IsParent, PerType, BrokerID",24,26
qa_database_schema_ibes_estimates_version_2_v1_8_6_2025_05_29,QA Database Schema - IBES Estimates Version 2 - v1.8.6 (2025-05-29).pdf,TREDetRestr,This table contains restricted estimates for a broker. When all estimates for a particular broker are restricted or,Every 15 minutes,,"pkey_TREDetRestr (clustered) EffectiveDate, EstPermID, BrokerID",26,27
qa_database_schema_ibes_estimates_version_2_v1_8_6_2025_05_29,QA Database Schema - IBES Estimates Version 2 - v1.8.6 (2025-05-29).pdf,TREDetConfPer,The TREDetConfPer table contains detail (broker) estimate confirmations for all periodic periods. | references with the Code field in the TRECode table for the | TRECode table for the following description: CodeType=2.,Every 15 minutes,,"pkey_TREDetConfPer (clustered) ConfirmDate, EstPermID, Measure, IsParent, PerType, PerEndDate, FYEMonth, BrokerID, EstEffectiveDate, DomainAction",27,28
qa_database_schema_ibes_estimates_version_2_v1_8_6_2025_05_29,QA Database Schema - IBES Estimates Version 2 - v1.8.6 (2025-05-29).pdf,TREDetConfHzn,The TREDetConfHzn table contains detail (broker) estimate confirmations for all horizon periods. | references with the Code field in the TRECode table for the | TRECode table for the following description: CodeType=2.,Every 15 minutes,,"pkey_TREDetConfHzn (clustered) ConfirmDate, EstPermID, Measure, IsParent, PerType, PerLength, BrokerID, EstEffectiveDate, DomainAction",28,29
qa_database_schema_ibes_estimates_version_2_v1_8_6_2025_05_29,QA Database Schema - IBES Estimates Version 2 - v1.8.6 (2025-05-29).pdf,TREDetConfAper,The TREDetConfAper table contains detail (broker) estimate confirmations for all aperiodic periods. | references with the Code field in the TRECode table for the | TRECode table for the following description: CodeType=2.,Every 15 minutes,,"pkey_TREDetConfAper (clustered) ConfirmDate, EstPermID, Measure, IsParent, PerType, BrokerID, EstEffectiveDate, DomainAction",29,31
qa_database_schema_ibes_estimates_version_2_v1_8_6_2025_05_29,QA Database Schema - IBES Estimates Version 2 - v1.8.6 (2025-05-29).pdf,TRESumPer,The TRESumPer table contains summary data for all periodic periods. | the Code field in the TRECode table for the following descriptions: | TRECode table for the following description: CodeType=2. | field in the TRECode table for the following descriptions: currency,Every 15 minutes,,"pkey_TRESumPer (clustered) EffectiveDate, EstPermID, Measure, IsParent, PerType, PerEndDate, FYEMonth",31,33
qa_database_schema_ibes_estimates_version_2_v1_8_6_2025_05_29,QA Database Schema - IBES Estimates Version 2 - v1.8.6 (2025-05-29).pdf,TRESumHzn,The TRESumHzn table contains summary data for all horizon periods. | the Code field in the TRECode table for the following descriptions: | table for the following description: CodeType=2. | field in the TRECode table for the following descriptions: currency,Every 15 minutes,,"pkey_TRESumHzn (clustered) EstPermID, Measure, IsParent, PerType, PerLength, EffectiveDate",33,36
qa_database_schema_ibes_estimates_version_2_v1_8_6_2025_05_29,QA Database Schema - IBES Estimates Version 2 - v1.8.6 (2025-05-29).pdf,TRESumAper,The TRESumAper table contains summary data for aperiodic periods. | field in the TRECode table for the following descriptions: measure code | This field cross-references with the Code field in the TRECode table for | in the TRECode table for the following descriptions: currency name | field in the TRECode table for the following descriptions: currency name,Every 15 minutes,,"pkey_TRESumAper (clustered) EffectiveDate, EstPermID, Measure, IsParent, PerType",36,38
qa_database_schema_ibes_estimates_version_2_v1_8_6_2025_05_29,QA Database Schema - IBES Estimates Version 2 - v1.8.6 (2025-05-29).pdf,TRESumWinPer,The TRESumWinPer table contains aggregated periodic broker forecasts for one security in one period and one | the Code field in the TRECode table for the following descriptions: | TRECode table for the following description: CodeType=2.,Every 15 minutes,,"pkey_TRESumWinPer (clustered) PerEndDate, WinEndDate, EstPermID, Measure, IsParent, PerType, FYEMonth, WinType, WinLength",38,39
qa_database_schema_ibes_estimates_version_2_v1_8_6_2025_05_29,QA Database Schema - IBES Estimates Version 2 - v1.8.6 (2025-05-29).pdf,TRESumWinHzn,The TRESumWinHzn table contains aggregated horizon broker forecasts for one security in one period and one | TRECode table for the following descriptions: | the Code field in the TRECode table for the following,Every 15 minutes,,"pkey_TRESumWinHzn (clustered) WinEndDate, EstPermID, Measure, IsParent, PerType, PerLength, WinType, WinLength",39,40
qa_database_schema_ibes_estimates_version_2_v1_8_6_2025_05_29,QA Database Schema - IBES Estimates Version 2 - v1.8.6 (2025-05-29).pdf,TRESumWinAper,The TRESumWinAper table contains aggregated aperiodic broker forecasts for one security in one period and,Every 15 minutes,,"pkey_TRESumWinAper (clustered) WinEndDate, EstPermID, Measure, IsParent, PerType, WinType,",40,40
qa_database_schema_ibes_estimates_version_2_v1_8_6_2025_05_29,QA Database Schema - IBES Estimates Version 2 - v1.8.6 (2025-05-29).pdf,WinLength,TRECode table for the following descriptions: | the Code field in the TRECode table for the following,,,,40,41
qa_database_schema_ibes_estimates_version_2_v1_8_6_2025_05_29,QA Database Schema - IBES Estimates Version 2 - v1.8.6 (2025-05-29).pdf,TRERecDet,This table contains recommendations detail data.,Every 15 minutes,,"pkey_TRERecDet (clustered) EffectiveDate, EstPermID, BrokerID",41,43
qa_database_schema_ibes_estimates_version_2_v1_8_6_2025_05_29,QA Database Schema - IBES Estimates Version 2 - v1.8.6 (2025-05-29).pdf,TRERecDetConf,The TRERecDetConf table contains detail (broker) recommendation confirmations.,Every 15 minutes,,"pkey_TRERecDetConf (clustered) ConfirmDate, EstPermID, BrokerID, RecEffectiveDate, DomainAction",43,44
qa_database_schema_ibes_estimates_version_2_v1_8_6_2025_05_29,QA Database Schema - IBES Estimates Version 2 - v1.8.6 (2025-05-29).pdf,Summary,,,,,44,44
qa_database_schema_ibes_estimates_version_2_v1_8_6_2025_05_29,QA Database Schema - IBES Estimates Version 2 - v1.8.6 (2025-05-29).pdf,TRERecSum,The TRERecSum table contains summary recommendations.,Every 15 minutes,,"pkey_TRERecSum (clustered) EffectiveDate, EstPermID",44,45
qa_database_schema_ibes_estimates_version_2_v1_8_6_2025_05_29,QA Database Schema - IBES Estimates Version 2 - v1.8.6 (2025-05-29).pdf,TRERecSumWin,The TRERecSumWin table contains aggregated broker recommendation forecasts for one security in one period,Every 15 minutes,,"pkey_TRERecSumWin (clustered) WinEndDate, EstPermID, WinType, WinLength",45,47
qa_database_schema_ibes_estimates_version_2_v1_8_6_2025_05_29,QA Database Schema - IBES Estimates Version 2 - v1.8.6 (2025-05-29).pdf,TREDetNotesPer,The TREDetNotesPer table contains detail (estimate-level) footnotes with Periodicity = Periodic.,Every 15 minutes,,"pkey_TREDetNotesPer (clustered) EffectiveDate, EstPermID, Measure, IsParent, PerType, PerEndDate, FYEMonth,",47,47
qa_database_schema_ibes_estimates_version_2_v1_8_6_2025_05_29,QA Database Schema - IBES Estimates Version 2 - v1.8.6 (2025-05-29).pdf,BrokerID,the Code field in the TRECode table for the following descriptions: | TRECode table for the following description: CodeType=2.,,,,47,48
qa_database_schema_ibes_estimates_version_2_v1_8_6_2025_05_29,QA Database Schema - IBES Estimates Version 2 - v1.8.6 (2025-05-29).pdf,TREDetNotesHzn,The TREDetNotesHzn table contains detail (estimate-level) footnotes for price targets (Periodicity = Horizon).,Every 15 minutes,,"pkey_TREDetNotesHzn (clustered) EffectiveDate, EstPermID, Measure, IsParent, PerType, PerLength,",48,48
qa_database_schema_ibes_estimates_version_2_v1_8_6_2025_05_29,QA Database Schema - IBES Estimates Version 2 - v1.8.6 (2025-05-29).pdf,BrokerID,Code field in the TRECode table for the following descriptions: | table for the following description: CodeType=2.,,,,48,49
qa_database_schema_ibes_estimates_version_2_v1_8_6_2025_05_29,QA Database Schema - IBES Estimates Version 2 - v1.8.6 (2025-05-29).pdf,TREDetNotesAper,The TREDetNotesAper table contains detail (estimate-level) for long term growth (Periodicity = Aperiodic). | the Code field in the TRECode table for the following descriptions: | TRECode table for the following description: CodeType=2.,Every 15 minutes,,"pkey_TREDetNotesAper (clustered) EffectiveDate, EstPermID, Measure, IsParent, PerType, BrokerID",49,51
qa_database_schema_ibes_estimates_version_2_v1_8_6_2025_05_29,QA Database Schema - IBES Estimates Version 2 - v1.8.6 (2025-05-29).pdf,TREOrgNotesPer,"The TREOrgNotesPer table contains summary (company-level) footnotes with Periodicity = Periodic. | the Code field in the TRECode table for the following descriptions: | TRECode table for the following description: CodeType=2. | table for the following description: CodeType=17. | field in the TRECode table for the following descriptions: currency | table for the following descriptions: currency name (CodeType = 6),",Every 15 minutes,,"pkey_TREOrgNotesPer (clustered) EffectiveDate, EstPermID, Measure, IsParent, PerType, PerEndDate, FYEMonth, OrgNoteCategory, OrgNoteType",51,53
qa_database_schema_ibes_estimates_version_2_v1_8_6_2025_05_29,QA Database Schema - IBES Estimates Version 2 - v1.8.6 (2025-05-29).pdf,TREOrgNotesHzn,"The TREOrgNotesHzn table contains summary (company-level) footnotes with Periodicity = Horizon. | the Code field in the TRECode table for the following descriptions: | TRECode table for the following description: CodeType=2. | field in the TRECode table for the following descriptions: currency | table for the following descriptions: currency name (CodeType = 6),",Every 15 minutes,,"pkey_TREOrgNotesHzn (clustered) EffectiveDate, EstPermID, Measure, IsParent, PerType, PerLength, OrgNoteCategory, OrgNoteType",53,55
qa_database_schema_ibes_estimates_version_2_v1_8_6_2025_05_29,QA Database Schema - IBES Estimates Version 2 - v1.8.6 (2025-05-29).pdf,TREOrgNotesAper,The TREOrgNotesAper table contains summary (company-level) footnotes with Periodicity = Aperiodic.,Every 15 minutes,,"pkey_TREOrgNotesAper (clustered) EffectiveDate, EstPermID, Measure, IsParent, PerType, OrgNoteCategory,",55,55
qa_database_schema_ibes_estimates_version_2_v1_8_6_2025_05_29,QA Database Schema - IBES Estimates Version 2 - v1.8.6 (2025-05-29).pdf,OrgNoteType,in the TRECode table for the following descriptions: measure code | This field cross-references with the Code field in the TRECode table for | the TRECode table for the following descriptions: currency name | field in the TRECode table for the following descriptions: currency name | field cross-references with the Code field in the TRECode table for the,,,,55,57
qa_database_schema_ibes_estimates_version_2_v1_8_6_2025_05_29,QA Database Schema - IBES Estimates Version 2 - v1.8.6 (2025-05-29).pdf,TRESmartDetPer,"This table contains contains every estimate that was considered for use, though not necessarily used, in the | field in the TRECode table for the following description:",Every 15 minutes,,"pkey_TRESmartDetPer (clustered) EffectiveDate, EstPermID, Measure, IsParent, PerType, PerEndDate, FYEMonth, BrokerID",57,59
qa_database_schema_ibes_estimates_version_2_v1_8_6_2025_05_29,QA Database Schema - IBES Estimates Version 2 - v1.8.6 (2025-05-29).pdf,TRESmartSumPer,"This table contains the SmartEstimate (a ""smart"" mean) and Predicted Surprise data, aggregated across all | the TRECode table for the following description: CodeType=2.",Every 15 minutes,,"pkey_TRESmartSumPer (clustered) EffectiveDate, EstPermID, Measure, IsParent, PerType, PerEndDate, FYEMonth",59,61
qa_database_schema_ibes_estimates_version_2_v1_8_6_2025_05_29,QA Database Schema - IBES Estimates Version 2 - v1.8.6 (2025-05-29).pdf,TRESmartClusterPer,"This table contains data on revision clusters, one component of the SmartEstimate. A revision cluster is triggered | field in the TRECode table for the following description:",Every 15 minutes,,"pkey_TRESmartClusterPer (clustered) EffectiveDate, EstPermID, Measure, IsParent, PerType, PerEndDate, FYEMonth",61,63
qa_database_schema_ibes_estimates_version_2_v1_8_6_2025_05_29,QA Database Schema - IBES Estimates Version 2 - v1.8.6 (2025-05-29).pdf,TREBrokers,The TREBrokers table contains broker identifying information.,Every 15 minutes,,pkey_ TREBrokers (clustered) BrokerID,63,64
qa_database_schema_ibes_estimates_version_2_v1_8_6_2025_05_29,QA Database Schema - IBES Estimates Version 2 - v1.8.6 (2025-05-29).pdf,TREAnalysts,The TREAnalysts table contains analyst identifying information.,Every 15 minutes,,pkey_ TREAnalysts (clustered) AnalystUID,64,64
qa_database_schema_ibes_estimates_version_2_v1_8_6_2025_05_29,QA Database Schema - IBES Estimates Version 2 - v1.8.6 (2025-05-29).pdf,TRECoverage,The TRECoverage table contains analyst coverage information for companies/securities.,Every 15 minutes,,"pkey_TRECoverage (clustered) StartDate, AnalystUID, BrokerID, EstPermID",64,65
qa_database_schema_ibes_estimates_version_2_v1_8_6_2025_05_29,QA Database Schema - IBES Estimates Version 2 - v1.8.6 (2025-05-29).pdf,TRECoverage_V2,The TRECoverage_V2 table contains analyst coverage information for companies/securities.,Every 15 minutes,,"pkey_TRECoverage_V2 (clustered) AnalystUID, BrokerID, EstPermID, EntryDate",65,69
qa_database_schema_ibes_estimates_version_2_v1_8_6_2025_05_29,QA Database Schema - IBES Estimates Version 2 - v1.8.6 (2025-05-29).pdf,TREProdInfo,"The TREProdInfo table provides basic information about products (pharmaceutical product, store or company",Every 15 minutes,,pkey_TREProdInfo (clustered) ProductID,69,70
qa_database_schema_ibes_estimates_version_2_v1_8_6_2025_05_29,QA Database Schema - IBES Estimates Version 2 - v1.8.6 (2025-05-29).pdf,TREProdActRpt,"The TREProdActRpt table contains the reported actuals for the product, store, or segment (where ActualType = | table for the following description: CodeType=2. | field in the TRECode table for the following descriptions: currency | Code field in the TRECode table for the following descriptions: | This field cross-references with the Code field in the TRECode table",Every 15 minutes,,"pkey_TREProdActRpt (clustered) PerEndDate, EstPermID, ProductID, KPIRegionID, Measure, IsParent, PerType",70,71
qa_database_schema_ibes_estimates_version_2_v1_8_6_2025_05_29,QA Database Schema - IBES Estimates Version 2 - v1.8.6 (2025-05-29).pdf,TREProdActRst,"The TREProdActRst table contains the restated actuals for the product, store, or segment (where ActualType = | table for the following description: CodeType=2. | field in the TRECode table for the following descriptions: currency | field cross-references with the Code field in the TRECode table for the",Every 15 minutes,,"pkey_TREProdActRst (clustered) PerEndDate, EstPermID, ProductID, KPIRegionID, Measure, IsParent, PerType",71,73
qa_database_schema_ibes_estimates_version_2_v1_8_6_2025_05_29,QA Database Schema - IBES Estimates Version 2 - v1.8.6 (2025-05-29).pdf,TREProdActSurpWin,"The TREProdActSurpWin table compares reported actuals with estimates. For each reported actual received, | TRECode table for the following description: CodeType=2.",Every 15 minutes,,"pkey_TREProdActSurpWin (clustered) PerEndDate, EstPermID, ProductID, KPIRegionID, Measure, IsParent, PerType",73,74
qa_database_schema_ibes_estimates_version_2_v1_8_6_2025_05_29,QA Database Schema - IBES Estimates Version 2 - v1.8.6 (2025-05-29).pdf,TREProdDetPer,The TREProdDetPer table contains detail (broker) product/segment estimates for all periodic periods. | references with the Code field in the TRECode table for the | TRECode table for the following description: CodeType=2. | Code field in the TRECode table for the following descriptions: | TRECode table for the following descriptions: currency name,Every 15 minutes,,"pkey_TREProdDetPer (clustered) PerEndDate, EffectiveDate, EstPermID, ProductID, KPIRegionID, Measure, IsParent, PerType, FYEMonth, BrokerID",74,76
qa_database_schema_ibes_estimates_version_2_v1_8_6_2025_05_29,QA Database Schema - IBES Estimates Version 2 - v1.8.6 (2025-05-29).pdf,TREProdDetNotePer,The TREProdDetNotePer table contains detail (estimate-level) product/segment periodic footnotes. | references with the Code field in the TRECode table for the | TRECode table for the following description: CodeType=2.,Every 15 minutes,,"pkey_TREProdDetNotePer (clustered) PerEndDate, EffectiveDate, EstPermID, ProductID, KPIRegionID, Measure, IsParent, PerType, FYEMonth, BrokerID",76,77
qa_database_schema_ibes_estimates_version_2_v1_8_6_2025_05_29,QA Database Schema - IBES Estimates Version 2 - v1.8.6 (2025-05-29).pdf,TREProdSumPer,The TREProdSumPer table contains product/segment summary data for all periodic periods. | in the TRECode table for the following descriptions: measure code | This field cross-references with the Code field in the TRECode table for | the TRECode table for the following descriptions: currency name | field in the TRECode table for the following descriptions: currency name,Every 15 minutes,,"pkey_TREProdSumPer (clustered) PerEndDate, EffectiveDate, EstPermID, ProductID, KPIRegionID, Measure, IsParent, PerType, FYEMonth",77,79
qa_database_schema_ibes_estimates_version_2_v1_8_6_2025_05_29,QA Database Schema - IBES Estimates Version 2 - v1.8.6 (2025-05-29).pdf,TREProdRegion,"The TREProdRegion table provides regional information, including the long name and description, for the | Note: Currently, this table doesn’t contain any data. It was added and reserved for future use.",,,pkey_TREProdRegion (clustered) KPIRegionID,79,80
qa_database_schema_ibes_estimates_version_2_v1_8_6_2025_05_29,QA Database Schema - IBES Estimates Version 2 - v1.8.6 (2025-05-29).pdf,TRECode,,Every 15 minutes,,"pkey_ TRECode (clustered) CodeType, Code",80,82
qa_database_schema_ibes_estimates_version_2_v1_8_6_2025_05_29,QA Database Schema - IBES Estimates Version 2 - v1.8.6 (2025-05-29).pdf,TREInfo,TRECode table for the following descriptions: country name,Every 15 minutes,,pkey_ TREInfo EstPermID,82,83
qa_database_schema_ibes_estimates_version_2_v1_8_6_2025_05_29,QA Database Schema - IBES Estimates Version 2 - v1.8.6 (2025-05-29).pdf,TREPerIndex,TRECode table for the following description: CodeType=2.,Every 15 minutes,,"pkey_TREPerIndex (clustered) PerEndDate, EstPermID, Periodicity, PerType",83,84
qa_database_schema_ibes_estimates_version_2_v1_8_6_2025_05_29,QA Database Schema - IBES Estimates Version 2 - v1.8.6 (2025-05-29).pdf,TREPerAdvance,"This table defines the '0' fiscal period (e.g., FY0, FI0) historically. When used with TREPerIndex it enables you to | TRECode table for the following description: CodeType=2.",Every 15 minutes,,"Pkey_TREPerAdvance (Clustered) PerEndDate, EstPermID, Periodicity, PerType",84,85
qa_database_schema_ibes_estimates_version_2_v1_8_6_2025_05_29,QA Database Schema - IBES Estimates Version 2 - v1.8.6 (2025-05-29).pdf,TRESplitAdj,The TRESplitAdj table provides details of a company’s corporate actions. The compound split factor is used in the,Every 15 minutes,,"Pkey_TRESplitAdj (Clustered) EffectiveDate, EstPermID",85,85
qa_database_schema_ibes_estimates_version_2_v1_8_6_2025_05_29,QA Database Schema - IBES Estimates Version 2 - v1.8.6 (2025-05-29).pdf,TREExpectedRptDate,The TREExpectedRptDate table provides dates when a company is expected to issue its earnings release for the | This field cross-references with the Code field in the TRECode table for,Every 15 minutes,,"Pkey_TREExpectedRptDate (Clustered) PerEndDate, EstPermID, PerType",85,88
qa_database_schema_ibes_estimates_version_2_v1_8_6_2025_05_29,QA Database Schema - IBES Estimates Version 2 - v1.8.6 (2025-05-29).pdf,TREGuiColData,The TREGuiColData table contains guidance as-reported by the company. | the TRECode table for the following description: CodeType=2. | references with the Code field in the TRECode table for the | cross-references with the Code field in the TRECode table for | field in the TRECode table for the following description: | the Code field in the TRECode table for the following | field in the TRECode table for the following descriptions:,Every 15 minutes,,"Pkey_ TREGuiColData (Clustered) EstPermID, PerType, PerEndDate, FYEMonth, Measure, IsParent, AccountingType, Unit, SegmentType, SegmentName, AnalysisID, DocID",88,89
qa_database_schema_ibes_estimates_version_2_v1_8_6_2025_05_29,QA Database Schema - IBES Estimates Version 2 - v1.8.6 (2025-05-29).pdf,TREGuiColText,The TREGuiColText table contains textual guidance as-reported by the company. | the TRECode table for the following description: CodeType=2. | references with the Code field in the TRECode table for the | cross-references with the Code field in the TRECode table for | field in the TRECode table for the following description:,Every 15 minutes,,"Pkey_ TREGuiColText (Clustered) EstPermID, PerType, PerEndDate, FYEMonth, Measure, IsParent, AccountingType, Unit, SegmentType, SegmentName, AnalysisID, DocID, SentenceStartID",89,90
qa_database_schema_ibes_estimates_version_2_v1_8_6_2025_05_29,QA Database Schema - IBES Estimates Version 2 - v1.8.6 (2025-05-29).pdf,TREGuiCompanySeg,The TREGuiCompanySeg table contains Company Segment information. | references with the Code field in the TRECode table for the,Every 15 minutes,,"Pkey_ TREGuiCompanySeg (Clustered) EstPermID, SegmentType, SegmentName",90,91
qa_database_schema_ibes_estimates_version_2_v1_8_6_2025_05_29,QA Database Schema - IBES Estimates Version 2 - v1.8.6 (2025-05-29).pdf,TREGuiCompData,The TREGuiCompData table contains guidance that is comparable to the estimates. | the TRECode table for the following description: CodeType=2. | references with the Code field in the TRECode table for the | cross-references with the Code field in the TRECode table for | field in the TRECode table for the following description: | field in the TRECode table for the following descriptions:,Every 15 minutes,,"Pkey_ TREGuiCompData (Clustered) EstPermID, PerType, PerEndDate, FYEMonth, Measure, IsParent, AccountingStandard, SegmentType, SegmentName, AnalysisID, DocID",91,93
qa_database_schema_ibes_estimates_version_2_v1_8_6_2025_05_29,QA Database Schema - IBES Estimates Version 2 - v1.8.6 (2025-05-29).pdf,vw_IBES2ActSurpr,TRECode table for the following description: CodeType=2.,,,,93,94
qa_database_schema_ibes_estimates_version_2_v1_8_6_2025_05_29,QA Database Schema - IBES Estimates Version 2 - v1.8.6 (2025-05-29).pdf,vw_IBES2Actuals,TRECode table for the following description: CodeType=2.,,,,94,97
qa_database_schema_ibes_estimates_version_2_v1_8_6_2025_05_29,QA Database Schema - IBES Estimates Version 2 - v1.8.6 (2025-05-29).pdf,vw_IBES2DetAper,TRECode table for the following description: CodeType=2.,,,,97,100
qa_database_schema_ibes_estimates_version_2_v1_8_6_2025_05_29,QA Database Schema - IBES Estimates Version 2 - v1.8.6 (2025-05-29).pdf,vw_IBES2DetHzn,This field cross-references with the Code field in the TRECode table for,,,,100,103
qa_database_schema_ibes_estimates_version_2_v1_8_6_2025_05_29,QA Database Schema - IBES Estimates Version 2 - v1.8.6 (2025-05-29).pdf,vw_IBES2DetPer,This field cross-references with the Code field in the TRECode table for,,,,103,106
qa_database_schema_ibes_estimates_version_2_v1_8_6_2025_05_29,QA Database Schema - IBES Estimates Version 2 - v1.8.6 (2025-05-29).pdf,vw_IBES2DetPerSurpr,TRECode table for the following description: CodeType=2. | table for the following descriptions: country name (CodeType =,,,,106,111
qa_database_schema_ibes_estimates_version_2_v1_8_6_2025_05_29,QA Database Schema - IBES Estimates Version 2 - v1.8.6 (2025-05-29).pdf,vw_IBES2RecDet,,,,,111,113
qa_database_schema_ibes_estimates_version_2_v1_8_6_2025_05_29,QA Database Schema - IBES Estimates Version 2 - v1.8.6 (2025-05-29).pdf,vw_IBES2RecSum,,,,,113,114
qa_database_schema_ibes_estimates_version_2_v1_8_6_2025_05_29,QA Database Schema - IBES Estimates Version 2 - v1.8.6 (2025-05-29).pdf,vw_IBES2SumAper,references with the Code field in the TRECode table for the | TRECode table for the following description: CodeType=2. | Code field in the TRECode table for the following descriptions:,,,,114,116
qa_database_schema_ibes_estimates_version_2_v1_8_6_2025_05_29,QA Database Schema - IBES Estimates Version 2 - v1.8.6 (2025-05-29).pdf,vw_IBES2SumHzn,references with the Code field in the TRECode table for the | TRECode table for the following description: CodeType=2. | Code field in the TRECode table for the following descriptions:,,,,116,119
qa_database_schema_ibes_estimates_version_2_v1_8_6_2025_05_29,QA Database Schema - IBES Estimates Version 2 - v1.8.6 (2025-05-29).pdf,vw_IBES2SumPer,references with the Code field in the TRECode table for the | TRECode table for the following description: CodeType=2. | the Code field in the TRECode table for the following,,,,119,122
qa_database_schema_ibes_pit_2025_07_17,QA Database Schema - IBES PIT (2025-07-17).pdf,IBESPITAct,This table contains actuals data.,Weekly,,"pkey_IBESPITAct (clustered) Code, ActType, Measure, PerType, PerEndDate, ActivationDate, PointDate",6,6
qa_database_schema_ibes_pit_2025_07_17,QA Database Schema - IBES PIT (2025-07-17).pdf,IBESPITAncl,This table contains ancillary company data.,Weekly,,"pkey_IBESPITAncl (clustered) Code, PointDate",6,7
qa_database_schema_ibes_pit_2025_07_17,QA Database Schema - IBES PIT (2025-07-17).pdf,IBESPITBrokerMap,This table contains broker mapping data.,Weekly,,pkey_IBESPITBrokerMap (clustered) BrokerCode,7,7
qa_database_schema_ibes_pit_2025_07_17,QA Database Schema - IBES PIT (2025-07-17).pdf,IBESPITBroker,This table contains broker detail data.,Weekly,,"pkey_IBESPITBroker (clustered) BrokerCode, PointDate",7,8
qa_database_schema_ibes_pit_2025_07_17,QA Database Schema - IBES PIT (2025-07-17).pdf,IBESPITCode,This table contains code mapping data.,As needed,,"pkey_IBESPITCode (clustered) CodeType, Code",8,8
qa_database_schema_ibes_pit_2025_07_17,QA Database Schema - IBES PIT (2025-07-17).pdf,IBESPITDesc,This table contains descriptor data.,As needed,,"pkey_IBESPITDesc (clustered) CodeType, Code",8,8
qa_database_schema_ibes_pit_2025_07_17,QA Database Schema - IBES PIT (2025-07-17).pdf,IBESPITDetEst,This table contains detail estimates data.,Weekly,,"pkey_IBESPITDetEst (clustered) Code, BrokerCode, Measure, PerType, PerEndDate, ForecastPer, ActivationDate, PointDate",8,9
qa_database_schema_ibes_pit_2025_07_17,QA Database Schema - IBES PIT (2025-07-17).pdf,IBESPITDetPtg,This table contains detail price target data.,Weekly,,"pkey_IBESPITDetPtg (clustered) Code, BrokerCode, ActivationDate, PointDate",9,10
qa_database_schema_ibes_pit_2025_07_17,QA Database Schema - IBES PIT (2025-07-17).pdf,IBESPITDetRec,This table contains detail broker recommendation data.,Weekly,,"pkey_IBESPITDetRec (clustered) Code, BrokerCode, ActivationDate, PointDate",10,11
qa_database_schema_ibes_pit_2025_07_17,QA Database Schema - IBES PIT (2025-07-17).pdf,IBESPITExpRptDate,This table contains expected report dates data.,Weekly,,"pkey_IBESPITExpRptDate (clustered) Code, PerType, PerEndDate, PointDate",11,11
qa_database_schema_ibes_pit_2025_07_17,QA Database Schema - IBES PIT (2025-07-17).pdf,IBESPITInfo,This table contains company info data.,Weekly,,pkey_IBESPITInfo (clustered) Code,11,11
qa_database_schema_ibes_pit_2025_07_17,QA Database Schema - IBES PIT (2025-07-17).pdf,IBESPITIssue,This table contains issue data.,Weekly,,"pkey_IBESPITIssue (clustered) Code, PointDate",11,12
qa_database_schema_ibes_pit_2025_07_17,QA Database Schema - IBES PIT (2025-07-17).pdf,IBESPITPrice,This table contains pricing data.,Weekly,,"pkey_IBESPITPrice (clustered) Code, PointDate",12,13
qa_database_schema_ibes_pit_2025_07_17,QA Database Schema - IBES PIT (2025-07-17).pdf,IBESPITSumEst,This table contains summary estimates data.,Weekly,,"pkey_IBESPITSumEst (clustered) Code, Measure, PerType, PerEndDate, PointDate",13,14
qa_database_schema_ibes_pit_2025_07_17,QA Database Schema - IBES PIT (2025-07-17).pdf,IBESPITSumPtg,This table contains summary price target data.,Weekly,,"pkey_IBESPITSumPtg (clustered) Code, PointDate",14,14
qa_database_schema_ibes_pit_2025_07_17,QA Database Schema - IBES PIT (2025-07-17).pdf,IBESPITSumRec,This table contains summary recommendations data.,Weekly,,"pkey_IBESPITSumRec (clustered) Code, PointDate",14,15
qa_database_schema_ibes_v1_1_6,QA Database Schema - IBES_v1.1.6.pdf,IBDfxr,Currency Exchange Rates | This table contains historical currency exchange rates.,Monthly,,"pkey_Ibdfxr (clustered) Currency_, Date_",14,14
qa_database_schema_ibes_v1_1_6,QA Database Schema - IBES_v1.1.6.pdf,IBESCmbDate,North America EPS/EBG Combined Estimates Dates | This table contains I/B/E/S combined estimates dates for EPS (earnings per share) and EBG (earnings before,N/A,,"pkey_IBESCmbDate (clustered) Code idx1_IBESCmbDate CombineDate, Code",14,14
qa_database_schema_ibes_v1_1_6,QA Database Schema - IBES_v1.1.6.pdf,IBESCur,I/B/E/S Currencies | Use this table to retrieve the currency and date of change for a specified security.,Monthly,,"pkey_IbesCur (clustered) Code, Date_",14,15
qa_database_schema_ibes_v1_1_6,QA Database Schema - IBES_v1.1.6.pdf,IBESCurrCode,I/B/E/S Currency Units | This table contains currency units and descriptions.,N/A,,pkey_Ibescurrcode (clustered) Currency_,15,15
qa_database_schema_ibes_v1_1_6,QA Database Schema - IBES_v1.1.6.pdf,IBESFCo,North America Company Footnotes | This table contains company footnotes.,N/A,,"pkey_IBESFCo (clustered) Code, EntryDate idx1_IBESFCo Code, FootnoteType, EntryDate",15,17
qa_database_schema_ibes_v1_1_6,QA Database Schema - IBES_v1.1.6.pdf,IBESHist3,I/B/E/S Security History | Use this table to retrieve CUSIP change chronology.,Monthly,,"pkey_IBESHist3 (clustered) Code, Date_",17,18
qa_database_schema_ibes_v1_1_6,QA Database Schema - IBES_v1.1.6.pdf,IBESInfo3,"I/B/E/S Security Information | This is the primary information table that links a security code to a ticker, CUSIP, and company name.",Monthly,,pkey_IBESInfo3 (clustered) ITicker idx1_IBESInfo3 Cusip idx2_IBESInfo3 STicker idx3_IBESInfo3 Name idx4_IBESInfo3 Code,18,19
qa_database_schema_ibes_v1_1_6,QA Database Schema - IBES_v1.1.6.pdf,IBESMsrCode,I/B/E/S Measure Code Descriptions | Use this table to retrieve descriptions of I/B/E/S Measure codes.,N/A,,pkey_Ibesmsrcode (clustered) Measure Ibesmsrcode_1 MeasureCode,19,20
qa_database_schema_ibes_v1_1_6,QA Database Schema - IBES_v1.1.6.pdf,IBESPerCode,I/B/E/S Period Code Descriptions | Use this table to retrieve descriptions of I/B/E/S period codes. | table and may be:,N/A,,"pkey_Ibespercode (clustered) PeriodType, Period Ibespercode_1 Flag, PeriodType, ForecastCode",20,24
qa_database_schema_ibes_v1_1_6,QA Database Schema - IBES_v1.1.6.pdf,IBESSurp,I/B/E/S Surprise Data | Use this table to retrieve I/B/E/S surprise data. | Description United States Table Global Table,Monthly,,"pkey_IbesSurp (clustered) Code, Measure, PeriodType, PeriodDate, EntryDate IbesSurp_1 Code, Measure, PeriodType, EntryDate, PeriodDate",24,25
qa_database_schema_ibes_v1_1_6,QA Database Schema - IBES_v1.1.6.pdf,IBESCode,I/B/E/S Guidance Code Lookups | Use this table to retrieve I/B/E/S Guidance code definitions. | — IBQGuData: I/B/E/S North America Guidance Table and Data Element Dictionary | — IBGQGuData: I/B/E/S Global Guidance Table and Data Element Dictionary,4 times per day,,"pkey_IbesCode (clustered) Type_, Code pkey_IbqGuData (clustered), or",25,26
qa_database_schema_ibes_v1_1_6,QA Database Schema - IBES_v1.1.6.pdf,pkey_IbgqGuData,,Daily,,pkey_Ib*qGuExch (Clustered) Code,26,28
qa_database_schema_ibes_v1_1_6,QA Database Schema - IBES_v1.1.6.pdf,IBESDesc,I/B/E/S Exchange Code Descriptions | Use this table to translate exchange codes.,Daily,,"pkey_IbesDesc (Clustered) Type_, Code",28,28
qa_database_schema_ibes_v1_1_6,QA Database Schema - IBES_v1.1.6.pdf,IBQExch,I/B/E/S Country and Exchange Code Descriptions,Daily,,"pkey_ IBQExch (Clustered) Country, Exchange",28,29
qa_database_schema_ibes_v1_1_6,QA Database Schema - IBES_v1.1.6.pdf,IBESSIG,"I/B/E/S Sector, Industry, or Group Codes | Note: This table is no longer supported. It was last updated on 23 September 2016. | Use this table to retrieve data for sector, industry, or group codes.",Monthly,,pkey_IbesSig (clustered) Code,29,29
qa_database_schema_ibes_v1_1_6,QA Database Schema - IBES_v1.1.6.pdf,IbSumRec,I/B/E/S Summary Recommendations History | Use this table to retrieve recommendations history.,Monthly,,"pkey_IbSumRec (clustered) Code, Date_",29,30
qa_database_schema_ibes_v1_1_6,QA Database Schema - IBES_v1.1.6.pdf,IBESPSum,"I/B/E/S United States Price Target Summary | This table contains United States price target summary information. | Note: This table requires Level 3 licensing through I/B/E/S. For more information about table | licensing levels, see Table Levels 1, 2, and 3 on page 11.",Monthly,,"pkey_IbesPSum (clustered) Code, EstDate",30,32
qa_database_schema_ibes_v1_1_6,QA Database Schema - IBES_v1.1.6.pdf,IBDAnl,I/B/E/S Detail Analysts | This table contains I/B/E/S analysts detail data.,Daily,,pkey_IbdAnl (clustered) Code idx1_IbdAnl Name,32,32
qa_database_schema_ibes_v1_1_6,QA Database Schema - IBES_v1.1.6.pdf,IBDBrk,I/B/E/S Detail Broker | This table contains I/B/E/S brokers detail data.,Daily,,pkey_IbdBrk (clustered) Code idx1_IbdBrk Name idx2_IbdBrk Id,32,33
qa_database_schema_ibes_v1_1_6,QA Database Schema - IBES_v1.1.6.pdf,IBDCur,North America Detail Report Currency | This table contains company default currency data.,"Daily or Monthly, depending on whether a change is made",,"pkey_IbdCur (clustered) Code, Date_",33,33
qa_database_schema_ibes_v1_1_6,QA Database Schema - IBES_v1.1.6.pdf,IBDRec,Recommendation Detail | This table contains detail data on recommendations.,Daily,,"pkey_IbdRec (clustered) Code, RecDate, BrkCode, AnlCode IbdRec_AnlCode Code, AnlCode, RecDate, BrkCode IbdRec_BrkCode Code, BrkCode, RecDate, AnlCode",33,34
qa_database_schema_ibes_v1_1_6,QA Database Schema - IBES_v1.1.6.pdf,IBDRecCode,Recommendation Text/Code Mapping | Use the data in this table to map recommendation text or codes.,N/A,,pkey_IbdRecCode (clustered) Code IbdRecCode_RecText RecText,34,34
qa_database_schema_ibes_v1_1_6,QA Database Schema - IBES_v1.1.6.pdf,IBDRecStp,Stopped Recommendations | Use the data in this table to track stopped recommendations.,N/A,,"pkey_IbdRecStp (clustered) Code, Broker, StopDate",34,34
qa_database_schema_ibes_v1_1_6,QA Database Schema - IBES_v1.1.6.pdf,IBDPDet,"I/B/E/S United States Price Targets Detail | This table contains price targets detail information. | Note: This table requires Level 3 licensing through I/B/E/S. For more information about table | licensing levels, see Table Levels 1, 2, and 3 on page 11.",Daily,,"pkey_IbdPDet (clustered) Code, Broker, EntryDate, EntryTime IbdPDet_1 Code, AnalystCode, EntryDate",34,35
qa_database_schema_ibes_v1_1_6,QA Database Schema - IBES_v1.1.6.pdf,IBDPStp,"I/B/E/S United States Stopped Price Targets Detail | This table contains detail information on stopped priced targets. | Note: This table requires Level 3 licensing through I/B/E/S. For more information about table | licensing levels, see Table Levels 1, 2, and 3 on page 11. | Note: The table level available depends on your I/B/E/S license. | See Also: For more information about table licensing levels, secondary and actuals data, and detail and | This table illustrates the relationship between IBESInfo3 and the I/B/E/S Measures Consensus tables.",Monthly,,"pkey_IbdPStp (clustered) Code, Broker, StopDate, StopTime pkey_IbdRsActL* (clustered) Code, Measure, PerType, PerDate pkey_IbesActL* (clustered), or pkey_Ibes2ndActL* (clustered) Code, Measure, Date_ pkey_IbesEpsL* (clustered), or pkey_Ibes2ndEpsL* (clustered) Code, Measure, Item, Date_ pkey_IbesEstL* (clustered), or pkey_Ibes2ndEstL* (clustered) Code, Measure, Period, EstDate Idx1_IbesEstL*, or Idx1_Ibes2ndEstL* Code, Measure, PerType, PerDate, EstDate pkey_IbesRsEpsL* (clustered), or pkey_Ibes2ndRsEpsL* (clustered) Code, Measure, Item, Date_",35,42
qa_database_schema_ibes_v1_1_6,QA Database Schema - IBES_v1.1.6.pdf,IBESEst2ML1,"I/B/E/S Secondary Mean – Level 1 | This table provides the minority mean for a security both before and during IFRS (International Financial Reporting | Note: The table level available depends on your I/B/E/S license. | See Also: For more information about table licensing levels, secondary and actuals data, and detail and",Daily,,"pkey_IbesEst2ML1 (clustered) Code, Measure, Period, EstDate Idx1_IbesEst2ML1 Code, Measure, PerType, PerDate, EstDate pkey_IbesSrmL* (clustered) Code, Measure, Period, EstDate Idx1_ IbesSrmL* Code, Measure, PerType, PerDate, EstDate pkey_IbdActL* (clustered) Code, Measure, PerType, PerDate pkey_IbdEstL* (clustered) Code, Measure, Broker, PerType, PerDate, EstDate,",42,46
qa_database_schema_ibes_v1_1_6,QA Database Schema - IBES_v1.1.6.pdf,Analyst,,,,,46,46
qa_database_schema_ibes_v1_1_6,QA Database Schema - IBES_v1.1.6.pdf,Analyst,,,,,46,46
qa_database_schema_ibes_v1_1_6,QA Database Schema - IBES_v1.1.6.pdf,Broker,,,,,46,46
qa_database_schema_ibes_v1_1_6,QA Database Schema - IBES_v1.1.6.pdf,Broker,"yet been applied to the monthly table is unadjusted. This is done so that the daily estimates | the ADJFCTR table where ADJFCTR.Database_ = 1 (I/B/E/S U.S. History) and | See Also: For more information about table licensing levels, secondary and actuals data, and detail and | Note: The table level available depends on your I/B/E/S license.",Daily,,"pkey_IbdExcL* (clustered) Code, Measure, Broker, Analyst, PerType, PerDate,",46,48
qa_database_schema_ibes_v1_1_6,QA Database Schema - IBES_v1.1.6.pdf,EstDate,"See Also: For more information about table licensing levels, secondary and actuals data, and detail and | Note: The table level available depends on your I/B/E/S license.",Daily,,"pkey_IbdStpL* (clustered) Code, Measure, Broker, PerType, PerDate, StopDate pkey_IbdRsActL* (clustered) Code, Measure, PerType, PerDate",48,51
qa_database_schema_ibes_v1_1_6,QA Database Schema - IBES_v1.1.6.pdf,IBQCty,I/B/E/S QFS Country File | Use this table to retrieve country codes and country names.,Weekly,,pkey_IbqCty (clustered) Country,51,51
qa_database_schema_ibes_v1_1_6,QA Database Schema - IBES_v1.1.6.pdf,IBQCur,"I/B/E/S QFS Currency File | Use this table to retrieve currency-specific information such as currency codes, currency names, and data",Weekly,,pkey_IbqCur (clustered) Currency_,51,52
qa_database_schema_ibes_v1_1_6,QA Database Schema - IBES_v1.1.6.pdf,IBQCurChg,I/B/E/S QFS Currency Change File | Use this table to identify changes in a company's default currency.,Daily,,"pkey_IbqCurChg (clustered) Code, EntryDate, EntryTime",52,52
qa_database_schema_ibes_v1_1_6,QA Database Schema - IBES_v1.1.6.pdf,IBQFco,North America QFS Company Footnotes | This table contains footnotes that provide additional information on the coverage of the company as a whole.,Weekly,,"pkey_IbqFco (clustered) Code, EntryDate idx1_IbqFco Code, FootnoteType, EntryDate",52,53
qa_database_schema_ibes_v1_1_6,QA Database Schema - IBES_v1.1.6.pdf,IBQFXR,I/B/E/S QFS Currency Exchange Rates | This table contains QFS exchange rates for a given currency on a given date.,Daily,,"pkey_IBQFXR (clustered) Currency_, Date_",53,53
qa_database_schema_ibes_v1_1_6,QA Database Schema - IBES_v1.1.6.pdf,IBQId2,"I/B/E/S QFS Identification File | Use this table to retrieve cross-reference information useful for translating the I/B/E/S ticker into a local ticker, home","Daily, as needed.",,pkey_ibqid2 (clustered) Code,53,54
qa_database_schema_ibes_v1_1_6,QA Database Schema - IBES_v1.1.6.pdf,IBQSpl,I/B/E/S QFS Split Dates | Use this table to retrieve information on capitalization change data.,Daily,,"pkey_IbqSpl (clustered) Code, ExDate",54,54
qa_database_schema_ibes_v1_1_6,QA Database Schema - IBES_v1.1.6.pdf,IBQAdj,I/B/E/S QFS Cumulative Adjustment Factors | Use this table to identify QFS cumulative adjustment factors. This table contains data for all companies covered by,Daily,,"pkey_IbqAdj (clustered) Code, StartDate",54,56
qa_database_schema_ibes_v1_1_6,QA Database Schema - IBES_v1.1.6.pdf,IBQCXDt,I/B/E/S QFS Company Expected Report Dates | This table contains the next earnings per share expected report dates for two quarterly periods in the future as,,,,56,56
qa_database_schema_ibes_v1_1_6,QA Database Schema - IBES_v1.1.6.pdf,Example,,Daily,,"pkey_Ibqcxdt (clustered) Code, Measure",56,57
qa_database_schema_ibes_v1_1_6,QA Database Schema - IBES_v1.1.6.pdf,IBQExDt,I/B/E/S QFS Expected Report Dates | This table contains the most recent algorithm calculated earnings per share expected report dates for the next two,Daily,,"pkey_IbqExdt (clustered) Code, Measure",57,57
qa_database_schema_ibes_v1_1_6,QA Database Schema - IBES_v1.1.6.pdf,IBQPSum,"I/B/E/S QFS Price Targets Summary | Use this table to retrieve recalculated price target information for all records within a 12-month horizon. | Note: This table requires Level 3 licensing through I/B/E/S. For more information about table | licensing levels, see Table Levels 1, 2, and 3 on page 11.",Daily,,pkey_IbqPSum (clustered) Code,57,58
qa_database_schema_ibes_v1_1_6,QA Database Schema - IBES_v1.1.6.pdf,IBQRSum,"I/B/E/S QFS Summary Recommendations | Use this table to retrieve the most recent average recommendation, as well as the number of recommendations up",Daily,,pkey_IbqRSum (clustered) Code,58,58
qa_database_schema_ibes_v1_1_6,QA Database Schema - IBES_v1.1.6.pdf,IBQSIG,"I/B/E/S QFS Supplemental Information | This table contains ancillary data such as historical stability, historical growth, market beta, and so on. This table is",Daily,,pkey_IbqSig (clustered) Code,58,59
qa_database_schema_ibes_v1_1_6,QA Database Schema - IBES_v1.1.6.pdf,IBQSIGA,"I/B/E/S QFS Supplemental Information – Additional Fields | This table contains ancillary data such as historical stability, historical growth, market beta, and more. This table",Daily,,pkey_IbqSigA (clustered) Code,59,61
qa_database_schema_ibes_v1_1_6,QA Database Schema - IBES_v1.1.6.pdf,IBQPDet,"I/B/E/S QFS Price Targets Detail | This table contains the most recent revisions. Use this table to identify error corrections or indications of corporate | Note: This table requires Level 3 licensing through I/B/E/S. For more information about table | licensing levels, see Table Levels 1, 2, and 3 on page 11.",Daily,,"pkey_IbqPDet (clustered) Code, Broker",61,62
qa_database_schema_ibes_v1_1_6,QA Database Schema - IBES_v1.1.6.pdf,IBQRDet,"I/B/E/S QFS Detail Recommendations | Use this table to retrieve the most recent recommendation additions or changes. | Note: The table level available depends on your I/B/E/S license. | See Also: For more information about table licensing levels, secondary and actuals data, and detail and",Monthly,,"pkey_IbqRdet (clustered) Code, Broker pkey_IbqActL* (clustered) Code, Measure, PeriodType, PeriodDate pkey_IbqRsActL* (clustered) Code, Measure, PeriodType, PeriodDate IbqRsActL*_1 Code, Measure, PeriodType, ActivationDate, PeriodDate pkey_IbqSrmL* (clustered) Code, Measure, PerType, PerDate idx1_IbqSrmL* Code, Measure, Forecast pkey_IbqSumL* (clustered) Code, Measure, PeriodType, PeriodDate idx1_IbqSumL* Code, Measure, Forecast pkey_IbqDetL* (clustered) Code, Measure, Broker, PeriodType, PeriodDate idx1_IbqDetL* Code, Measure, Broker, Forecast pkey_IbqFDetL* (clustered) Code, Measure, Broker, PeriodType, PeriodDate idx1_IbqFDetL* Code, Measure, Broker, Forecast pkey_IbqEst2ML* (clustered) Code, Measure, PerType, PerDate IbqEst2ML* Code, Measure, PerDate",62,76
qa_database_schema_ibes_v1_1_6,QA Database Schema - IBES_v1.1.6.pdf,IBGDAnl,I/B/E/S Global Detail Analysts | This table contains I/B/E/S analysts detail data.,Daily,,pkey_Ibgdanl (clustered) Code idx1_Ibgdanl Name,76,76
qa_database_schema_ibes_v1_1_6,QA Database Schema - IBES_v1.1.6.pdf,IBGDBrk,I/B/E/S Global Detail Brokers | This table contains I/B/E/S brokers detail data.,Daily,,pkey_Ibgdbrk (clustered) Code idx1_Ibgdbrk Name idx2_Ibgdbrk ID,76,77
qa_database_schema_ibes_v1_1_6,QA Database Schema - IBES_v1.1.6.pdf,IBGDCur,Global Detail Report Currency | This table contains currency data for company reports.,"Daily or Monthly, depending on whether a change is made",,"pkey_Ibgdcur (clustered) Code, Date_",77,77
qa_database_schema_ibes_v1_1_6,QA Database Schema - IBES_v1.1.6.pdf,IBGDEur,Euro Exchange Rates | Use this table to track euro exchange rates.,Monthly,,"pkey_Ibgdeur (clustered) CurrencyFrom, CurrencyTo, Date_ idx1_Ibgdeur CurrencyTo, CurrencyFrom, Date_",77,77
qa_database_schema_ibes_v1_1_6,QA Database Schema - IBES_v1.1.6.pdf,IBGDFXR,I/B/E/S Global Detail Currency Exchange Rates FFO | Use this table to extract exchange rates for a given global currency on a given date.,Monthly,,"pkey_Ibgdfxr (clustered) Currency_, Date_",77,78
qa_database_schema_ibes_v1_1_6,QA Database Schema - IBES_v1.1.6.pdf,IBGSAdj,I/B/E/S Global Summary Adjustment Factors | This table contains date and factor information for adjustments.,Monthly,,"pkey_IbgsAdj (clustered) Code, Date_",78,78
qa_database_schema_ibes_v1_1_6,QA Database Schema - IBES_v1.1.6.pdf,IBGSCmbDate,Global EPS/EBG Combined Estimates Dates | Note: This table is no longer supported. It was last updated in 2005. The EPS (earnings per share) | This table contains I/B/E/S combined estimates dates for EPS and EBG.,N/A,,"pkey_IbgsCmbDate (clustered) Code idx1_IbgsCmbDate CombineDate, Code",78,78
qa_database_schema_ibes_v1_1_6,QA Database Schema - IBES_v1.1.6.pdf,IBGSCur,I/B/E/S Global Summary Currency History | Use this table to retrieve the default currency and date of change for a specified security.,Monthly,,"pkey_IbgsCur (clustered) Code, Date_",78,79
qa_database_schema_ibes_v1_1_6,QA Database Schema - IBES_v1.1.6.pdf,IBGSHist3,I/B/E/S Global Security History | Use the data in this table to retrieve security history data.,Monthly,,"pkey_IbgsHist3 (clustered) Code, Date_",79,80
qa_database_schema_ibes_v1_1_6,QA Database Schema - IBES_v1.1.6.pdf,IBGSInfo3,"I/B/E/S Global Security Information | This is the primary information table that links the Code field to a ticker, CUSIP, and company name.",Monthly,,pkey_IbgsInfo3 (clustered) ITicker idx1_ IbgsInfo3 Cusip idx2_ IbgsInfo3 STicker idx3_ IbgsInfo3 Name idx4_ IbgsInfo3 Code,80,81
qa_database_schema_ibes_v1_1_6,QA Database Schema - IBES_v1.1.6.pdf,IBGSRec,I/B/E/S Global Summary Recommendations | This table contains global summary recommendations data.,Monthly,,"pkey_Ibgsrec (clustered) Code, Date_",81,81
qa_database_schema_ibes_v1_1_6,QA Database Schema - IBES_v1.1.6.pdf,IBGSSIG,"I/B/E/S Global Sector, Industry, and Group Codes | Note: This table is no longer supported. It was last updated on 23 September 2016. | Use this table to retrieve data for sector, industry, or group codes.",Monthly,,pkey_IbgsSig (clustered) Code,81,82
qa_database_schema_ibes_v1_1_6,QA Database Schema - IBES_v1.1.6.pdf,IBGSSurp,"I/B/E/S Global Surprise Data | Use this table to retrieve I/B/E/S surprise data. | Note: The table level available depends on your I/B/E/S license. | See Also: For more information about table licensing levels, secondary and actuals data, and detail and",Monthly,,"pkey_IbgsSurp (clustered) Code, Measure, PeriodType, PeriodDate, EntryDate IbgsSurp_1 Code, Measure, PeriodType, EntryDate, PeriodDate pkey_IbgsActL* (clustered), or pkey_Ibgs2ndActL* (clustered) Code, Measure, Date_ pkey_IbgsEpsL* (clustered), or pkey_Ibgs2ndEpsL* (clustered) Code, Measure, Item, Date_ pkey_IbgsRsEpsL* (clustered), or pkey_Ibgs2ndRsEpsL* (clustered) Code, Measure, Item, Date_ pkey_IbgsEstL* (clustered), or pkey_Ibgs2ndEstL* Code, Measure, Period, EstDate idx1_IbgsEstL*, or idx1_Ibgs2ndEstL* Code, Measure, PerType, PerDate, EstDate pkey_IbgsEst2ML* (clustered) Code, Measure, Period, EstDate idx1_IbgsEst2ML* Code, Measure, PerType, PerDate, EstDate",82,89
qa_database_schema_ibes_v1_1_6,QA Database Schema - IBES_v1.1.6.pdf,IBGSPSum,"I/B/E/S Global Price Target Summary | This table contains price target summary data. | Note: This table requires Level 3 licensing through I/B/E/S. For more information about table | licensing levels, see Table Levels 1, 2, and 3 on page 11.",Monthly,,"pkey_IbgsPSum (clustered) Code, EstDate",89,90
qa_database_schema_ibes_v1_1_6,QA Database Schema - IBES_v1.1.6.pdf,IBGSFCo,"I/B/E/S Global Company Footnotes | This table contains basis of earnings data for a security on the company level at different points in time. | Note: The table level available depends on your I/B/E/S license. | See Also: For more information about table licensing levels, secondary and actuals data, and detail and",N/A,,"pkey_IbgsFco (clustered) Code, EntryDate idx1_IbgsFco Code, FootnoteType, EntryDate pkey_IbgsSrmL* (clustered) Code, Measure, Period, EstDate idx1_IbgsSrmL* Code, Measure, PerType, PerDate, EstDate",90,92
qa_database_schema_ibes_v1_1_6,QA Database Schema - IBES_v1.1.6.pdf,IBBrkMap,"I/B/E/S Broker Mapping | This table contains broker mapping information. | Note: The table level available depends on your I/B/E/S license. | See Also: For more information about table licensing levels, secondary and actuals data, and detail and | Note: The table level available depends on your I/B/E/S license. These tables were introduced as",Daily,N/A,"pkey_IBBrkMap (Clustered) ID, CtbId pkey_IbgdActL* (clustered) Code, Measure, PerType, PerDate pkey_IBGD2ndActL* (clustered) Code, Measure, PerType, PerDate pkey_IbgdEstL* (clustered) Code, Measure, Broker, PerType, PerDate, EstDate,",92,94
qa_database_schema_ibes_v1_1_6,QA Database Schema - IBES_v1.1.6.pdf,Analyst,,,,,94,94
qa_database_schema_ibes_v1_1_6,QA Database Schema - IBES_v1.1.6.pdf,Analyst,,,,,94,94
qa_database_schema_ibes_v1_1_6,QA Database Schema - IBES_v1.1.6.pdf,Broker,,,,,94,94
qa_database_schema_ibes_v1_1_6,QA Database Schema - IBES_v1.1.6.pdf,Broker,"yet been applied to the monthly table is unadjusted. This is done so that the daily estimates | the ADJFCTR table where ADJFCTR.Database_ = 7 (IBES Global History) and | See Also: For more information about table licensing levels, secondary and actuals data, and detail and | Note: The table level available depends on your I/B/E/S license. These tables were introduced as",Daily,,"pkey_IBGD2ndEstL* (clustered) Code, Measure, Broker, PerType, PerDate, EstDate, Analyst idx1_IBGD2ndEstL* Code, Measure, Broker, PerType, Period, EstDate, Analyst idx2_IBGD2ndEstL* Code, Measure, Analyst, PerType, Period, EstDate, Broker idx3_IBGD2ndEstL* Code, Measure, Analyst, PerType, PerDate, EstDate, Broker Database Schema for I/B/E/S 96 pkey_IbgdExcL* (clustered) Code, Measure, Broker, Analyst, PerType, PerDate,",94,97
qa_database_schema_ibes_v1_1_6,QA Database Schema - IBES_v1.1.6.pdf,EstDate,"See Also: For more information about table licensing levels, secondary and actuals data, and detail and | Note: The table level available depends on your I/B/E/S license. These tables were introduced as",Daily,,"pkey_IBGD2ndExcL* (clustered) Code, Measure, Broker, Analyst, PerType, PerDate,",97,98
qa_database_schema_ibes_v1_1_6,QA Database Schema - IBES_v1.1.6.pdf,EstDate,"See Also: For more information about table licensing leves, secondary and actuals data, and detail and | Note: The table level available depends on your I/B/E/S license. | See Also: For more information about table licensing levels, secondary and actuals data, and detail and | Note: The table level available depends on your I/B/E/S license. These tables were introduced as",Daily,,"pkey_IbgdStpL* (clustered) Code, Measure, Broker, PerType, PerDate, StopDate pkey_IBGD2ndStpL* (clustered) Code, Measure, Broker, PerType, PerDate, StopDate",98,100
qa_database_schema_ibes_v1_1_6,QA Database Schema - IBES_v1.1.6.pdf,IBGDRec,Recommendation Detail | This table contains detail data on recommendations.,Daily,,"pkey_IbgdRec (clustered) Code, RecDate, BrkCode, AnlCode IbgdRec_AnlCode Code, AnlCode, RecDate, BrkCode IbgdRec_BrkCode Code, BrkCode, RecDate, AnlCode",100,101
qa_database_schema_ibes_v1_1_6,QA Database Schema - IBES_v1.1.6.pdf,IBGDRecCode,Recommendation Detail Text/Code Mapping | Use the data in this table to map recommendation text or codes.,Mix of Monthly and Daily (can update daily if a change is made every day),,pkey_IbgdRecCode (clustered) Code IbgdRecCode_RecText RecText,101,101
qa_database_schema_ibes_v1_1_6,QA Database Schema - IBES_v1.1.6.pdf,IBGDRecStp,Global Stopped Recommendations | Use the data in this table to track stopped recommendations.,N/A,,"pkey_IbgdRecStp (clustered) Code, Broker, StopDate",101,102
qa_database_schema_ibes_v1_1_6,QA Database Schema - IBES_v1.1.6.pdf,IBGDPDet,"I/B/E/S Global Price Targets Detail | This table contains price target detail data. This table requires Level 3 licensing through I/B/E/S. | Note: This table requires Level 3 licensing through I/B/E/S. For more information about table | licensing levels, see Table Levels 1, 2, and 3 on page 11.",Daily,,"pkey_IbgdPDet (clustered) Code, Broker, EntryDate, EntryTime IbgdPDet_1 Code, AnalystCode, EntryDate",102,103
qa_database_schema_ibes_v1_1_6,QA Database Schema - IBES_v1.1.6.pdf,IBGDPStp,"I/B/E/S Global Stopped Price Targets Detail | This table contains detail data on stopped price targets. | Note: This table requires Level 3 licensing through I/B/E/S. For more information about table | licensing levels, see Table Levels 1, 2, and 3 on page 11. | Note: The table level available depends on your I/B/E/S license. | See Also: For more information about table licensing levels, secondary and actuals data, and detail and | Note: The table level available depends on your I/B/E/S license. These tables were introduced as",Daily,,"pkey_IbgdPStp (clustered) Code, Broker, StopDate, StopTime pkey_IbgdRsActL* (clustered) Code, Measure, PerType, PerDate pkey_IBGD2ndRsActL* (clustered) Code, Measure, PerType, PerDate",103,105
qa_database_schema_ibes_v1_1_6,QA Database Schema - IBES_v1.1.6.pdf,IBGQId,"I/B/E/S Global QFS Identification | Use this table to retrieve cross-reference information useful to translating the I/B/E/S ticker into a local ticker, home","Daily, as needed.",,pkey_ibgqid (clustered) Code,105,106
qa_database_schema_ibes_v1_1_6,QA Database Schema - IBES_v1.1.6.pdf,IBGQSpl,I/B/E/S Global QFS Splits | Use this table to retrieve information on capitalization change data.,Daily,,"pkey_IbgqSpl (clustered) Code, ExDate",106,106
qa_database_schema_ibes_v1_1_6,QA Database Schema - IBES_v1.1.6.pdf,IBGQPrimMsr,QFS Primary Measure Codes | Use this table to determine whether a QFS measure is primary or secondary: t his table contains | Note: This table was introduced as part of the LSEG Quantitative Analytics deployed 6.15 release | table to determine primary measure.,,,"pkey_IbgqPrimMsr (clustered) Code, EntryDate",106,107
qa_database_schema_ibes_v1_1_6,QA Database Schema - IBES_v1.1.6.pdf,IBGQAdj,I/B/E/S QFS Global Cumulative Adjustment Factors | Use this table to identify QFS global cumulative adjustment factors. This table contains data for all companies,Daily,,"pkey_IBGQAdj (clustered) Code, StartDate",107,107
qa_database_schema_ibes_v1_1_6,QA Database Schema - IBES_v1.1.6.pdf,IBGQCurChg,I/B/E/S Global QFS Currency Changes | Use this table to identify changes in a company's default currency.,Daily,,"pkey_IbgqCurChg (clustered) Code, EntryDate, EntryTime",107,108
qa_database_schema_ibes_v1_1_6,QA Database Schema - IBES_v1.1.6.pdf,Consensus,,,,,108,108
qa_database_schema_ibes_v1_1_6,QA Database Schema - IBES_v1.1.6.pdf,IBGQCXDt,I/B/E/S Global QFS Company Expected Report Dates | This table contains the next earnings per share expected report dates for two quarterly periods in the future as,Daily,,"pkey_Ibgqcxdt (clustered) Code, Measure",108,109
qa_database_schema_ibes_v1_1_6,QA Database Schema - IBES_v1.1.6.pdf,IBGQExDt,I/B/E/S Global QFS Expected Report Dates | This table contains the most recent algorithm calculated earnings per share expected report dates for the next two,Daily,,"pkey_IbgqExdt (clustered) Code, Measure",109,109
qa_database_schema_ibes_v1_1_6,QA Database Schema - IBES_v1.1.6.pdf,IBGQFCo,I/B/E/S Global QFS Company Footnotes | This table contains footnotes that provide additional information on the coverage of the company as a whole. The,Weekly,,"pkey_IbgqFco (clustered) Code, EntryDate idx1_IbgqFco Code, FootnoteType, EntryDate",109,110
qa_database_schema_ibes_v1_1_6,QA Database Schema - IBES_v1.1.6.pdf,IBGQFXR,I/B/E/S QFS Global Currency Exchange Rates | This table contains QFS global exchange rates for a given currency on a given date.,Daily,,"pkey_Ibgqfxr (Clustered) Currency_, Date_",110,110
qa_database_schema_ibes_v1_1_6,QA Database Schema - IBES_v1.1.6.pdf,IBGQPSum,"I/B/E/S QFS Global Price Targets Summary | Use this table to retrieve recalculated price target information fro all records within a 12-month horizon. | Note: This table requires Level 3 licensing through I/B/E/S. For more information about table | licensing levels, see Table Levels 1, 2, and 3 on page 11.",Daily,,pkey_IbgqPSum (clustered) Code,110,111
qa_database_schema_ibes_v1_1_6,QA Database Schema - IBES_v1.1.6.pdf,IBGQRSum,I/B/E/S Global QFS Summary Recommendations | Use this table to retrieve recommendations summary data including the mean recommendation and the number of,Daily,,pkey_IbgqRSum (clustered) Code,111,111
qa_database_schema_ibes_v1_1_6,QA Database Schema - IBES_v1.1.6.pdf,IBGQSIG,"I/B/E/S Global QFS Supplemental Information | This table contains ancillary data such as historical stability, historical growth, market beta, and so on. This table is",Daily,,pkey_IbgqSig (clustered) Code,111,112
qa_database_schema_ibes_v1_1_6,QA Database Schema - IBES_v1.1.6.pdf,IBGQSIGA,"I/B/E/S QFS Global Supplemental Information | This table contains ancillary data such as historical stability, historical growth, market beta, and so on. This table",Daily,,pkey_IbgqSigA (clustered) Code,112,113
qa_database_schema_ibes_v1_1_6,QA Database Schema - IBES_v1.1.6.pdf,Detail,,,,,113,113
qa_database_schema_ibes_v1_1_6,QA Database Schema - IBES_v1.1.6.pdf,IBGQPDet,"I/B/E/S Global QFS Price Targets Detail | This table contains revisions as indicated by the TargetStatus field. Use this table to identify error corrections or | Note: This table requires Level 3 licensing through I/B/E/S. For more information about table | licensing levels, see Table Levels 1, 2, and 3 on page 11.",Daily,,"pkey_IbgqPDet (clustered) Code, Broker",113,114
qa_database_schema_ibes_v1_1_6,QA Database Schema - IBES_v1.1.6.pdf,IBGQRDet,"I/B/E/S Global QFS Detail Recommendations | Use this table to retrieve the most recent recommendation additions or changes. | Note: The table level available depends on your I/B/E/S license. | See Also: For more information about table licensing levels, secondary and actuals data, and detail and",Daily,,"pkey_IbgqRDet (clustered) Code, Broker pkey_IbgqActL* (clustered) Code, Measure, PeriodType, PeriodDate pkey_IbgqRsActL* (clustered) Code, Measure, PeriodType, PeriodDate IbgqRsActL*_1 Code, Measure, PeriodType, ActivationDate, PeriodDate pkey_IbgqAlrtL* (clustered) Code idx1_IbgqAlrtL* SwitchDate, Code pkey_IbgqEst2ML* (clustered) Code, Measure, PerType, PerDate idx1_IbgqEst2ML* Code, Measure, PerDate pkey_IbgqSrmL* (clustered) Code, Measure, PerType, PerDate idx1_IbgqSrmL* Code, Measure, Forecast pkey_IbgqSumL* (clustered) Code, Measure, PeriodType, PeriodDate idx1_IbgqSumL* Code, Measure, Forecast pkey_IbgqDetL* (clustered) Code, Measure, Broker, PeriodType, PeriodDate idx1_IbgqDetL* Code, Measure, Broker, Forecast pkey_IbgqFDetL* (clustered) Code, Measure, Broker, PeriodType, PeriodDate idx1_IbgqFDetL* Code, Measure, Broker, Forecast",114,128
qa_database_schema_ibes_v1_1_6,QA Database Schema - IBES_v1.1.6.pdf,IBESUSDlyEst,I/B/E/S United States Daily Mean Estimates | This table contains United States daily mean estimates data.,Daily,,"pkey_IBESUSDLYEST (clustered) Code, Measure, PerType, PerDate, EstDate IBESUSDLYEST_1 Code, Measure, Period, PerType, EstDate IBESUSDLYEST_2 EstDate",128,129
qa_database_schema_ibes_v1_1_6,QA Database Schema - IBES_v1.1.6.pdf,IBESUSDlyPTg,I/B/E/S United States Daily Mean Price Targets | This table contains United States daily mean price targets data.,Daily,,"pkey_IBESUSDLYPTG (clustered) Code, EstDate IBESUSDLYPTG_1 EstDate",129,130
qa_database_schema_ibes_v1_1_6,QA Database Schema - IBES_v1.1.6.pdf,IBESUSDlyRec,I/B/E/S United States Daily Mean Recommendations | This table contains United States daily mean recommendation data.,Daily,,"pkey_IBESUSDLYREC (clustered) Code, Date_ IBESUSDLYREC_1 Date_",130,131
qa_database_schema_ibes_v1_1_6,QA Database Schema - IBES_v1.1.6.pdf,IBESIntDlyEst,I/B/E/S Global Daily Mean Estimates | This table contains global daily mean estimate data.,Daily,,"pkey_IBESINTDLYEST (clustered) Code, Measure, PerType, PerDate, EstDate IBESINTDLYEST_1 Code, Measure, Period, PerType, EstDate IBESINTDLYEST_2 EstDate",131,132
qa_database_schema_ibes_v1_1_6,QA Database Schema - IBES_v1.1.6.pdf,IBESIntDlyPTg,I/B/E/S Global Daily Mean Price Targets | This table contains global daily mean price targets data.,Daily,,"pkey_IBESINTDLYPTG (clustered) Code, EstDate IBESINTDLYPTG_1 EstDate",132,133
qa_database_schema_ibes_v1_1_6,QA Database Schema - IBES_v1.1.6.pdf,IBESIntDlyRec,I/B/E/S Global Daily Mean Recommendations | This table contains global daily mean recommendation data.,Daily,,"pkey_IBESINTDLYREC (clustered) Code, Date_ IBESINTDLYREC_1 Date_",133,134
qa_database_schema_ibes_v1_1_6,QA Database Schema - IBES_v1.1.6.pdf,Aggregates,,,,,134,134
qa_database_schema_ibes_v1_1_6,QA Database Schema - IBES_v1.1.6.pdf,IGAChg,IGA Index Changes (all subscriptions) | Use the data in this table to track IGA index changes.,Every Wednesday and Monthly,,"pkey_IGACHG (clustered) Code, Start_Date IGACHG_1 iTicker IGACHG_2 Country_Name IGACHG_3 CountryID",134,135
qa_database_schema_ibes_v1_1_6,QA Database Schema - IBES_v1.1.6.pdf,IGAEBGDates,IGA EBG Dates (all subscriptions) | Use this table to retrieve IGA EBG (Earnings Before Goodwill) date data.,Every Wednesday and Monthly,,"pkey_ IGAEBGDATES (clustered) Code, EbgDate",135,135
qa_database_schema_ibes_v1_1_6,QA Database Schema - IBES_v1.1.6.pdf,IGAInfo,I/B/E/S Global Aggregates (all subscriptions) | Use this table to retrieve I/B/E/S global aggregate data.,Every Wednesday and Monthly,,"pkey_IGAINFO (clustered) Code IGAINFO_1 Country_Name IGAINFO_2 ITicker IGAINFO_3 Type_, Code IGAINFO_4 Type_, ITicker IGAINFO_5 Type_, Country_Name IGAINFO_6 CountryID pkey_IGA*ActData (clustered) Code, Date_, Measure IGA*ActData_1 Measure pkey_IGA*EstData (clustered) Code, EstDate, Period, Measure IGA*EstData_1 Code, PerDate IGA*EstData_2 Period, PerDate",135,139
qa_database_schema_ibes_v1_1_6,QA Database Schema - IBES_v1.1.6.pdf,AdjFctr,Vendor Supplemental Adjustments | This table supplements specific vendor tables that do not have a daily update cycle. Companies that split between an | Note: The AdjFctr table is also documented in the Database Schema for LSEG Quantitative | vendor primary *INFO* table where VendorCode =,Daily,N/A,"pkey_AdjFctr (Clustered) Database_, VendorCode",139,140
qa_database_schema_idc_pricing_global_v1_0_7_2022_05_11,QA Database Schema - IDC Pricing (Global) v1.0.7_(2022-05-11).pdf,Gprcadj,Global Pricing Adjustment Factors | This table contains adjustment factors used to adjust daily pricing from the Gprcval table.,Daily,Yes,"pkey_Gprcadj (Clustered) Code, StartDate",8,9
qa_database_schema_idc_pricing_global_v1_0_7_2022_05_11,QA Database Schema - IDC Pricing (Global) v1.0.7_(2022-05-11).pdf,Gprccap,Global Pricing Capital Changes | Use this table to retrieve global capital changes data. This table is supplemented by the data in Gprccapa and,Daily,No,"pkey_Gprccap (Clustered) Code, Number Gprccap_Code Code, ExDate, Number",9,9
qa_database_schema_idc_pricing_global_v1_0_7_2022_05_11,QA Database Schema - IDC Pricing (Global) v1.0.7_(2022-05-11).pdf,Gprccapa,Global Pricing Capital Changes – Additional Fields (A) | This table contains additional information for the global pricing capital changes data in Gprccap and GprcCapB.,Daily,N/A,"pkey_Gprccapa (Clustered) Code, Number",9,13
qa_database_schema_idc_pricing_global_v1_0_7_2022_05_11,QA Database Schema - IDC Pricing (Global) v1.0.7_(2022-05-11).pdf,GprcCapB,Global Pricing Capital Changes – Additional Fields (B) | This table contains additional information for the global pricing capital changes data in Gprccap and Gprccapa.,Daily,Yes,"pkey_GprcCapB (Clustered) Code, Number",13,13
qa_database_schema_idc_pricing_global_v1_0_7_2022_05_11,QA Database Schema - IDC Pricing (Global) v1.0.7_(2022-05-11).pdf,Gprcchg,Global Pricing SEDOL Changes | This table contains the SEDOL history per security.,Daily,N/A,"pkey_Gprcchg (Clustered) Code, Date_ Gprcchg_Sedol Sedol, Date_, Code",13,13
qa_database_schema_idc_pricing_global_v1_0_7_2022_05_11,QA Database Schema - IDC Pricing (Global) v1.0.7_(2022-05-11).pdf,GprcCnv,Global Pricing Conversion Data | This table provides data of securities that can be converted into other security types.,Daily,Yes,"pkey_GprcCnv (Clustered) Code, Number",13,16
qa_database_schema_idc_pricing_global_v1_0_7_2022_05_11,QA Database Schema - IDC Pricing (Global) v1.0.7_(2022-05-11).pdf,Gprccode,Global Pricing Code Descriptions | Use this table to retrieve code descriptions for global pricing data.,Daily,N/A,"pkey_Gprccode (Clustered) Type_, Code",16,16
qa_database_schema_idc_pricing_global_v1_0_7_2022_05_11,QA Database Schema - IDC Pricing (Global) v1.0.7_(2022-05-11).pdf,Gprcdiv,Global Pricing Dividends | This table contains information on global pricing dividends. This table is supplemented by the data in GprcDivA.,Daily,No,"pkey_Gprcdiv (Clustered) Code, DivNumb Gprcdiv_DivType Code, DivType, ExDate, DivNumb Gprcdiv_ExDate Code, ExDate, DivNumb",16,17
qa_database_schema_idc_pricing_global_v1_0_7_2022_05_11,QA Database Schema - IDC Pricing (Global) v1.0.7_(2022-05-11).pdf,GprcDivA,Global Pricing Dividends – Additional Fields | This table contains global pricing dividend data. The data in this table supplements the data in Gprcdiv.,Daily,Yes,"pkey_GprcDivA (Clustered) Code, DivNumb",17,17
qa_database_schema_idc_pricing_global_v1_0_7_2022_05_11,QA Database Schema - IDC Pricing (Global) v1.0.7_(2022-05-11).pdf,Gprcern,Global Pricing Earnings Data | This table contains actual earnings data information.,Daily,No,pkey_Gprcern (Clustered) Code,17,18
qa_database_schema_idc_pricing_global_v1_0_7_2022_05_11,QA Database Schema - IDC Pricing (Global) v1.0.7_(2022-05-11).pdf,Gprcexr,Global Pricing Exchange Rates | Use this table to retrieve spot rates data.,Daily,N/A,"pkey_Gprcexr (Clustered) Currency_, Date_ Gprcexr_Date_ Date_, Currency_, Rate",18,19
qa_database_schema_idc_pricing_global_v1_0_7_2022_05_11,QA Database Schema - IDC Pricing (Global) v1.0.7_(2022-05-11).pdf,GprcFwr,Global Pricing Currency Forward Rates | Use this table to retrieve forward currency rates data.,Daily,Yes,"pkey_GprcFwr (Clustered) Currency_, Period, Date_",19,19
qa_database_schema_idc_pricing_global_v1_0_7_2022_05_11,QA Database Schema - IDC Pricing (Global) v1.0.7_(2022-05-11).pdf,Gprcinfa,Global Pricing Security Information – Additional Fields | This table includes security information supplemental to Gprcinfo2.,Daily,N/A,pkey_Gprcinfa (clustered) Code,19,23
qa_database_schema_idc_pricing_global_v1_0_7_2022_05_11,QA Database Schema - IDC Pricing (Global) v1.0.7_(2022-05-11).pdf,Gprcinfo2,Global Pricing Security Information | This table contains security information and is supplemented by the data in Gprcinfa.,Daily,N/A,"pkey_Gprcinfo2 (Clustered) Code Gprcinfo2_Isin Isin, Sedol Gprcinfo2_Issuer Issuer Gprcinfo2_QuoteCtry QuoteCtry, Sedol Gprcinfo2_Sedol Sedol Gprcinfo2_Ticker Ticker, Sedol",23,24
qa_database_schema_idc_pricing_global_v1_0_7_2022_05_11,QA Database Schema - IDC Pricing (Global) v1.0.7_(2022-05-11).pdf,Gprcnom,Global Pricing Nominal Values | Use this table to retrieve the most recent nominal value of shares.,Daily,N/A,pkey_Gprcnom (Clustered) Code,24,24
qa_database_schema_idc_pricing_global_v1_0_7_2022_05_11,QA Database Schema - IDC Pricing (Global) v1.0.7_(2022-05-11).pdf,Gprcpay,Global Pricing Dividend/Interest Payment Data | This table contains global dividends and interest payment data.,Daily,No,pkey_Gprcpay (Clustered) Code,24,25
qa_database_schema_idc_pricing_global_v1_0_7_2022_05_11,QA Database Schema - IDC Pricing (Global) v1.0.7_(2022-05-11).pdf,GPrcQBM,Global Pricing Quote Basis Marker | This table returns the quotation basis for a given security. The default is per share. | Use this table to find the per-share value of a security when an exchange quotes on a basis other than per-share.,Daily,No,"pkey_GPrcQBM (Clustered) Code, StartDate",25,26
qa_database_schema_idc_pricing_global_v1_0_7_2022_05_11,QA Database Schema - IDC Pricing (Global) v1.0.7_(2022-05-11).pdf,Gprcret,Global Pricing Total Returns | This table stores composite total returns values.,Daily,No,"pkey_Gprcret (Clustered) Code, Date_ Gprcret_Date_ Code, Date_, TotRet",26,26
qa_database_schema_idc_pricing_global_v1_0_7_2022_05_11,QA Database Schema - IDC Pricing (Global) v1.0.7_(2022-05-11).pdf,GPrcSecChg,"Global Pricing Sedol, Name, and Isin Changes | This table is for LSEG internal use only. | This table returns security change information.",Daily,N/A,"pkey_GPrcSecChg (Clustered) Code, StartDate GPrcSecChg_1 Cusip, StartDate, Code GPrcSecChg_2 Sedol, StartDate, Code GPrcSecChg_3 Isin, StartDate, Code GPrcSecChg_4 QuoteCtry, Exchange, Ticker, StartDate, Code GPrcSecChg_5 IssueCtry, Issuer, StartDate, Code",26,27
qa_database_schema_idc_pricing_global_v1_0_7_2022_05_11,QA Database Schema - IDC Pricing (Global) v1.0.7_(2022-05-11).pdf,GprcShr,Global Pricing Shares Outstanding | Use this table to retrieve the shares outstanding per security. This table is supplemented by GprcShrA.,Daily,No,"pkey_GprcShr (Clustered) Code, Date_ GprcShr_Date_ Date_, Code, Shares",27,27
qa_database_schema_idc_pricing_global_v1_0_7_2022_05_11,QA Database Schema - IDC Pricing (Global) v1.0.7_(2022-05-11).pdf,GprcShrA,Global Pricing Shares Outstanding – Additional Fields | This table contains shares outstanding information supplemental to GprcShr.,Daily,No,"pkey_GprcShrA (Clustered) Code, Date_ GprcShrA_Date_ Date_, Code",27,28
qa_database_schema_idc_pricing_global_v1_0_7_2022_05_11,QA Database Schema - IDC Pricing (Global) v1.0.7_(2022-05-11).pdf,Gprctom,Global Pricing Takeovers and Mergers | This table contains the global pricing takeovers and mergers data.,Daily,N/A,"pkey_Gprctom (Clustered) Code, Number Gprctom_Code Code, Date_, Number",28,29
qa_database_schema_idc_pricing_global_v1_0_7_2022_05_11,QA Database Schema - IDC Pricing (Global) v1.0.7_(2022-05-11).pdf,Gprcval,Global Pricing Exchange Specific Pricing | This table contains exchange-specific global pricing data. This table is supplemented by GprcValA.,Daily,No,"pkey_Gprcval (Clustered) Code, Date_ Gprcval_Date_ Date_, Code, Open_, High, Low, Close_, Bid, Ask, Volume, Currency_, Exchange",29,30
qa_database_schema_idc_pricing_global_v1_0_7_2022_05_11,QA Database Schema - IDC Pricing (Global) v1.0.7_(2022-05-11).pdf,GprcValA,Global Pricing Exchange Specific Pricing – Additional | This table contains additional descriptions of the Gprcval records.,Daily,No,"pkey_GprcValA (Clustered) Code, Date_",30,31
qa_database_schema_idc_pricing_na_v1_0_4_2024_01_15,QA Database Schema - IDC Pricing (NA) v1.0.4 (2024-01-15).pdf,Schema,"Canadian Pricing | This table contains capital actions adjustment factors for Canadian equities. Use this table to adjust historical | This table contains ADR ratios for depository receipt securities that trade at a ratio other than 1:1 in their home | This table contains historical CUSIP change information for Canadian equities. If a security has more than one | This table contains historical dividend and capital action information for Canadian securities, including items such | as exdate and rate. This table is supplemented by dbo.CPrcDiv2. | This table contains additional information for dividend information provided in dbo.CPrcDiv. Such items may | information. Use this table to modify dividend history if necessary. | This table contains daily equity composite pricing information, including the open and close prices. Use this table",Daily,No,"pkey_CPrcAdj (Clustered) Code, AdjType, StartDate pkey_CPrcAdr (Clustered) Code, Date_ pkey_CPrcChg (Clustered) Code, Date_ CPrcChg_Cusip Cusip, Date_, Code pkey_CPrcDiv (Clustered) Code, SeqCode CPrcDiv_Code Code, ExDate, SeqCode CPrcDiv_CodeDiv Code, DivType, ExDate, SeqCode pkey_CPrcDiv2 (Clustered) Code, SeqCode CPrcDiv2_Code Code, ExDate, SeqCode CPrcDiv2_CodeDiv Code, DivType, ExDate, SeqCode pkey_CPrcDly (Clustered) Code, Date_ CPrcDly_Date_ Date_, Code, Open_, High, Low, Close_, Volume, TotRet,",9,15
qa_database_schema_idc_pricing_na_v1_0_4_2024_01_15,QA Database Schema - IDC Pricing (NA) v1.0.4 (2024-01-15).pdf,CCFactor,"CCFactor real Y CCFactor is the currency conversion factor. Prices provided in this table are in | This table has been discontinued. It is documented for your convenience, but using the data in this table is not | This table contains earnings per share data. Use the information in this table to determine historical earnings per | This table contains pricing for the primary exchange of a given security. All data fields are stored in local currency. | Use this table to locate the primary exchange pricing pre-year 2000. If primary exchange data is not in this table, | This table contains pricing data for Canadian indexes. This data can also be found in the Index table dbo.idxdaily. | This table returns security indicator information. | This table is not maintained, and data may be unreliable. Information on this table is provided as a convenience; | however, using this table is not recommended. | This table contains key security information, including security type, exchange traded, and ticker. Use the data in | this table to describe and define a security. | a security. If the table contains SEDOL change data, Sedol is the active | This table contains the ranking of securities by market capitalization. Use the data in this table to find where a",Daily,Yes,"pkey_CPrcEps (Clustered) Code, Date_ pkey_CPrcExc (Clustered) Code, Date_ pkey_CPrcIdx (Clustered) Code, Date_ CPrcIdx_Date_ Date_, Code, Close_ pkey_CPrcInd (Clustered) Code, Date_ pkey_CPrcInfo (Clustered) Code CPrcInfo_Cusip Cusip CPrcInfo_Issuer Issuer CPrcInfo_Sedol Sedol CPrcInfo_Ticker Ticker pkey_CPrcMcr (Clustered) Code, Date_",15,21
qa_database_schema_idc_pricing_na_v1_0_4_2024_01_15,QA Database Schema - IDC Pricing (NA) v1.0.4 (2024-01-15).pdf,Changes,"This table contains change records for security identifiers. Use the data in this table to find non-current identifiers. | a security. If the table contains SEDOL change data, Sedol is the active | This table contains historical SEDOLS assigned to a security. Use the data in this table to find an old SEDOL. | security. If the table contains SEDOL change data, Sedol is the active SEDOL | This table contains shares outstanding data for a security over time. Use the data in this table to find current or | This table contains historical ticker symbols and the dates for which the tickers are valid. Use the data in this table | This table contains a breakdown of a given day’s trading volume and related metrics. Use the data in this table to | Use this table to retrieve split dates and rates.",Daily,No,"pkey_CPrcScChg (Clustered) Code, StartDate CPrcScChg_Cusip Cusip, StartDate, Code CPrcScChg_Sedol Sedol, StartDate, Code CPrcScChg_Ticker Ticker, StartDate, Code pkey_CPrcsdlchg (Clustered) Code, StartDate CPrcsdlchg_Sedol Sedol, StartDate, Code pkey_CPrcShr (Clustered) Code, Date_ CPrcShr_Date_ Date_, Code, Shares pkey_CPrctkchg (Clustered) Code, StartDate CPrctkchg_Ticker Ticker, StartDate, Code pkey_CPrcVol (Clustered) Code, Date_ CPrcVol_Date_ Date_, Code, Bid, Ask, Vwap, AvgTrade, BlockVol, NumTrades, CCFactor LSEG Quantitative Analytics Database Schema for IDC Equity Pricing (North American) 24 CORPORATE pkey_CSplitAnn (Clustered) Code, AnnDate CSplitAnn_anndatecode AnnDate, Code CSplitAnn_codeexdate Code, ExDate CSplitAnn_codepaydate Code, PayDate CSplitAnn_exdatecode ExDate, Code CSplitAnn_paydatecode PayDate, Code",21,25
qa_database_schema_idc_pricing_na_v1_0_4_2024_01_15,QA Database Schema - IDC Pricing (NA) v1.0.4 (2024-01-15).pdf,Schema,"United States Pricing | This table contains capital actions adjustment factors for United States equities. Use this table to adjust historical | This table contains ADR ratios for depository receipt securities that trade at a ratio other than 1:1 in their home | This table contains historical CUSIP change information for United States equities. If a security has more than | This table contains plain language descriptions for codes and symbols used throughout the IDC equity pricing | This table contains currency description, definition, and cross-reference data when available. | This table contains historical dividend and capital action information for United States securities, including items | such as exdate and rate. This table is supplemented by prc.PrcDiv2. | This table contains additional information for dividend information provided in prc.PrcDiv. Such items may include | this table to modify dividend history if necessary. | This table contains daily equity composite pricing information, including the open and close prices. Use this table",Daily,No,"pkey_PrcAdj (Clustered) Code, AdjType, StartDate pkey_PrcAdr (Clustered) Code, Date_ pkey_PrcChg (Clustered) Code, Date_ PrcChg_Cusip Cusip, Date_, Code pkey_PrcCode2 (Clustered) Type_, Code pkey_PrcCur (Clustered) Currency_ PrcCur_Code Code PrcCur_Country Country, Currency_ pkey_PrcDiv (Clustered) Code, SeqCode PrcDiv_Code Code, ExDate, SeqCode PrcDiv_CodeDiv Code, DivType, ExDate, SeqCode pkey_PrcDiv2 (Clustered) Code, SeqCode PrcDiv2_Code Code, ExDate, SeqCode PrcDiv2_CodeDiv Code, DivType, ExDate, SeqCode pkey_PrcDly (Clustered) Code, Date_ PrcDly_Date_ Date_, Code, Open_, High, Low, Close_, Volume, TotRet,",25,30
qa_database_schema_idc_pricing_na_v1_0_4_2024_01_15,QA Database Schema - IDC Pricing (NA) v1.0.4 (2024-01-15).pdf,CCFactor,"This table has been discontinued. It is documented for your convenience, but using the data in this table is not | This table contains earnings per share data. Use the information in this table to determine historical earnings per | This table contains pricing for the primary exchange of a given security. All data fields are stored in local currency. | This table contains pricing data for United States index closes. | This table returns security indicator information. | This table is not maintained and data may be unreliable. Information on this table is provided as a convenience; | however, using this table is not recommended. | This table contains key security information, including security type, exchange traded, and ticker. Use the data in | this table to describe and define a security. | a security. If the table contains SEDOL change data, Sedol is the active",Daily,N/A,"pkey_PrcEps (Clustered) Code, Date_ pkey_PrcExc (Clustered) Code, Date_ pkey_PrcIdx (Clustered) Code, Date_ PrcIdx_Date_ Date_, Code, Close_ pkey_PrcInd (Clustered) Code, Date_ pkey_PrcInfo (Clustered) Code PrcInfo_Cusip Cusip PrcInfo_Issuer Issuer PrcInfo_Sedol Sedol PrcInfo_Ticker Ticker",30,33
qa_database_schema_idc_pricing_na_v1_0_4_2024_01_15,QA Database Schema - IDC Pricing (NA) v1.0.4 (2024-01-15).pdf,SELECT,"This table contains ranking of securities by market capitalization. Use the data in this table to find where a | This table contains change records for security identifiers. Use the data in this table to find non-current identifiers. | a security. If the table contains SEDOL change data, Sedol is the active | This table contains historical SEDOLS assigned to a security. Use the data in this table to find an old SEDOL. | security. If the table contains SEDOL change data, Sedol is the active SEDOL | This table contains shares outstanding data for a security over time. Use the data in this table to find current or | This table contains plain-language descriptions for codes and symbols used throughout the IDC pricing tables. | This legacy table has been replaced by dbo.PrcCode2. | This table contains historical ticker symbols and the dates for which the tickers are valid. Use the data in this table | This table contains a breakdown of a given day’s trading volume and related metrics. Data in this table is stored in | Use this table to retrieve split dates and rates.",Daily,No,"pkey_PrcMcr (Clustered) Code, Date_ pkey_PrcScChg (Clustered) Code, StartDate PrcScChg_Cusip Cusip, StartDate, Code PrcScChg_Sedol Sedol, StartDate, Code PrcScChg_Ticker Ticker, StartDate, Code pkey_Prcsdlchg (Clustered) Code, StartDate Prcsdlchg_Sedol Sedol, StartDate, Code pkey_PrcShr (Clustered) Code, Date_ PrcShr_Date_ Date_, Code, Shares pkey_PrcTxtCode (Clustered) Type_, Code pkey_Prctkchg (Clustered) Code, StartDate Prctkchg_Ticker Ticker, StartDate, Code pkey_PrcVol (Clustered) Code, Date_ PrcVol_Date_ Date_, Code, Bid, Ask, Vwap, AvgTrade, BlockVol, NumTrades, CCFactor pkey_splitann (Clustered) Code, AnnDate splitann_anndatecode AnnDate, Code splitann_codeexdate Code, ExDate splitann_codepaydate Code, PayDate splitann_exdatecode ExDate, Code splitann_paydatecode PayDate, Code",33,38
qa_database_schema_index_data_v1_0_5_2022_04_13,QA Database Schema - Index Data v1.0.5 (2022-04-13).pdf,IdxDaily,Index Daily Prices | This table contains daily index prices.,Daily,N/A,"pkey_idxdaily (clustered) Code, Date_ idxdaily_Date_ Date_, Code, Open_, High, Low, Close_",7,7
qa_database_schema_index_data_v1_0_5_2022_04_13,QA Database Schema - Index Data v1.0.5 (2022-04-13).pdf,IdxRDaily,Russell Index Daily Prices | This table contains daily index prices for Russell indexes only.,Daily,N/A,"pkey_idxrdaily (clustered) Code, Date_ idxrdaily_Date_ Date_, Code, Open_, High, Low, Close_",7,8
qa_database_schema_index_data_v1_0_5_2022_04_13,QA Database Schema - Index Data v1.0.5 (2022-04-13).pdf,IdxInfo,"Index Information | Use this table to retrieve basic index information such as the name of the index, the type of index, and the index | Use this table to map security codes from the SecMstrX table to security codes in the index tables. | The table dbo.IdxSec is a legacy table that should be disregarded. | PrcCode int Y PrcCode provides the link to the security master table SecMstrX where",Daily,N/A,"pkey_idxinfo (clustered) Code idxinfo_Cusip Cusip idxinfo_Name Name idxinfo_Ticker Ticker pkey_IdxSec (clustered) Vendor, Code IdxSec_PrcCode Vendor, PrcCode, FirstDate IdxSec_Vendor Vendor, Cusip",8,10
qa_database_schema_index_data_v1_0_5_2022_04_13,QA Database Schema - Index Data v1.0.5 (2022-04-13).pdf,IdxDjCmp,Dow Index Compositions | This table contains information about Dow index compositions.,Daily,No,"pkey_IdxDjCmp (clustered) IdxCode, Date_, SecCode IdxDjCmp_Date Date_, IdxCode, SecCode IdxDjCmp_IdxCode IdxCode, SecCode, Date_",10,10
qa_database_schema_index_data_v1_0_5_2022_04_13,QA Database Schema - Index Data v1.0.5 (2022-04-13).pdf,IdxDjCtr,Dow 30 Contributions | This table contains information about Dow 30 Contributions.,Daily,No,"pkey_IdxDjCtr (clustered) IdxCode, SecCode, Date_",10,11
qa_database_schema_index_data_v1_0_5_2022_04_13,QA Database Schema - Index Data v1.0.5 (2022-04-13).pdf,IdxDjMkt,Dow 30 Market Values | This table contains information about Dow 30 Market Values.,Daily,No,"pkey_IdxDjMkt (clustered) IdxCode, Date_ IdxDjMkt_Date Date_, IdxCode",11,12
qa_database_schema_index_data_v1_0_5_2022_04_13,QA Database Schema - Index Data v1.0.5 (2022-04-13).pdf,IdxNdCmp,Nasdaq Index Compositions | This table contains general information about NASDAQ index compositions.,Daily,No,"pkey_IdxNdCmp (clustered) IdxCode, Date_, SecCode IdxNdCmp_Date Date_, IdxCode, SecCode IdxNdCmp_IdxCode IdxCode, SecCode, Date_",12,12
qa_database_schema_index_data_v1_0_5_2022_04_13,QA Database Schema - Index Data v1.0.5 (2022-04-13).pdf,IdxNDCtr,NASDAQ Contributions | This table contains information about NASDAQ Contributions.,Daily,No,"pkey_IdxNDCtr (clustered) IdxCode, SecCode, Date_",12,13
qa_database_schema_index_data_v1_0_5_2022_04_13,QA Database Schema - Index Data v1.0.5 (2022-04-13).pdf,IdxNDMkt,NASDAQ Market Values | This table contains information about NASDAQ Market Values.,Daily,No,"pkey_IdxNDMkt (clustered) IdxCode, Date_",13,14
qa_database_schema_index_data_v1_0_5_2022_04_13,QA Database Schema - Index Data v1.0.5 (2022-04-13).pdf,IdxRfCmp,Russell Top 50 Daily Index Compositions | This table contains information about Russell Top 50 Daily Index Compositions.,Daily,No,"pkey_IdxRfCmp (clustered) IdxCode, Date_, SecCode IdxRfCmp_Date Date_, IdxCode, SecCode IdxRfCmp_IdxCode IdxCode, SecCode, Date_",14,14
qa_database_schema_index_data_v1_0_5_2022_04_13,QA Database Schema - Index Data v1.0.5 (2022-04-13).pdf,IdxRfCtr,Russell Top 50 Daily Contributions | Use this table to retrieve data on the Russell Top 50 Daily Contributions.,Daily,No,"pkey_IdxRfCtr (clustered) IdxCode, SecCode, Date_ IdxRfCtr_Date Date_, IdxCode, SecCode",14,15
qa_database_schema_index_data_v1_0_5_2022_04_13,QA Database Schema - Index Data v1.0.5 (2022-04-13).pdf,IdxRfMkt,Russell Top 50 Daily Market Values | Use this table to retrieve information on Russell Top 50 Daily Market Values.,Daily,No,"pkey_IdxRfMkt (clustered) IdxCode, Date_ IdxRfMkt_Date Date_, IdxCode",15,15
qa_database_schema_index_data_v1_0_5_2022_04_13,QA Database Schema - Index Data v1.0.5 (2022-04-13).pdf,IdxRlClsCode,Russell Daily Index Classification Codes | referenced the PrcCode2 table in the IDC Equities Pricing schema. In those implementations it was not possible | to track industry or sector changes over time. This table overcomes that obstacle by providing a way to track | The start date for the data in this table is 29 June 2009.,Daily,N/A,"pkey_IdxRlClsCode (clustered) Code, StartDate",15,16
qa_database_schema_index_data_v1_0_5_2022_04_13,QA Database Schema - Index Data v1.0.5 (2022-04-13).pdf,IdxRlCmp,Russell Daily Index Compositions | Use this table to retrieve data on Russell Daily Index Compositions.,Daily,No,"pkey_IdxRlCmp (clustered) IdxCode, Date_, SecCode IdxRlCmp_Date Date_, IdxCode, SecCode IdxRlCmp_IdxCode IdxCode, SecCode, Date_",16,17
qa_database_schema_index_data_v1_0_5_2022_04_13,QA Database Schema - Index Data v1.0.5 (2022-04-13).pdf,IdxRLCtr,Russell Daily Contributions | This table contains Russell Daily Contributions data.,Daily,No,"pkey_IdxRLCtr (clustered) IdxCode, SecCode, Date_ IdxRlCtr_Date Date_, IdxCode, SecCode",17,17
qa_database_schema_index_data_v1_0_5_2022_04_13,QA Database Schema - Index Data v1.0.5 (2022-04-13).pdf,IdxRlMkt,Russell Daily Market Values | This table contains Russell Daily Market Values data.,Daily,No,"pkey_IdxRlMkt (clustered) IdxCode, Date_ IdxRlMkt_Date Date_, IdxCode",17,17
qa_database_schema_index_data_v1_0_5_2022_04_13,QA Database Schema - Index Data v1.0.5 (2022-04-13).pdf,IdxRpCmp,Russell MicroCap Daily Index Compositions | This table contains Russell Micro Cap Daily Index Compositions data.,Daily,No,"pkey_IdxRpCmp (clustered) IdxCode, Date_, SecCode IdxRpCmp_Date Date_, IdxCode, SecCode LSEG Quantitative Analytics Database Schema for Index Data 18 CORPORATE IdxRpCmp_IdxCode IdxCode, SecCode, Date_",17,18
qa_database_schema_index_data_v1_0_5_2022_04_13,QA Database Schema - Index Data v1.0.5 (2022-04-13).pdf,IdxRpCtr,Russell MicroCap Daily Contributions | This table contains Russell Micro Cap Daily Index Compositions data.,Daily,No,"pkey_IdxRpCtr (clustered) IdxCode, SecCode, Date_ IdxRpCtr_Date Date_, IdxCode, SecCode",18,18
qa_database_schema_index_data_v1_0_5_2022_04_13,QA Database Schema - Index Data v1.0.5 (2022-04-13).pdf,IdxRpMkt,Russell MicroCap Daily Market Values | This table contains Russell Micro Cap Daily Market Values data.,Daily,No,"pkey_IdxRpMkt (clustered) IdxCode, Date_ IdxRpMkt_Date Date_, IdxCode",18,19
qa_database_schema_index_data_v1_0_5_2022_04_13,QA Database Schema - Index Data v1.0.5 (2022-04-13).pdf,Idxrudly,Russell Daily Index Composition Data | This table contains Russell Daily Index Composition data.,Daily,No,"pkey_Idxrudly (Clustered) Date_, SecCode",19,19
qa_database_schema_index_data_v1_0_5_2022_04_13,QA Database Schema - Index Data v1.0.5 (2022-04-13).pdf,IdxRuReconClsCode,Russell Daily Index Classification Codes | This table is similar in structure and definition to the IdxRlClsCode table. The only difference is that,As necessary,No,"pkey_IdxRuReconClsCode (Clustered) Code, StartDate",19,20
qa_database_schema_index_data_v1_0_5_2022_04_13,QA Database Schema - Index Data v1.0.5 (2022-04-13).pdf,IdxRuReconLegCmp,"Russell Old Index Constituents (after | This table is no longer maintained. It is described for your reference, but using this table is not recommended. | This table reflects constituents of the old index after reconstitution, and the corresponding values, assuming no",Daily,No,"pkey_IdxRuReconLegCmp (Clustered) IdxCode, Date_, SecCode IdxRuReconLegCmp_1 IdxCode, SecCode , Date_ IdxRuReconLegCmp_2 Date_, SecCode, IdxCode IdxRuReconLegCmp_3 Date_, IdxCode, SecCode",20,21
qa_database_schema_index_data_v1_0_5_2022_04_13,QA Database Schema - Index Data v1.0.5 (2022-04-13).pdf,IdxRuReconLegDly,"Russell Daily Index Composition Data (after | This table is no longer maintained. It is described for your reference, but using this table is not recommended. | This table reflects daily index composition data for securities after reconstitution, assuming no changes are",Daily,No,"pkey_IdxRuReconLegDly (Clustered) SecCode, Date_",21,21
qa_database_schema_index_data_v1_0_5_2022_04_13,QA Database Schema - Index Data v1.0.5 (2022-04-13).pdf,IdxRuReconMem,Russell Index Member Constituents (after | This table indicates what constituents will be members of the index after reconstitution.,As necessary,No,"pkey_IdxRuReconMem (Clustered) IdxCode, Date_, SecCode IdxRuReconMem_1 IdxCode, SecCode , Date_, IdxRuReconMem_2 Date_, SecCode, IdxCode IdxRuReconMem_3 Date_, IdxCode, SecCode",21,22
qa_database_schema_index_data_v1_0_5_2022_04_13,QA Database Schema - Index Data v1.0.5 (2022-04-13).pdf,IdxRuReconMvmt,Russell Index Constituent Movements (during | This table reflects constituent movements within indexes during reconstitution.,As necessary,No,"pkey_IdxRuReconMvmt (Clustered) IdxCode, Date_, SecCode IdxRuReconMvmt_1 IdxCode, SecCode , Date_ IdxRuReconMvmt_2 Date_, SecCode, IdxCode IdxRuReconMvmt_3 Date_, IdxCode, SecCode",22,22
qa_database_schema_index_data_v1_0_5_2022_04_13,QA Database Schema - Index Data v1.0.5 (2022-04-13).pdf,IdxRuReconPreCmp,"Russell New Index Constituents (before | This table reflects constituents of the new index prior to reconstitution, and the corresponding values, assuming",Daily,No,"pkey_IdxRuReconPreCmp (Clustered) IdxCode, Date_, SecCode IdxRuReconPreCmp_1 IdxCode, SecCode , Date_ IdxRuReconPreCmp_2 Date_, SecCode, IdxCode IdxRuReconPreCmp_3 Date_, IdxCode, SecCode LSEG Quantitative Analytics Database Schema for Index Data 23 CORPORATE",22,23
qa_database_schema_index_data_v1_0_5_2022_04_13,QA Database Schema - Index Data v1.0.5 (2022-04-13).pdf,IdxRuReconPreDly,"Russell Daily Index Composition Data (before | This table reflects daily index composition data for securities prior to reconstitution, assuming reconstitution is | The table IdxSpGrp has been discontinued and should be disregarded.",Daily,No,"pkey_IdxRuReconPreDly (Clustered) SecCode, Date_",23,24
qa_database_schema_index_data_v1_0_5_2022_04_13,QA Database Schema - Index Data v1.0.5 (2022-04-13).pdf,IdxDiv,S&P Index Dividends | This table contains index dividend pricing.,Daily,No,"pkey_Idxdiv (clustered) Code, Item, Date_",24,24
qa_database_schema_index_data_v1_0_5_2022_04_13,QA Database Schema - Index Data v1.0.5 (2022-04-13).pdf,IdxSpCmp,S&P Index Compositions | This table contains S&P Index Compositions data. | from the table IdxSpDet to adjust the shares data.,Daily,No,"pkey_IdxSpCmp (clustered) IdxCode, Date_, SecCode IdxSpCmp_Date Date_, IdxCode, SecCode IdxSpCmp_IdxCode IdxCode, SecCode, Date_",24,25
qa_database_schema_index_data_v1_0_5_2022_04_13,QA Database Schema - Index Data v1.0.5 (2022-04-13).pdf,IdxSpCtr,S&P Contributions | This table contains S&P Contributions data.,Daily,No,"pkey_IdxSpCtr (clustered) IdxCode, SecCode, Date_",25,25
qa_database_schema_index_data_v1_0_5_2022_04_13,QA Database Schema - Index Data v1.0.5 (2022-04-13).pdf,IdxSpDet,S&P Index Detail | This table contains S&P Index Detail data.,Daily,N/A,"pkey_IdxSpDet (clustered) IdxCode, Date_, SecCode IdxSpDet_IdxCode IdxCode, SecCode, Date_",25,26
qa_database_schema_index_data_v1_0_5_2022_04_13,QA Database Schema - Index Data v1.0.5 (2022-04-13).pdf,IdxSpGic,S&P Industry Group History by GIC | This table contains S&P Industry Group History by GIC.,Daily,N/A,"pkey_IdxSpGic (clustered) IdxCode, Date_, GicCode IdxSpGic_IdxCode IdxCode, GicCode, Date_",26,26
qa_database_schema_index_data_v1_0_5_2022_04_13,QA Database Schema - Index Data v1.0.5 (2022-04-13).pdf,IdxSpGrp,S&P Industry Group History by Old Industry,,,,26,26
qa_database_schema_index_data_v1_0_5_2022_04_13,QA Database Schema - Index Data v1.0.5 (2022-04-13).pdf,Classification,This is a legacy table containing old industry classifications. It has a cut-off date of 2/7/2002. Refer to IdxSpGic,Does not update,N/A,"pkey_IdxSpGrp (clustered) IdxCode, Date_, Group IdxSpGrp_IdxCode IdxCode, Group_, Date_",26,27
qa_database_schema_index_data_v1_0_5_2022_04_13,QA Database Schema - Index Data v1.0.5 (2022-04-13).pdf,IdxSPMkt,S&P Market Values | This table contains S&P Market Values data.,Daily,No,"pkey_IdxSPMkt (clustered) IdxCode, Date_ IdxSPMkt_Date Date_, IdxCode",27,27
qa_database_schema_index_data_v1_0_5_2022_04_13,QA Database Schema - Index Data v1.0.5 (2022-04-13).pdf,IdxSpOth,S&P Index Compositions Additional Constituent Data | This table contains S&P Index Compositions Additional Constituent data.,Daily,"Field names prefixed with “adj” indicate that the data has been adjusted. Otherwise, data is as","pkey_IdxSpOth (clustered) IdxCode, Date_, SecCode IdxSpOth_IdxCode IdxCode, SecCode, Date_",27,29
qa_database_schema_index_data_v1_0_5_2022_04_13,QA Database Schema - Index Data v1.0.5 (2022-04-13).pdf,IdxBMIDesc,,,,,29,29
qa_database_schema_index_data_v1_0_5_2022_04_13,QA Database Schema - Index Data v1.0.5 (2022-04-13).pdf,IdxBMICode,S&P BMI Index Integer Code Lookup | This table contains S&P BMI Index integer code descriptions.,,,"pkey_ IdxBMICode (clustered) Type_, Code",29,29
qa_database_schema_index_data_v1_0_5_2022_04_13,QA Database Schema - Index Data v1.0.5 (2022-04-13).pdf,IdxBMICtyRegMap,S&P BMI Index Country Region Mapping | This table contains data for mapping country regions.,,,"pkey_IdxBMICtyRegMap (clustered) RegCode, CtryCode, StartDate",29,30
qa_database_schema_index_data_v1_0_5_2022_04_13,QA Database Schema - Index Data v1.0.5 (2022-04-13).pdf,IdxBMIDesc,S&P BMI Index Character Code Lookup | This table contains S&P BMI Index character code descriptions.,,,"pkey_IdxBMIDesc (clustered) Type_, Code",30,30
qa_database_schema_index_data_v1_0_5_2022_04_13,QA Database Schema - Index Data v1.0.5 (2022-04-13).pdf,IdxBMIFxRate,S&P BMI Index Exchange Rates | This table contains information about exchange rates. | This diagram shows the relationship between the index-level tables. Note that the table IdxBMIConst is shared,,,"pkey_IdxBMIFxRate (clustered) CurrCode, Date_",30,31
qa_database_schema_index_data_v1_0_5_2022_04_13,QA Database Schema - Index Data v1.0.5 (2022-04-13).pdf,IdxBMIConst,,,,,31,31
qa_database_schema_index_data_v1_0_5_2022_04_13,QA Database Schema - Index Data v1.0.5 (2022-04-13).pdf,IdxBMIConst,S&P BMI Index Constituents | This table contains constituent information for S&P BMI Indexes. | This table is shared with S&P BMI constituent-level tables.,,,"pkey_IdxBMIConst (clustered) IdxCode, SecCode, StartDate",31,32
qa_database_schema_index_data_v1_0_5_2022_04_13,QA Database Schema - Index Data v1.0.5 (2022-04-13).pdf,IdxBMIDaily,S&P BMI Index Daily Information | This table contains daily S&P BMI Index data.,,,"pkey_IdxBMIDaily (clustered) IdxCode, Date_",32,32
qa_database_schema_index_data_v1_0_5_2022_04_13,QA Database Schema - Index Data v1.0.5 (2022-04-13).pdf,IdxBMIData,S&P BMI Index Level Data | This table contains S&P BMI Index data.,,,"pkey_IdxBMIData (clustered) IdxCode, StartDate",32,32
qa_database_schema_index_data_v1_0_5_2022_04_13,QA Database Schema - Index Data v1.0.5 (2022-04-13).pdf,IdxBMIDiv,S&P BMI Index Dividend Data | This table contains dividend data for S&P BMI Indexes.,,,"pkey_IdxBMIDiv (clustered) IdxCode, Date_",32,32
qa_database_schema_index_data_v1_0_5_2022_04_13,QA Database Schema - Index Data v1.0.5 (2022-04-13).pdf,IdxBMIInfo,"S&P BMI Index Information | This table contains S&P BMI Index data, and links to idxinfo described on page 7.",,,pkey_IdxBMIInfo (clustered) IdxCode,32,33
qa_database_schema_index_data_v1_0_5_2022_04_13,QA Database Schema - Index Data v1.0.5 (2022-04-13).pdf,IdxBMIMap,S&P BMI Index Variant Mapping | This table contains data for mapping S&P BMI Index variants.,,,pkey_IdxBMIMap (clustered) IdxCode,33,33
qa_database_schema_index_data_v1_0_5_2022_04_13,QA Database Schema - Index Data v1.0.5 (2022-04-13).pdf,IdxBMIMth,S&P BMI Index Level Monthly Data | This table contains monthly S&P Index data. | The following diagram shows the relationship between the S&P BMI constituent-level tables. Note that the table,,,"pkey_IdxBMIMth (clustered) IdxCode, Date_",33,35
qa_database_schema_index_data_v1_0_5_2022_04_13,QA Database Schema - Index Data v1.0.5 (2022-04-13).pdf,IdxBMICorAx,"S&P BMI Constituent Corporate Actions (Future and Historical) | This table contains information on S&P BMI constituent corporate actions, future (proposed) and historical. | The table below provides the Item Codes and corresponding Item Names.",,,"pkey_IdxBMICorAx (clustered) SecCode, EstEffDate, Item, Seq",35,36
qa_database_schema_index_data_v1_0_5_2022_04_13,QA Database Schema - Index Data v1.0.5 (2022-04-13).pdf,IdxBMISecAdj,S&P BMI Index Security Adjustments | This table contains information about security adjustments for S&P BMI Indexes.,,,"pkey_IdxBMISecAdj (clustered) SecCode, Date_, Seq",36,36
qa_database_schema_index_data_v1_0_5_2022_04_13,QA Database Schema - Index Data v1.0.5 (2022-04-13).pdf,IdxBMISecDaily,S&P BMI Index Security Level Daily Data | This table contains daily security-level S&P BMI Index data.,,,"pkey_IdxBMISecDaily (clustered) SecCode, Date_",36,36
qa_database_schema_index_data_v1_0_5_2022_04_13,QA Database Schema - Index Data v1.0.5 (2022-04-13).pdf,IdxBMISecDiv,S&P BMI Index Security Dividend | This table contains security dividend data for S&P Indexes.,,,"pkey_IdxBMISecDiv (clustered) SecCode, Date_",36,37
qa_database_schema_index_data_v1_0_5_2022_04_13,QA Database Schema - Index Data v1.0.5 (2022-04-13).pdf,IdxBMISecFlags,S&P BMI Index Security Level Inclusion Flags | This table contains security-level inclusion flag data for S&P Indexes.,,,"pkey_IdxBMISecFlags (clustered) SecCode, StartDate",37,37
qa_database_schema_index_data_v1_0_5_2022_04_13,QA Database Schema - Index Data v1.0.5 (2022-04-13).pdf,IdxBMISecInfo,S&P BMI Index Security Level Information | This table contains information on S&P Index securities.,,,pkey_IdxBMISecInfo (clustered) SecCode,37,38
qa_database_schema_index_data_v1_0_5_2022_04_13,QA Database Schema - Index Data v1.0.5 (2022-04-13).pdf,IdxBMISecInfoChg,S&P BMI Index Security Level Information Changes | This table contains security information change data for S&P BMI Indexes.,,,"pkey_IdxBMISecInfoChg (clustered) SecCode, StartDate",38,38
qa_database_schema_index_data_v1_0_5_2022_04_13,QA Database Schema - Index Data v1.0.5 (2022-04-13).pdf,IdxBMISecMth,S&P BMI Index Security Level Monthly Data | This table contains monthly data at the security level on S&P BMI Indexes. Historical monthly data is available,,,"pkey_IdxBMISecMth (clustered) SecCode, Date_",38,39
qa_database_schema_index_data_v1_0_5_2022_04_13,QA Database Schema - Index Data v1.0.5 (2022-04-13).pdf,IdxBMISecShares,S&P BMI Index Security Shares | This table contains security shares data for S&P BMI Indexes.,,,"pkey_IdxBMISecShares (clustered) SecCode, StartDate",39,39
qa_database_schema_index_data_v1_0_5_2022_04_13,QA Database Schema - Index Data v1.0.5 (2022-04-13).pdf,IdxBMISecWeights,S&P BMI Index Security Weights (Index-Dependent) | This table contains security weights data for S&P BMI Indexes. Note that this information is index-dependent.,Daily,"Field names prefixed with “adj” indicate that the data has been adjusted. Otherwise, data is as","pkey_IdxBMISecWeights (clustered) SecCode, IndexFamCode, Date_",39,40
qa_database_schema_index_data_v1_0_5_2022_04_13,QA Database Schema - Index Data v1.0.5 (2022-04-13).pdf,IdxSPGCode,S&P ASX Index Code Lookups | This table contains information on S&P ASX index codes.,,,"pkey_IdxSPGCode (clustered) Type_, Code",40,40
qa_database_schema_index_data_v1_0_5_2022_04_13,QA Database Schema - Index Data v1.0.5 (2022-04-13).pdf,IdxSPGDesc,S&P Index Code Lookups | This table contains information on S&P index code lookups.,,,"pkey_IdxSPGDesc (clustered) Type_, Code",40,40
qa_database_schema_index_data_v1_0_5_2022_04_13,QA Database Schema - Index Data v1.0.5 (2022-04-13).pdf,IdxSPGConst,S&P ASX Index Constituents | This table contains information on S&P ASX index constituents.,,,"pkey_IdxSPGConst (clustered) IdxCode, StartDate, SecCode",40,41
qa_database_schema_index_data_v1_0_5_2022_04_13,QA Database Schema - Index Data v1.0.5 (2022-04-13).pdf,IdxSPGCorAx,"S&P ASX Constituent Corporate Actions (Future and Historical) | This table contains information on S&P ASX constituent corporate actions, future (proposed) and historical.",,,"pkey_IdxSPGCorAx (clustered) SecCode, IdxFamCode, EstEffDate, Item, Seq",41,41
qa_database_schema_index_data_v1_0_5_2022_04_13,QA Database Schema - Index Data v1.0.5 (2022-04-13).pdf,IdxSPGDaily,S&P ASX Index Daily Information | This table contains S&P ASX index daily information.,,,"pkey_IdxSPGDaily (clustered) IdxCode, Date_",41,41
qa_database_schema_index_data_v1_0_5_2022_04_13,QA Database Schema - Index Data v1.0.5 (2022-04-13).pdf,IdxSPGData,S&P ASX Index Level Data | This table contains S&P ASX index-level data.,,,"pkey_IdxSPGData (clustered) IdxCode, StartDate",41,42
qa_database_schema_index_data_v1_0_5_2022_04_13,QA Database Schema - Index Data v1.0.5 (2022-04-13).pdf,IdxSPGDiv,S&P ASX Index Dividend Data | This table contains S&P ASX index dividend data.,,,"pkey_IdxSPGDiv (clustered) IdxCode, Date_",42,42
qa_database_schema_index_data_v1_0_5_2022_04_13,QA Database Schema - Index Data v1.0.5 (2022-04-13).pdf,IdxSPGFamRtn,S&P ASX Supported Return Types | This table indicates what return types are supported by each index family.,,,"pkey_IdxSPGFamRtn (clustered) IdxFamCode, ReturnCode",42,42
qa_database_schema_index_data_v1_0_5_2022_04_13,QA Database Schema - Index Data v1.0.5 (2022-04-13).pdf,IdxSPGInfo,S&P ASX Index Information | This table contains S&P index information.,,,pkey_IdxSPGInfo (clustered) IdxCode,42,43
qa_database_schema_index_data_v1_0_5_2022_04_13,QA Database Schema - Index Data v1.0.5 (2022-04-13).pdf,IdxSPGISINChg,S&P ISIN Changes | This table contains information on S&P ISIN changes.,,,"pkey_IdxSPGISINChg (clustered) SecCode, StartDate",43,43
qa_database_schema_index_data_v1_0_5_2022_04_13,QA Database Schema - Index Data v1.0.5 (2022-04-13).pdf,IdxSPGRtn,S&P ASX Index Return Daily Information | This table contains S&P ASX index return daily information.,,,"pkey_IdxSPGRtn (clustered) IdxCode, Date_",43,43
qa_database_schema_index_data_v1_0_5_2022_04_13,QA Database Schema - Index Data v1.0.5 (2022-04-13).pdf,IdxSPGSecAdj,S&P ASX Security Adjustments | This table contains information on S&P ASX security adjustments.,,,"pkey_IdxSPGSecAdj (clustered) SecCode, IdxFamCode, Date_, Seq",43,44
qa_database_schema_index_data_v1_0_5_2022_04_13,QA Database Schema - Index Data v1.0.5 (2022-04-13).pdf,IdxSPGSecChg,S&P Index Security Level Information Changes | This table contains changes in S&P index security-level information.,,,"pkey_IdxSPGSecChg (clustered) SecCode, StartDate",44,44
qa_database_schema_index_data_v1_0_5_2022_04_13,QA Database Schema - Index Data v1.0.5 (2022-04-13).pdf,IdxSPGSecDaily,S&P Security Level Daily Data | This table contains S&P security-level daily data.,,,"pkey_IdxSPGSecDaily (clustered) SecCode, IdxFamCode, Date_",44,45
qa_database_schema_index_data_v1_0_5_2022_04_13,QA Database Schema - Index Data v1.0.5 (2022-04-13).pdf,IdxSPGSecDiv,S&P Index Security Dividend | This table contains S&P Index security dividend information.,,,"pkey_IdxSPGSecDiv (clustered) SecCode, Date_",45,45
qa_database_schema_index_data_v1_0_5_2022_04_13,QA Database Schema - Index Data v1.0.5 (2022-04-13).pdf,IdxSPGSecFlags,S&P Index Security Level Inclusion Flags | This table contains information on S&P index security-level inclusion flags.,,,"pkey_IdxSPGSecFlags (clustered) SecCode, IdxFamCode, StartDate",45,45
qa_database_schema_index_data_v1_0_5_2022_04_13,QA Database Schema - Index Data v1.0.5 (2022-04-13).pdf,IdxSPGSecInfo,S&P Index Security Level Information | This table contains S&P index security-level information.,,,pkey_IdxSPGSecInfo (clustered) SecCode,45,46
qa_database_schema_index_data_v1_0_5_2022_04_13,QA Database Schema - Index Data v1.0.5 (2022-04-13).pdf,IdxSPGSecPrice,S&P Security Level Daily Price | This table contains S&P security-level daily price information.,,,"pkey_IdxSPGSecPrice (clustered) SecCode, Date_",46,46
qa_database_schema_index_data_v1_0_5_2022_04_13,QA Database Schema - Index Data v1.0.5 (2022-04-13).pdf,IdxSPGSecShares,S&P Index Security Shares | This table contains information on S&P index security shares.,,,"pkey_IdxSPGSecShares (clustered) SecCode, IdxFamCode, StartDate",46,47
qa_database_schema_index_data_v1_0_5_2022_04_13,QA Database Schema - Index Data v1.0.5 (2022-04-13).pdf,IdxSPGSecWeights,"S&P Index Security Shares, Weights, Factors, and | This table contains information on S&P index security shares, weights, factors, and dividend (index dependent).",,,"pkey_IdxSPGSecWeights (clustered) SecCode, Date_, HdlnCode",47,47
qa_database_schema_index_data_v1_0_5_2022_04_13,QA Database Schema - Index Data v1.0.5 (2022-04-13).pdf,IdxSPGSedChg,S&P SEDOL Changes | This table contains information on S&P SEDOL changes.,,,"pkey_IdxSPGSedChg (clustered) SecCode, StartDate",47,47
qa_database_schema_index_data_v1_0_5_2022_04_13,QA Database Schema - Index Data v1.0.5 (2022-04-13).pdf,TQACtryExch,Generic Lookup Table for Countries | This table is a generic lookup table for countries.,,,"pkey_TQACtryExch (clustered) ISOCtryCode, MIC",47,48
qa_database_schema_lseg_climate_v1_1_2025_07_08,QA Database Schema - LSEG Climate v1.1 (2025-07-08).pdf,CLMStmtDet,Financial Period Details | This table contains financial period details.,Weekly,N/A,"pkey_CLMStmtDet (Clustered) OrgPermID, FY",7,7
qa_database_schema_lseg_climate_v1_1_2025_07_08,QA Database Schema - LSEG Climate v1.1 (2025-07-08).pdf,CLMItem,Climate Metrics | An itemized table for all the climate metrics. This table stores the meta data of all climate metrics. | TableCode tinyint Yes The data table in which the value pertaining to the item resides.,Weekly,N/A,pkey_CLMItem (Clustered) Item,7,8
qa_database_schema_lseg_climate_v1_1_2025_07_08,QA Database Schema - LSEG Climate v1.1 (2025-07-08).pdf,CLMDataPoint,LSEG Climate Data Points | This table contains company data for Climate data points.,Weekly,N/A,"pkey_CLMDataPoint (Clustered) OrgPermID, Item, FY",8,9
qa_database_schema_lseg_climate_v1_1_2025_07_08,QA Database Schema - LSEG Climate v1.1 (2025-07-08).pdf,CLMIndicator,LSEG Climate Indicators Data | This table contains company data for climate indicators.,Weekly,N/A,"pkey_CLMIndicator (Clustered) OrgPermID, Item, FY",9,9
qa_database_schema_lseg_climate_v1_1_2025_07_08,QA Database Schema - LSEG Climate v1.1 (2025-07-08).pdf,CLMCDPDataPoint,CDP Data Points Data | This table contains company data for CDP data points.,Weekly,N/A,"pkey_CLMCDPDataPoint (Clustered) OrgPermID, Item, FY",9,10
qa_database_schema_lseg_climate_v1_1_2025_07_08,QA Database Schema - LSEG Climate v1.1 (2025-07-08).pdf,CLMAsRepMap,"As Reported Data Links | This table contains the as reported data links to the data measures. | Note: This table is currently not available, to be released soon. | ID maps to the As Reported data in the CLMAsRepData table",Weekly,N/A,"pkey_CLMAsRepMap (Clustered) OrgPermID, Item, FY, ValueId",10,10
qa_database_schema_lseg_climate_v1_1_2025_07_08,QA Database Schema - LSEG Climate v1.1 (2025-07-08).pdf,CLMAsRepData,"As Reported Data Measures | This table contains the as reported data for the data measures. | Note: This table is currently not available, to be released soon.",Weekly,N/A,"pkey_CLMAsRepData (Clustered) ValueId, Item",10,11
qa_database_schema_lseg_climate_v1_1_2025_07_08,QA Database Schema - LSEG Climate v1.1 (2025-07-08).pdf,CLMSourceMap,Source Data Links | This table contains the source data links to the data measures.,Weekly,N/A,"pkey_CLMSourceMap (Clustered) OrgPermID, Item, FY, SourceId",11,11
qa_database_schema_lseg_climate_v1_1_2025_07_08,QA Database Schema - LSEG Climate v1.1 (2025-07-08).pdf,CLMSourceData,Source Data | This table contains the source data used to build the ESG values.,Weekly,N/A,pkey_CLMSourceData (Clustered) SourceId,11,12
qa_database_schema_lseg_climate_v1_1_2025_07_08,QA Database Schema - LSEG Climate v1.1 (2025-07-08).pdf,CLMCode,Integer Code Descriptions | This table contains descriptions for the integer codes.,Weekly,N/A,"pkey_CLMCode (Clustered) Type_, Code",12,12
qa_database_schema_lseg_climate_v1_1_2025_07_08,QA Database Schema - LSEG Climate v1.1 (2025-07-08).pdf,CLMDesc,Character Code Descriptions | This table contains descriptions for the character codes.,Weekly,N/A,"pkey_CLMDesc (Clustered) Type_, Code",12,12
qa_database_schema_lseg_climate_v1_1_2025_07_08,QA Database Schema - LSEG Climate v1.1 (2025-07-08).pdf,CLMOrgPerMap,Organization and Period Mapping | This table contains the organization and period ID mapping.,Weekly,N/A,"pkey_CLMOrgPerMap (Clustered) OrgPermID, PerId",12,13
qa_database_schema_lseg_climate_v1_1_2025_07_08,QA Database Schema - LSEG Climate v1.1 (2025-07-08).pdf,CLMCROPMSeg,Financial Operating Metric Segments | This table contains information about financial operating metric segments for an organization.,Weekly,N/A,"pkey_CLMCROPMSeg (Clustered) OrgPermID, OPMSegID",13,14
qa_database_schema_lseg_climate_v1_1_2025_07_08,QA Database Schema - LSEG Climate v1.1 (2025-07-08).pdf,CLMCRStmtLineItem,Individual Line Items Reported | This table contains individual line items reported by an organization.,Weekly,N/A,"pkey_CLMCRStmtLineItem (Clustered) OrgPermID, Item",14,14
qa_database_schema_lseg_climate_v1_1_2025_07_08,QA Database Schema - LSEG Climate v1.1 (2025-07-08).pdf,CLMCRStmtDet,Reported Instance Values Reported by,,,,14,14
qa_database_schema_lseg_climate_v1_1_2025_07_08,QA Database Schema - LSEG Climate v1.1 (2025-07-08).pdf,Organization,This table provides all the values reported by the organization for a reporting instance. Package also provides the,Weekly,N/A,"pkey_CLMCRStmtDet (Clustered) FndID, Period, SrcID, StmtCurrID, StmtTypeCode",14,17
qa_database_schema_lseg_climate_v1_1_2025_07_08,QA Database Schema - LSEG Climate v1.1 (2025-07-08).pdf,CLMCRAsRepStmtDet,Reported Instance Values Reported by,,,,17,17
qa_database_schema_lseg_climate_v1_1_2025_07_08,QA Database Schema - LSEG Climate v1.1 (2025-07-08).pdf,Organization,This table provides all the values reported by the organization for a reporting instance. Package also provides the,Weekly,N/A,"pkey_CLMCRAsRepStmtDet (Clustered) Field , FndID, Period, SrcID, StmtCurrID, StmtTypeCode, Item, Value_",17,21
qa_database_schema_lseg_climate_v1_1_2025_07_08,QA Database Schema - LSEG Climate v1.1 (2025-07-08).pdf,CLMCRAsRepStmtSeg,Reported Instance Values Reported by,,,,21,21
qa_database_schema_lseg_climate_v1_1_2025_07_08,QA Database Schema - LSEG Climate v1.1 (2025-07-08).pdf,Organization,This table provides all the values reported by the organization for a reporting instance. Package also provides the,Weekly,N/A,pkey_CLMCRAsRepStmtSeg (Clustered),21,22
qa_database_schema_lseg_climate_v1_1_2025_07_08,QA Database Schema - LSEG Climate v1.1 (2025-07-08).pdf,CLMCRFinPer,Reported Instance Values Reported by Organization | This table provides all the values reported by the organization for a reporting instance. Package also provides the,Weekly,N/A,"pkey_CLMCRFinPer (Clustered) OrgPermID, FndID, Period, SrcID, StmtCurrID, StmtTypeCode, PerID",22,23
qa_database_schema_lseg_climate_v1_1_2025_07_08,QA Database Schema - LSEG Climate v1.1 (2025-07-08).pdf,CLMCRFinSrc,Reported Instance Values Reported by Organization | This table provides all the values reported by the organization for a reporting instance. Package also provides the,Weekly,N/A,"pkey_CLMCRFinSrc (Clustered) OrgPermID, FndID, Period, SrcID, StmtCurrID, StmtTypeCode, SrcID",23,25
qa_database_schema_lseg_climate_v1_1_2025_07_08,QA Database Schema - LSEG Climate v1.1 (2025-07-08).pdf,CLMCROrgRef,"Fundamental Identifiers Mapping | This table contains mapping between the Fundamental specific identifiers i.e., Fundamentals Series ID and",Weekly,N/A,"pkey_CLMCROrgRef (Clustered) OrgPermID, InstrPermID",25,26
qa_database_schema_lseg_climate_v1_1_2025_07_08,QA Database Schema - LSEG Climate v1.1 (2025-07-08).pdf,CLMCRFndSeriesDet,"Fundamental Identifiers Mapping | This table contains mapping between the Fundamental specific identifiers i.e., Fundamentals Series ID and",Weekly,N/A,"pkey_CLMCRFndSeriesDet (Clustered) OrgPermID, InstrPermID, FndSeriesPermID",26,27
qa_database_schema_lseg_climate_v1_1_2025_07_08,QA Database Schema - LSEG Climate v1.1 (2025-07-08).pdf,CLMCRFndDet,"Fundamental Identifiers Mapping | This table contains mapping between the Fundamental specific identifiers i.e., Fundamentals Series ID and",Weekly,N/A,"pkey_CLMCRFndDet (Clustered) OrgPermID, InstrPermID, FndSeriesPermID, FndSeriesFndID",27,28
qa_database_schema_lseg_climate_v1_1_2025_07_08,QA Database Schema - LSEG Climate v1.1 (2025-07-08).pdf,CLMCRFndDetInd,"Fundamental Identifiers Mapping | This table contains mapping between the Fundamental specific identifiers i.e., Fundamentals Series ID and",Weekly,N/A,"pkey_CLMCRFndDetInd (Clustered) OrgPermID, InstrPermID, FndSeriesPermID, FndSeriesFndID, IndGrpTaxCode, TemplCode, ValidFromDt",28,29
qa_database_schema_lseg_climate_v1_1_2025_07_08,QA Database Schema - LSEG Climate v1.1 (2025-07-08).pdf,CLMCRFndDetTxn,"Fundamental Identifiers Mapping | This table contains mapping between the Fundamental specific identifiers i.e., Fundamentals Series ID and",Weekly,N/A,"pkey_CLMCRFndDetTxn (Clustered) OrgPermID, InstrPermID, FndSeriesPermID, FndSeriesFndID, TaxCode",29,30
qa_database_schema_lseg_climate_v1_1_2025_07_08,QA Database Schema - LSEG Climate v1.1 (2025-07-08).pdf,CLMCRQuoteCtry,"Fundamental Identifiers Mapping | This table contains mapping between the Fundamental specific identifiers i.e., Fundamentals Series ID and",Weekly,N/A,"pkey_CLMCRQuoteCtry (Clustered) OrgPermID, InstrPermID, QuotePermID",30,30
qa_database_schema_lseg_climate_v1_1_2025_07_08,QA Database Schema - LSEG Climate v1.1 (2025-07-08).pdf,CLMCRQuoteRel,"Fundamental Identifiers Mapping | This table contains mapping between the Fundamental specific identifiers i.e., Fundamentals Series ID and",Weekly,N/A,"pkey_CLMCRQuoteRel (Clustered) OrgPermID, InstrPermID, QuotePermID, FndSeriesPermID",30,31
qa_database_schema_lseg_esg_v1_1_2025_07_28,QA Database Schema - LSEG ESG v1.1 (2025-07-28).pdf,ESG2StmtDet,Financial Period | This table contains financial period details.,Weekly,N/A,"pkey_ESG2StmtDet (Clustered) OrgPermID, FY",5,5
qa_database_schema_lseg_esg_v1_1_2025_07_28,QA Database Schema - LSEG ESG v1.1 (2025-07-28).pdf,ESG2Item,Data Items | An itemized table for all the ESG metrics. This table stores the metadata of all ESG metrics and the table where | DataTypeCode tinyint Yes The data type determines which table the item will be a part of. | TableCode tinyint Yes The data table in which the value pertaining to the item resides.,Weekly,No,pkey_ESG2Item (Clustered) Item,5,6
qa_database_schema_lseg_esg_v1_1_2025_07_28,QA Database Schema - LSEG ESG v1.1 (2025-07-28).pdf,ESG2EnvDataPoint,Environmental Data Points | This table contains standardized company data for environmental data points.,Weekly,N/A,"pkey_ESG2EnvDataPoint (Clustered) OrgPermID, Item, FY",6,7
qa_database_schema_lseg_esg_v1_1_2025_07_28,QA Database Schema - LSEG ESG v1.1 (2025-07-28).pdf,ESG2EnvIndicator,Environmental Indicators | This table contains standardized company data for environmental indicators.,Weekly,N/A,"pkey_ESG2EnvIndicator (Clustered) OrgPermID, Item, FY",7,7
qa_database_schema_lseg_esg_v1_1_2025_07_28,QA Database Schema - LSEG ESG v1.1 (2025-07-28).pdf,ESG2EnvValScore,Environmental Data Points | This table contains the value scores for the environmental data points and indicators.,Weekly,N/A,"pkey_ESG2EnvValScore (Clustered) OrgPermID, Item, FY",7,8
qa_database_schema_lseg_esg_v1_1_2025_07_28,QA Database Schema - LSEG ESG v1.1 (2025-07-28).pdf,ESG2SocDataPoint,Social Data Points | This table contains standardized company data for social data points.,Weekly,N/A,"pkey_ESG2SocDataPoint (Clustered) OrgPermID, Item, FY",8,8
qa_database_schema_lseg_esg_v1_1_2025_07_28,QA Database Schema - LSEG ESG v1.1 (2025-07-28).pdf,ESG2SocIndicator,Social Indicators | This table contains standardized company data for social indicators.,Weekly,N/A,"pkey_ESG2SocIndicator (Clustered) OrgPermID, Item, FY",8,9
qa_database_schema_lseg_esg_v1_1_2025_07_28,QA Database Schema - LSEG ESG v1.1 (2025-07-28).pdf,ESG2SocValScore,Social Data Points | This table contains the value scores for the social data points and indicators.,Weekly,N/A,"pkey_ESG2SocValScore (Clustered) OrgPermID, Item, FY",9,9
qa_database_schema_lseg_esg_v1_1_2025_07_28,QA Database Schema - LSEG ESG v1.1 (2025-07-28).pdf,ESG2GovDataPoint,Governance Data Points | This table contains standardized company data for governance data points.,Weekly,N/A,"pkey_ESG2GovDataPoint (Clustered) OrgPermID, Item, FY",9,10
qa_database_schema_lseg_esg_v1_1_2025_07_28,QA Database Schema - LSEG ESG v1.1 (2025-07-28).pdf,ESG2GovIndicator,Governance Indicators | This table contains standardized company data for Governance indicators.,Weekly,N/A,"pkey_ESG2GovIndicator (Clustered) OrgPermID, Item, FY",10,10
qa_database_schema_lseg_esg_v1_1_2025_07_28,QA Database Schema - LSEG ESG v1.1 (2025-07-28).pdf,ESG2GovValScore,Governance Data Points | This table contains the value scores for governance data points and indicators.,Weekly,N/A,"pkey_ESG2GovValScore (Clustered) OrgPermID, Item, FY",10,11
qa_database_schema_lseg_esg_v1_1_2025_07_28,QA Database Schema - LSEG ESG v1.1 (2025-07-28).pdf,ESG2AsRepMap,"As Reported Data Links | This table contains the as reported data links to the data measures. | Note: This table is currently not available, to be released soon.",Weekly,N/A,"pkey_ESG2AsRepMap (Clustered) OrgPermID, Item, FY, ValueId",11,11
qa_database_schema_lseg_esg_v1_1_2025_07_28,QA Database Schema - LSEG ESG v1.1 (2025-07-28).pdf,ESG2AsRepData,"As Reported Data | This table contains the as reported data for the data measures. | Note: This table is currently not available, to be released soon.",Weekly,N/A,"pkey_ESG2AsRepData (Clustered) ValueId, Item",11,12
qa_database_schema_lseg_esg_v1_1_2025_07_28,QA Database Schema - LSEG ESG v1.1 (2025-07-28).pdf,ESG2SourceMap,Data Item to Source Mapping | This table contains the source data links to the data measures.,Weekly,N/A,"pkey_ESG2SourceMap (Clustered) OrgPermID, Item, FY, SourceId",12,12
qa_database_schema_lseg_esg_v1_1_2025_07_28,QA Database Schema - LSEG ESG v1.1 (2025-07-28).pdf,ESG2SourceData,Source Information | This table contains the source data used to build ESG values.,Weekly,N/A,pkey_ESG2SourceData (Clustered) SourceId,12,13
qa_database_schema_lseg_esg_v1_1_2025_07_28,QA Database Schema - LSEG ESG v1.1 (2025-07-28).pdf,ESG2SourceCtrvData,Controversy Counts | This table contains the source data related to the controversy counts.,Weekly,N/A,pkey_ESG2SourceCtrvData (Clustered) SourceId,13,13
qa_database_schema_lseg_esg_v1_1_2025_07_28,QA Database Schema - LSEG ESG v1.1 (2025-07-28).pdf,ESG2Scores,"ESG Category, Pillar, and Summary Scores | This table contains the ESG category scores, pillar scores, and summary scores.",Weekly,N/A,"pkey_ESG2Scores (Clustered) OrgPermID, Item, FY",13,13
qa_database_schema_lseg_esg_v1_1_2025_07_28,QA Database Schema - LSEG ESG v1.1 (2025-07-28).pdf,ESG2DnIScores,Diversity and Inclusion Scores | This table contains the company' diversity and inclusion scores.,Weekly,N/A,"pkey_ESG2DnIScores (Clustered) OrgPermID, Item, FY",13,14
qa_database_schema_lseg_esg_v1_1_2025_07_28,QA Database Schema - LSEG ESG v1.1 (2025-07-28).pdf,ESG2Code,Integer Code Descriptions | This table contains descriptions for the integer codes.,Weekly,N/A,"pkey_ESG2Code (Clustered) Type_, Code",14,14
qa_database_schema_lseg_esg_v1_1_2025_07_28,QA Database Schema - LSEG ESG v1.1 (2025-07-28).pdf,ESG2Desc,Character Codes Descriptions | This table contains descriptions for the character codes.,Weekly,N/A,"pkey_ESG2Desc (Clustered) Type_, Code",14,14
qa_database_schema_lseg_esg_v1_1_2025_07_28,QA Database Schema - LSEG ESG v1.1 (2025-07-28).pdf,ESG2OrgPerMap,Organization and Period Mapping | This table contains the Organization and Period Id Mapping.,Weekly Adjusted: N/A,,"pkey_ESG2OrgPerMap (Clustered) OrgPermID, PerId",14,15
qa_database_schema_lseg_financials_v1_2_6_2024_02_20,QA Database Schema - LSEG Financials v1.2.6 (2024-02-20).pdf,RKDFndCmpDet,"Company Details | This table contains information such as company name, contact information, number of employees, and incorporation",Daily,N/A,PK_RKDFndCmpDet (clustered) Code,10,11
qa_database_schema_lseg_financials_v1_2_6_2024_02_20,QA Database Schema - LSEG Financials v1.2.6 (2024-02-20).pdf,RKDFndCmpFiling,Company Filing Source Information | Use this table to extract company filing source information.,Daily,N/A,"PK_RKDFndCmpFiling (clustered) Code, TxtInfoTypeCode Database Schema for LSEG Financials 12",11,12
qa_database_schema_lseg_financials_v1_2_6_2024_02_20,QA Database Schema - LSEG Financials v1.2.6 (2024-02-20).pdf,RKDFndCmpIssDet,"Company Issue Details | Use this table to retrieve issue-level details such as type, currency, par value, number of outstanding shares, and so | on. This table may contain multiple issue details for a given company.",Daily,Yes,"PK_RKDFndCmpIssDet_1 (clustered) Code, IssueID",12,14
qa_database_schema_lseg_financials_v1_2_6_2024_02_20,QA Database Schema - LSEG Financials v1.2.6 (2024-02-20).pdf,RKDFndCmpOfficer,"Company Officer Information | This table contains company officer details such as name, age, start date, status, and so on.",Daily,N/A,"PK_RKDFndCmpOfficer (clustered) Code, Officerid",14,15
qa_database_schema_lseg_financials_v1_2_6_2024_02_20,QA Database Schema - LSEG Financials v1.2.6 (2024-02-20).pdf,RKDFndCmpOffTitleChg,Company Officer Title History | Use this table to retrieve the title history of a company officer.,Daily,N/A,"PK_RKDFndCmpOffTitleChg (clustered) Code, OfficerID, DesgStartDt",15,16
qa_database_schema_lseg_financials_v1_2_6_2024_02_20,QA Database Schema - LSEG Financials v1.2.6 (2024-02-20).pdf,RKDFndCmpPhone,"Company Phone Numbers | This table contains company phone information, including whether the phone number is a fax or voice number.",Daily,N/A,"PK_RKDFndCmpPhone (clustered) Code, PhTypeCode",16,16
qa_database_schema_lseg_financials_v1_2_6_2024_02_20,QA Database Schema - LSEG Financials v1.2.6 (2024-02-20).pdf,RKDFndCmpWebLink,Company Web Site Addresses | This table contains company Web site address details.,Daily,N/A,"PK_RKDFndCmpWebLink (clustered) Code, URLTypeCode",16,17
qa_database_schema_lseg_financials_v1_2_6_2024_02_20,QA Database Schema - LSEG Financials v1.2.6 (2024-02-20).pdf,RKDFndInfo,"Company Identification Information | Use this table to retrieve identifying company information including name, ticker, CUSIP, ISIN, and SEDOL. This table",Daily,N/A,PK_RKDFndInfo (clustered) Code,17,19
qa_database_schema_lseg_financials_v1_2_6_2024_02_20,QA Database Schema - LSEG Financials v1.2.6 (2024-02-20).pdf,RKDFndCmpInd,Company Industry and Sector | Use this table to retrieve a company’s industry and sector classification codes. | table TxoTypeCode Codes on page 20. | This table describes the TxoTypeCode codes for RKDFndCmpInd.,Daily,N/A,"PK_RKDFndCmpInd (clustered) Code, TxoTypeCode, TxoOrder",19,20
qa_database_schema_lseg_financials_v1_2_6_2024_02_20,QA Database Schema - LSEG Financials v1.2.6 (2024-02-20).pdf,RKDFndCmpRef,"Company Financials Reference | This table contains basic company details such as company status, reporting currency, financials availability, dates,",Daily,N/A,PK_RKDFndCmpRef (clustered) Code,20,23
qa_database_schema_lseg_financials_v1_2_6_2024_02_20,QA Database Schema - LSEG Financials v1.2.6 (2024-02-20).pdf,Output,The presence of a numeric code other than zero indicates that the corresponding content exists. When a zero,,,,23,24
qa_database_schema_lseg_financials_v1_2_6_2024_02_20,QA Database Schema - LSEG Financials v1.2.6 (2024-02-20).pdf,RKDFndCmpRefIssue,"Company Issue-level Identification Information | Use this table to retrieve company issue-level information. This table includes market-level details such as CUSIP,",Daily,N/A,"pkey_RKDFndCmpRefIssue (Clustered) Code, IssueID RKDFndCmpRefIssue_1 IssueCode RKDFndCmpRefIssue_2 Cusip RKDFndCmpRefIssue_3 Sedol RKDFndCmpRefIssue_4 Code, IssueOrder, IssueTypeCode RKDFndCmpRefIssue_5 IssueID RKDFndCmpRefIssue_6 IssueOrder RKDFndCmpRefIssue_7 IssueName",24,27
qa_database_schema_lseg_financials_v1_2_6_2024_02_20,QA Database Schema - LSEG Financials v1.2.6 (2024-02-20).pdf,SysDt,,,,,27,27
qa_database_schema_lseg_financials_v1_2_6_2024_02_20,QA Database Schema - LSEG Financials v1.2.6 (2024-02-20).pdf,StmtLastUpdDt,,,,,27,27
qa_database_schema_lseg_financials_v1_2_6_2024_02_20,QA Database Schema - LSEG Financials v1.2.6 (2024-02-20).pdf,RepAcctStdCode,,,,,27,27
qa_database_schema_lseg_financials_v1_2_6_2024_02_20,QA Database Schema - LSEG Financials v1.2.6 (2024-02-20).pdf,Consolidated,,,,,27,27
qa_database_schema_lseg_financials_v1_2_6_2024_02_20,QA Database Schema - LSEG Financials v1.2.6 (2024-02-20).pdf,STECFlag,,,,,27,27
qa_database_schema_lseg_financials_v1_2_6_2024_02_20,QA Database Schema - LSEG Financials v1.2.6 (2024-02-20).pdf,LicFlag,,,,,27,27
qa_database_schema_lseg_financials_v1_2_6_2024_02_20,QA Database Schema - LSEG Financials v1.2.6 (2024-02-20).pdf,RKDFndStdFinVal,Standardized Financial Values | This table contains standardized financial values for each item listed.,Daily,Yes,"PK_RKDFndStdFinVal_1 (clustered) Code, PerEndDt, PerTypeCode, StmtDt, StmtTypeCode, Item Database Schema for LSEG Financials 28",27,28
qa_database_schema_lseg_financials_v1_2_6_2024_02_20,QA Database Schema - LSEG Financials v1.2.6 (2024-02-20).pdf,RKDFndStdItem,Standardized COA Codes | Use this table to retrieve the standardized description of the COA Codes. This table is shared between the LSEG | Table_ varchar(20) Y Table_ identifies the table where the corresponding value for | represents a table and values are populated in each table listed.,Daily,N/A,PK_RKDFndStdItem_1 (clustered) Item,28,30
qa_database_schema_lseg_financials_v1_2_6_2024_02_20,QA Database Schema - LSEG Financials v1.2.6 (2024-02-20).pdf,RKDFndStdPerFiling,Standardized Period Filings | Use this table to retrieve data on standardized period filings. Period filings are sets of statements that belong to the,Daily,Yes,"PK_RKDFndStdPerFiling (clustered) Code, PerEndDt, PerTypeCode, StmtDt",30,32
qa_database_schema_lseg_financials_v1_2_6_2024_02_20,QA Database Schema - LSEG Financials v1.2.6 (2024-02-20).pdf,RKDFndStdPeriod,Standardized Period Details | This table contains standardized format period data. Use this table to retrieve information such as the period end,Daily,Yes,"PK_RKDFndStdPeriod (clustered) Code, PerEndDt, PerTypeCode",32,33
qa_database_schema_lseg_financials_v1_2_6_2024_02_20,QA Database Schema - LSEG Financials v1.2.6 (2024-02-20).pdf,RKDFndStdStmt,"Standardized Statement Details | This table contains information on standardized format statements. A statement may be an income statement, a",Daily,Yes,"PK_RKDFndStdStmt (clustered) Code, PerEndDt, PerTypeCode, StmtDt,",33,33
qa_database_schema_lseg_financials_v1_2_6_2024_02_20,QA Database Schema - LSEG Financials v1.2.6 (2024-02-20).pdf,StmtTypeCode,,,,,33,37
qa_database_schema_lseg_financials_v1_2_6_2024_02_20,QA Database Schema - LSEG Financials v1.2.6 (2024-02-20).pdf,RKDFndCSFFinVal,Company-Specific Financial Values,Daily,Yes,"PK_RKDFndCSFFinVal (clustered) Code, PerEndDt, PerTypeCode, StmtDt, StmtTypeCode, LineID",37,38
qa_database_schema_lseg_financials_v1_2_6_2024_02_20,QA Database Schema - LSEG Financials v1.2.6 (2024-02-20).pdf,RKDFndCSFItem,"Company-Specific COA Codes | Use this table to retrieve the company-specific description of the COA code. For example, the company-specific code | Table_ varchar(20) Y Table_ indicates the table to which the data corresponds.",Daily,Yes,PK_RKDFndCSFItem_1 (clustered) Item,38,39
qa_database_schema_lseg_financials_v1_2_6_2024_02_20,QA Database Schema - LSEG Financials v1.2.6 (2024-02-20).pdf,RKDFndCSFItemSub,Company-Specific Line Items | Use this table to retrieve company-specific line items at the period and statement level.,Daily,Yes,"PK_RKDFndCSFItemSub (clustered) Code, PerTypeCode, StmtTypeCode, LineID",39,40
qa_database_schema_lseg_financials_v1_2_6_2024_02_20,QA Database Schema - LSEG Financials v1.2.6 (2024-02-20).pdf,RKDFndCSFPerFiling,Company-Specific Period Filings | Use this table to retrieve data on company-specific period filings. Period filings are sets of statements that belong to,Daily,Yes,"PK_RKDFndCSFPerFiling (clustered) Code, PerEndDt, PerTypeCode, StmtDt",40,42
qa_database_schema_lseg_financials_v1_2_6_2024_02_20,QA Database Schema - LSEG Financials v1.2.6 (2024-02-20).pdf,RKDFndCSFPeriod,Company-Specific Periods | This table contains period data in company-specific formats. Use this table to retrieve information such as the period,Daily,Yes,"PK_RKDFndCSFPeriod (clustered) Code, PerEndDt, PerTypeCode",42,43
qa_database_schema_lseg_financials_v1_2_6_2024_02_20,QA Database Schema - LSEG Financials v1.2.6 (2024-02-20).pdf,RKDFndCSFStmt,"Company-Specific Statements | This table contains statement information in company-specific formats. A statement may be an income statement, a",Daily,Yes,"PK_RKDFndCSFStmt (clustered) Code, PerEndDt, PerTypeCode, StmtDt,",43,43
qa_database_schema_lseg_financials_v1_2_6_2024_02_20,QA Database Schema - LSEG Financials v1.2.6 (2024-02-20).pdf,StmtTypeCode,,,,,43,46
qa_database_schema_lseg_financials_v1_2_6_2024_02_20,QA Database Schema - LSEG Financials v1.2.6 (2024-02-20).pdf,RKDFndCRASCSpec,Current Company-Level Calculated Ratios | This table contains company-level calculated ratios. This table only contains current day values.,Daily,Yes,"pkey_RKDFndCRASCSpec (clustered) Code, RasFldNameCode",46,48
qa_database_schema_lseg_financials_v1_2_6_2024_02_20,QA Database Schema - LSEG Financials v1.2.6 (2024-02-20).pdf,RKDFndCRASISpec,Current Issue-Level Calculated Ratios | This table contains issue-level calculated ratios. This table only contains current day values.,Daily,Yes,"pkey_RKDFndCRASISpec (clustered) Code, IssueOrder, RASFldNameCode",48,49
qa_database_schema_lseg_financials_v1_2_6_2024_02_20,QA Database Schema - LSEG Financials v1.2.6 (2024-02-20).pdf,RKDFndCRASPrCurr,Current Pricing and Reporting Currencies | This table provides the company's pricing currency and the exchange rate between pricing currency and the most | recent reporting currency. This table only contains current day values.,Daily,Yes,"pkey_RKDFndCRASPrCurr (clustered) Code, ISOCurCode RKDFndCRASPrCurr_1 Code",49,50
qa_database_schema_lseg_financials_v1_2_6_2024_02_20,QA Database Schema - LSEG Financials v1.2.6 (2024-02-20).pdf,RKDFndBGSeg,Segment Information | This table contains information for business and geographic segments.,Daily,N/A,"PK_RKDFndBGSeg (Clustered) Code, SegID",50,51
qa_database_schema_lseg_financials_v1_2_6_2024_02_20,QA Database Schema - LSEG Financials v1.2.6 (2024-02-20).pdf,RKDFndBGSegData,Segment Details | This table contains detailed information for business and geographic segments.,Daily,N/A,"PK_RKDFndBGSegData (Clustered) Code, PerEndDt, PerTypeCode, StmtDt, SegTypeCode, SegOrder, SegCode",51,52
qa_database_schema_lseg_financials_v1_2_6_2024_02_20,QA Database Schema - LSEG Financials v1.2.6 (2024-02-20).pdf,RKDFndBGSegItem,Segment Item Information | This table contains information for business and geographic segment items. | Table_ varchar(20) Y Table_ identifies the table where the corresponding value for this,Daily,N/A,PK_RKDFndBGSItem (Clustered) Item,52,52
qa_database_schema_lseg_financials_v1_2_6_2024_02_20,QA Database Schema - LSEG Financials v1.2.6 (2024-02-20).pdf,where,represents a table and values are populated in each table listed.,,,,52,52
qa_database_schema_lseg_financials_v1_2_6_2024_02_20,QA Database Schema - LSEG Financials v1.2.6 (2024-02-20).pdf,RKDFndBGSegVal,Segment Value Information | This table contains information for business and geographic segment values.,Daily,N/A,"PK_RKDFndBGSegVal (Clustered) Code, PerEndDt, PerTypeCode, StmtDt, SegTypeCode, SegOrder, Item Database Schema for LSEG Financials 53",52,56
qa_database_schema_lseg_financials_v1_2_6_2024_02_20,QA Database Schema - LSEG Financials v1.2.6 (2024-02-20).pdf,RKDOnDOfficerInfo,This table contains the officers and directors-related information. Information is organized by officer; data for each,Daily,N/A,"pkey_RKDOnDOfficerInfo (Clustered) Code, OfficerID",56,57
qa_database_schema_lseg_financials_v1_2_6_2024_02_20,QA Database Schema - LSEG Financials v1.2.6 (2024-02-20).pdf,RKDOnDPerInfo,"This table contains information such as the person's name, age, date of birth, sex, and certifications.",Daily,N/A,pkey_RKDOnDPerInfo (Clustered) PersonID,57,58
qa_database_schema_lseg_financials_v1_2_6_2024_02_20,QA Database Schema - LSEG Financials v1.2.6 (2024-02-20).pdf,RKDOnDSubmitInfo,"This table provides the submission details of the officer and director-related information. | new source document, it is provided in this table with an",Daily,N/A,"pkey_RKDOnDSubmitInfo (Clustered) Code, OfficerID, PersonID, SubmitSeqNum",58,59
qa_database_schema_lseg_financials_v1_2_6_2024_02_20,QA Database Schema - LSEG Financials v1.2.6 (2024-02-20).pdf,RKDOnDPerEduInfo,This table provides educational details for the individual.,Daily,N/A,"pkey_RKDOnDPerEduInfo (Clustered) Code, DegreeOrder",59,60
qa_database_schema_lseg_financials_v1_2_6_2024_02_20,QA Database Schema - LSEG Financials v1.2.6 (2024-02-20).pdf,RKDOnDBio,This table provides the officer's biography. Information is collected for all companies on the LSEG database where,Daily,N/A,"pkey_RKDOnDBio (Clustered) Code, OfficerID, PersonID",60,60
qa_database_schema_lseg_financials_v1_2_6_2024_02_20,QA Database Schema - LSEG Financials v1.2.6 (2024-02-20).pdf,RKDOnDContactInfo,"This table provides the officer's contact details, including email, messenger address, website, and contact person.",Daily,N/A,"pkey_RKDOnDContactInfo (Clustered) Code, OfficerID, PersonID",60,61
qa_database_schema_lseg_financials_v1_2_6_2024_02_20,QA Database Schema - LSEG Financials v1.2.6 (2024-02-20).pdf,RKDOnDPhoneInfo,"This table provides the officer's phone, fax, and mobile numbers.",Daily,N/A,"pkey_RKDOnDPhoneInfo (Clustered) Code, OfficerID, PersonID, PhoneType",61,62
qa_database_schema_lseg_financials_v1_2_6_2024_02_20,QA Database Schema - LSEG Financials v1.2.6 (2024-02-20).pdf,RKDOnDTitle,,Daily,N/A,"pkey_RKDOnDTitle (Clustered) Code, OfficerID, PersonID, TitleOrder, TitleCode",62,62
qa_database_schema_lseg_financials_v1_2_6_2024_02_20,QA Database Schema - LSEG Financials v1.2.6 (2024-02-20).pdf,RKDOnDTenure,This table provides information on the officer/director's tenure.,Daily,N/A,"pkey_RKDOnDTenure (Clustered) Code, OfficerID, PersonID Database Schema for LSEG Financials 63",62,64
qa_database_schema_lseg_financials_v1_2_6_2024_02_20,QA Database Schema - LSEG Financials v1.2.6 (2024-02-20).pdf,RKDOnDCommtInfo,This table provides information about the officer/director's committee memberships.,Daily,N/A,"pkey_RKDOnDCommtInfo (Clustered) Code, OfficerID, PersonID, CommtCode, SeqNum",64,65
qa_database_schema_lseg_financials_v1_2_6_2024_02_20,QA Database Schema - LSEG Financials v1.2.6 (2024-02-20).pdf,RKDOnDCmpAffln,This table provides information on an officer's corporate affiliations or relationships within companies in the LSEG,Daily,N/A,"pkey_RKDOnDCmpAffln (Clustered) Code, OfficerID, PersonID, AfflnCode, AfflnOfficerId",65,66
qa_database_schema_lseg_financials_v1_2_6_2024_02_20,QA Database Schema - LSEG Financials v1.2.6 (2024-02-20).pdf,RKDOnDSalSubmit,This table provides salary submission details.,Daily,N/A,"pkey_RKDOnDSalSubmit (Clustered) Code, OfficerID, PersonID, SalPerEndDt,",66,66
qa_database_schema_lseg_financials_v1_2_6_2024_02_20,QA Database Schema - LSEG Financials v1.2.6 (2024-02-20).pdf,SubmitSeqNum,,,,,66,67
qa_database_schema_lseg_financials_v1_2_6_2024_02_20,QA Database Schema - LSEG Financials v1.2.6 (2024-02-20).pdf,RKDOnDSTDSalData,This table contains information about the officer's standardized compensation.,Daily,N/A,"pkey_RKDOnDSTDSalData (Clustered) Code, OfficerID, PersonID, SalPerEndDt, COACode",67,67
qa_database_schema_lseg_financials_v1_2_6_2024_02_20,QA Database Schema - LSEG Financials v1.2.6 (2024-02-20).pdf,RKDOnDCSFSalData,This table contains information about the officer's company-specific compensation.,Daily,N/A,"pkey_RKDOnDCSFSalData (Clustered) Code, OfficerID, PersonID, SalPerEndDt, LineItem",67,68
qa_database_schema_lseg_financials_v1_2_6_2024_02_20,QA Database Schema - LSEG Financials v1.2.6 (2024-02-20).pdf,RKDOnDOptionData,This table contains stock options-related information.,Daily,N/A,"pkey_RKDOnDOptionData (Clustered) Code, OfficerID, PersonID, SalPerEndDt, OptionType",68,69
qa_database_schema_lseg_financials_v1_2_6_2024_02_20,QA Database Schema - LSEG Financials v1.2.6 (2024-02-20).pdf,RKDOnDCSFItem,This table defines a LineItem for each StdCOA code that is provided under CSF data.,Daily,N/A,"pkey_RKDOnDCSFItem (Clustered) Code, LineItem",69,69
qa_database_schema_lseg_financials_v1_2_6_2024_02_20,QA Database Schema - LSEG Financials v1.2.6 (2024-02-20).pdf,RKDOnDCertInfo,This table contains the individual's certification details.,Daily,N/A,"pkey_RKDOnDCertInfo (Clustered) PersonID, CertCode",69,70
qa_database_schema_lseg_financials_v1_2_6_2024_02_20,QA Database Schema - LSEG Financials v1.2.6 (2024-02-20).pdf,RKDOnDMLTitle,"This is a multilingual table that provides information on the officer's position (current and former, if applicable) within",Daily,N/A,"pkey_RKDOnDMLTitle (Clustered) Code, OfficerID, PersonID, TitleOrder, TitleCode,",70,70
qa_database_schema_lseg_financials_v1_2_6_2024_02_20,QA Database Schema - LSEG Financials v1.2.6 (2024-02-20).pdf,LangCode,,,,,70,70
qa_database_schema_lseg_financials_v1_2_6_2024_02_20,QA Database Schema - LSEG Financials v1.2.6 (2024-02-20).pdf,RKDOnDMLPerInfo,"This is a multilingual table that contains information such as the person's name, age, date of birth, sex, and",Daily,N/A,"pkey_RKDOnDMLPerInfo (Clustered) PersonID, LangCode Database Schema for LSEG Financials 71",70,71
qa_database_schema_lseg_financials_v1_2_6_2024_02_20,QA Database Schema - LSEG Financials v1.2.6 (2024-02-20).pdf,RKDOnDMLBio,This is a multilingual table that provides the officer's biography. Information is collected for all companies on the,Daily,N/A,"pkey_RKDOnDMLBio (Clustered) Code, OfficerID, PersonID, LangCode Database Schema for LSEG Financials 72",71,72
qa_database_schema_lseg_financials_v1_2_6_2024_02_20,QA Database Schema - LSEG Financials v1.2.6 (2024-02-20).pdf,RKDOnDMLCmpAffln,This is a multilingual table that provides information on an officer's corporate affiliations or relationships within,Daily,N/A,"pkey_RKDOnDMLCmpAffln (Clustered) Code, OfficerID, PersonID, AfflnCode, AfflnOfficerID,",72,72
qa_database_schema_lseg_financials_v1_2_6_2024_02_20,QA Database Schema - LSEG Financials v1.2.6 (2024-02-20).pdf,LangCode,,,,,72,74
qa_database_schema_lseg_financials_v1_2_6_2024_02_20,QA Database Schema - LSEG Financials v1.2.6 (2024-02-20).pdf,RKDSigTopics,,,,,74,74
qa_database_schema_lseg_financials_v1_2_6_2024_02_20,QA Database Schema - LSEG Financials v1.2.6 (2024-02-20).pdf,RKDCmpSigDev,This table provides company-level details for the particular RepNo. It also contains a description for the significant,Daily,N/A,"Pkey_RKDCmpSigDev (Clustered) Code, DevID",74,75
qa_database_schema_lseg_financials_v1_2_6_2024_02_20,QA Database Schema - LSEG Financials v1.2.6 (2024-02-20).pdf,RKDSigTopics,"This table contains details about the parent topic, field, and sub-field that the description corresponds to.",Daily,N/A,"pkey_RKDSigTopics (Clustered) Code, DevID, MapID",75,76
qa_database_schema_lseg_financials_v1_2_6_2024_02_20,QA Database Schema - LSEG Financials v1.2.6 (2024-02-20).pdf,RKDSigTopicMap,"This table provides the details for mapping between the parent, topic, field, and sub-field codes.",Daily,N/A,pkey_RKDSigTopicMap (Clustered) MapID,76,77
qa_database_schema_lseg_financials_v1_2_6_2024_02_20,QA Database Schema - LSEG Financials v1.2.6 (2024-02-20).pdf,RKDFndSplitHist,This table contains the history of stock splits associated with the company.,Daily,N/A,"pkey_RKDFndSplitHist (Clustered) IssueCode, StartDate",77,78
qa_database_schema_lseg_financials_v1_2_6_2024_02_20,QA Database Schema - LSEG Financials v1.2.6 (2024-02-20).pdf,RKDCmpInfo,This table provides company-level information.,Daily,N/A,pkey_RKDCmpInfo (Clustered) Code,78,80
qa_database_schema_lseg_financials_v1_2_6_2024_02_20,QA Database Schema - LSEG Financials v1.2.6 (2024-02-20).pdf,RKDMCPeriod,This table provides the filing details from which the customer details were retrieved.,Daily,N/A,"pkey_RKDMCPeriod (Clustered) Code, PerTypeCode, FisYear, PerEndDt, UpdTypeCode, SeqNum Database Schema for LSEG Financials 81",80,82
qa_database_schema_lseg_financials_v1_2_6_2024_02_20,QA Database Schema - LSEG Financials v1.2.6 (2024-02-20).pdf,RKDMajCustInfo,This table contains major customer details.,Daily,N/A,"pkey_RKDMajCustInfo (Clustered) Code, PerTypeCode, FisYear, PerEndDt, UpdTypeCode, CustOrderNo, SeqNum",82,84
qa_database_schema_lseg_financials_v1_2_6_2024_02_20,QA Database Schema - LSEG Financials v1.2.6 (2024-02-20).pdf,RKDCompetitorInfo,This table provides information about a company's competitors.,Daily,N/A,"pkey_RKDCompetitorInfo (Clustered) Code, ComptOrder",84,86
qa_database_schema_lseg_financials_v1_2_6_2024_02_20,QA Database Schema - LSEG Financials v1.2.6 (2024-02-20).pdf,RKDTxoInfo,This table contains information about a company's LSEG-assigned industry and sector classifications.,Daily,N/A,"pkey_RKDTxoInfo (Clustered) Code, TxoTypeCode",86,87
qa_database_schema_lseg_financials_v1_2_6_2024_02_20,QA Database Schema - LSEG Financials v1.2.6 (2024-02-20).pdf,RKDIndDesc,"This table contains the long business description for a company. | Lookup table data is divided according to whether the referenced code is integer-based or character-based. | In some cases, you may need to translate data between the tables. For example, for the table RKDFndCmpRef, | common currency name. In both cases the referenced code maps to the same lookup table value, which for currency",Daily,N/A,pkey_RKDIndDesc (Clustered) Code,87,88
qa_database_schema_lseg_financials_v1_2_6_2024_02_20,QA Database Schema - LSEG Financials v1.2.6 (2024-02-20).pdf,RKDFndCode,Integer Codes | Use this table to retrieve integer-based codes.,Daily,N/A,"Pkey_RKDFndCode (clustered) Type_, Code",88,89
qa_database_schema_lseg_financials_v1_2_6_2024_02_20,QA Database Schema - LSEG Financials v1.2.6 (2024-02-20).pdf,RKDFndDesc,Character Codes | Use this table to retrieve character-based codes.,Daily,N/A,"Pkey_RKDFndDesc (clustered) Type_, Code",89,90
qa_database_schema_lseg_financials_v1_2_6_2024_02_20,QA Database Schema - LSEG Financials v1.2.6 (2024-02-20).pdf,RKDPIT2FndCmpData,"Historical Company Details | This table contains a historical view of the data provided in RKDPIT2FndCmpRef, including basic company details",Daily,No,"Pkey_RKDPIT2FndCmpData (clustered) Code, PointStartDt, Item Database Schema for LSEG Financials 91",90,91
qa_database_schema_lseg_financials_v1_2_6_2024_02_20,QA Database Schema - LSEG Financials v1.2.6 (2024-02-20).pdf,RKDPIT2FndCmpIssData,"PIT Historical Company Issue Details | This table contains a historical view of the data provided in RKDPIT2FndCmpRefIss, including market-level details",Daily,No,"Pkey_RKDPIT2FndCmpIssData (clustered) Code, IssueID, PointStartDt, Item",91,92
qa_database_schema_lseg_financials_v1_2_6_2024_02_20,QA Database Schema - LSEG Financials v1.2.6 (2024-02-20).pdf,RKDPIT2FndCmpRef,"Company Details | Use this table to retrieve basic company details such as company status, reporting currency, financials availability, | dates, and auditors. This table also contains information about the type of balance sheet, COA type, and cash flow",Daily,No,Pkey_RKDPIT2FndCmpRef (clustered) Code,92,94
qa_database_schema_lseg_financials_v1_2_6_2024_02_20,QA Database Schema - LSEG Financials v1.2.6 (2024-02-20).pdf,RKDPIT2FndCmpRefIss,Company Issue Information | Use this table to retrieve issue-level information for a company. This table contains market-level details such as,Daily,No,"pkey_RKDPIT2FndCmpRefIss (clustered) Code, IssueID",94,97
qa_database_schema_lseg_financials_v1_2_6_2024_02_20,QA Database Schema - LSEG Financials v1.2.6 (2024-02-20).pdf,RKDPIT2FndExchRate,PIT Exchange rates | Note: This table was discontinued on 05 August 2016 and is no longer updated by LSEG. | This table contains exchange rates.,Daily,No,"pkey_RKDPIT2FndExchRate (clustered) ISOCurrToCode, ISOCurrFromCode, Date_",97,98
qa_database_schema_lseg_financials_v1_2_6_2024_02_20,QA Database Schema - LSEG Financials v1.2.6 (2024-02-20).pdf,RKDPIT2FndPrc,PIT Monthly Pricing Data | Use this table to retrieve monthly pricing data.,Daily,No,"RKDPITPrc_PK (clustered) IssueID, PrcEndDt, Code",98,100
qa_database_schema_lseg_financials_v1_2_6_2024_02_20,QA Database Schema - LSEG Financials v1.2.6 (2024-02-20).pdf,RKDPIT2FndStdFinVal,PIT Standardized Financial Values | Use this table to retrieve standardized financial values for each of the COA codes. | ItemFlgCode is a field in the RKDPIT2FndStdFinVal table (page 100). Use ItemFlgCode to determine whether,Daily,No,"pkey_RKDPIT2FndStdFinVal (clustered) Code, PerTypeCode, PointDt, PerEndDt, Item Database Schema for LSEG Financials 101",100,102
qa_database_schema_lseg_financials_v1_2_6_2024_02_20,QA Database Schema - LSEG Financials v1.2.6 (2024-02-20).pdf,RKDPIT2FndStdPeriod,PIT Standardized Period Filings | This table contains standardized format period filing information.,Daily,No,"pkey_RKDPIT2FndStdPeriod (clustered) Code, PerTypeCode, PointDt, PerEndDt",102,103
qa_database_schema_lseg_financials_v1_2_6_2024_02_20,QA Database Schema - LSEG Financials v1.2.6 (2024-02-20).pdf,RKDPIT2FndStdPrdDt,"PIT Standardized Period Dates | Use this table to retrieve fiscal period, calendar year, and preliminary or final dates for a financial statement.",Daily,No,"pkey_RKDPIT2FndStdPrdDt (clustered) Code, PerTypeCode, PerEndDt, CalPeriod",103,104
qa_database_schema_lseg_financials_v1_2_6_2024_02_20,QA Database Schema - LSEG Financials v1.2.6 (2024-02-20).pdf,RKDPIT2FndStdStmt,"PIT Standardized Statement Details | This table contains details about financial statements including header details, source details, and so on.",Daily,No,"pkey_RKDPIT2FndStdStmt (clustered) Code, PerTypeCode, StmtTypeCode, PointDt,",104,104
qa_database_schema_lseg_financials_v1_2_6_2024_02_20,QA Database Schema - LSEG Financials v1.2.6 (2024-02-20).pdf,PerEndDt,,,,,104,108
qa_database_schema_lseg_indices_v1_0_3_2022_05_10,QA Database Schema - LSEG Indices v1.0.3 (2022-05-10).pdf,IdxTRChg,Index Change History | This table contains the history related to changes in static values for a particular index.,Daily,N/A,"pkey_IdxTRChg (Clustered) IdxCode, StartDate",6,7
qa_database_schema_lseg_indices_v1_0_3_2022_05_10,QA Database Schema - LSEG Indices v1.0.3 (2022-05-10).pdf,IdxTRCode,Numeric Codes | This table contains descriptions of numeric codes.,Daily,N/A,"pkey_IdxTRCode (Clustered) Type_, Code",7,7
qa_database_schema_lseg_indices_v1_0_3_2022_05_10,QA Database Schema - LSEG Indices v1.0.3 (2022-05-10).pdf,IdxTRConst,Index Compositions and Constituents | This table contains information about index compositions and constituents.,Daily,N/A,"pkey_IdxTRConst (Clustered) IdxCode, SecCode, StartDate",7,7
qa_database_schema_lseg_indices_v1_0_3_2022_05_10,QA Database Schema - LSEG Indices v1.0.3 (2022-05-10).pdf,IdxTRDesc,Character Code Descriptions | This table contains descriptions of character codes.,Daily,N/A,"pkey_IdxTRDesc (Clustered) Type_, Code",7,8
qa_database_schema_lseg_indices_v1_0_3_2022_05_10,QA Database Schema - LSEG Indices v1.0.3 (2022-05-10).pdf,IdxTRFxRate,Index Forex Rate | This table contains information about the foreign exchange rate (security currency rate in index currency).,Daily,N/A,"pkey_IdxTRFxRate (Clustered) CrossRate, CtryRegCode, Date_",8,8
qa_database_schema_lseg_indices_v1_0_3_2022_05_10,QA Database Schema - LSEG Indices v1.0.3 (2022-05-10).pdf,IdxTRInfo,Index Static Values | This table contains information about static values for a particular index.,Daily,N/A,"pkey_IdxTRInfo (Clustered) IdxCode IdxTRInfo_1 CtryRegCode, RetTypeCode IdxTRInfo_2 RetTypeCode IdxTRInfo_3 RIC",8,9
qa_database_schema_lseg_indices_v1_0_3_2022_05_10,QA Database Schema - LSEG Indices v1.0.3 (2022-05-10).pdf,IdxTRItem,Data Item Descriptions | This table contains descriptive information about data items. These data items are coded to an integer that is | TableName varchar(20) Y TableName contains the data table item.,Daily,N/A,pkey_IdxTRItem (Clustered) Item,9,9
qa_database_schema_lseg_indices_v1_0_3_2022_05_10,QA Database Schema - LSEG Indices v1.0.3 (2022-05-10).pdf,IdxTRSecChg,"Security Static Value Change History | This table contains the history related to changes in static values (for example, identifiers) for a security that is",Daily,N/A,"pkey_IdxTRSecChg (Clustered) SecCode, StartDate",9,10
qa_database_schema_lseg_indices_v1_0_3_2022_05_10,QA Database Schema - LSEG Indices v1.0.3 (2022-05-10).pdf,IdxTRSecCls,Security Classification | This table contains TRBC classification information for a security that is part of the LSEG Index group.,Daily,N/A,"pkey_IdxTRSecCls (Clustered) SecCode, StartDate",10,10
qa_database_schema_lseg_indices_v1_0_3_2022_05_10,QA Database Schema - LSEG Indices v1.0.3 (2022-05-10).pdf,IdxTRSecInfo,"Security Static Value Information | This table describes the static values (for example, identifiers) for a security that is part of the LSEG Index group.",Daily,N/A,pkey_IdxTRSecInfo (Clustered) SecCode IdxTRSecInfo_1 Ticker IdxTRSecInfo_2 SecName IdxTRSecInfo_3 CtryCode,10,11
qa_database_schema_lseg_indices_v1_0_3_2022_05_10,QA Database Schema - LSEG Indices v1.0.3 (2022-05-10).pdf,IdxTRSecMktID,Security Identifier Information | This table describes the values of various identifiers for a security that is part of the LSEG Index group. | Refer to the item field in the IdxTRItem table for a complete list of codes.,Daily,N/A,"pkey_IdxTRSecMktID (Clustered) SecCode, Item, StartDate",11,11
qa_database_schema_lseg_indices_v1_0_3_2022_05_10,QA Database Schema - LSEG Indices v1.0.3 (2022-05-10).pdf,IdxTRSecShares,Security Shares Information | This table contains shares information for securities.,Daily,No,"pkey_IdxTRSecShares (Clustered) SecCode, StartDate",11,12
qa_database_schema_lseg_indices_v1_0_3_2022_05_10,QA Database Schema - LSEG Indices v1.0.3 (2022-05-10).pdf,IdxTRSecSharesOpen,"Security SharesOpen Information | This table contains shares information for securities, as of the start of the following day.",Daily,No,"pkey_IdxTRSecSharesOpen (Clustered) SecCode, StartDate",12,12
qa_database_schema_lseg_indices_v1_0_3_2022_05_10,QA Database Schema - LSEG Indices v1.0.3 (2022-05-10).pdf,IdxTRSecVal,"Security Value Information | This table contains information about the value of a security (for example, price).",Daily,No,"pkey_IdxTRSecVal (Clustered) SecCode, Date_ le Description",12,12
qa_database_schema_lseg_indices_v1_0_3_2022_05_10,QA Database Schema - LSEG Indices v1.0.3 (2022-05-10).pdf,IdxTRVal,Index Value and Market Cap Data | This table contains the index value and the market cap data for an index.,Daily,N/A,"pkey_IdxTRVal (Clustered) IdxCode, Date_",12,14
qa_database_schema_marketpsych_analytics_v1_0_4_2025_12_09,QA Database Schema - MarketPsych Analytics v1.0.4 (2025-12-09).pdf,MPICmpInfo,This table contains company level information.,Daily Adjusted: N/A,,pkey_MPICmpInfo (clustered) OrgPermID,8,8
qa_database_schema_marketpsych_analytics_v1_0_4_2025_12_09,QA Database Schema - MarketPsych Analytics v1.0.4 (2025-12-09).pdf,MPICmpGrpInfo,This table contains company groups' assets information.,Daily Adjusted: N/A,,pkey_MPICmpGrpInfo (clustered) AstId,8,9
qa_database_schema_marketpsych_analytics_v1_0_4_2025_12_09,QA Database Schema - MarketPsych Analytics v1.0.4 (2025-12-09).pdf,MPICurInfo,This table contains currencies' assets information.,Daily,N/A,pkey_MPICurInfo (clustered) AstId,9,9
qa_database_schema_marketpsych_analytics_v1_0_4_2025_12_09,QA Database Schema - MarketPsych Analytics v1.0.4 (2025-12-09).pdf,MPICmdtyInfo,This table contains commodities' (agricultural and energy and material) assets information.,Daily,N/A,pkey_MPICmdtyInfo (clustered) AstId,9,9
qa_database_schema_marketpsych_analytics_v1_0_4_2025_12_09,QA Database Schema - MarketPsych Analytics v1.0.4 (2025-12-09).pdf,MPICntryInfo,This table contains countries' assets information.,Daily,N/A,pkey_MPICntryInfo (clustered) AstId,9,10
qa_database_schema_marketpsych_analytics_v1_0_4_2025_12_09,QA Database Schema - MarketPsych Analytics v1.0.4 (2025-12-09).pdf,MPICntryMrktInfo,This table contains country markets' assets information.,Daily,N/A,pkey_MPICntryMrktInfo (clustered) AstId,10,10
qa_database_schema_marketpsych_analytics_v1_0_4_2025_12_09,QA Database Schema - MarketPsych Analytics v1.0.4 (2025-12-09).pdf,MPICmpStatus,This table contains the changes to company tracking status.,Monthly,N/A,"pkey_MPICmpStatus (clustered) OrgPermID, Date_",10,10
qa_database_schema_marketpsych_analytics_v1_0_4_2025_12_09,QA Database Schema - MarketPsych Analytics v1.0.4 (2025-12-09).pdf,MPICmpAmerData,This table contains index scores for the company asset class in the AMER region. The index scores comprise of,Daily,N/A,"pkey_MPICmpAmerData (clustered) OrgPermId, DataType, Date_, WindowHour",10,12
qa_database_schema_marketpsych_analytics_v1_0_4_2025_12_09,QA Database Schema - MarketPsych Analytics v1.0.4 (2025-12-09).pdf,MPICmpApacData,This table contains index scores for the company asset class in the APAC region. The index scores comprise of,Daily Adjusted: N/A,,"pkey_MPICmpApacData (clustered) OrgPermId, DataType, Date_, WindowHour",12,14
qa_database_schema_marketpsych_analytics_v1_0_4_2025_12_09,QA Database Schema - MarketPsych Analytics v1.0.4 (2025-12-09).pdf,MPICmpEmeaData,This table contains index scores for the company asset class in the EMEA region. The index scores comprise of,Daily Adjusted: N/A,,"pkey_MPICmpEmeaData (clustered) OrgPermId, DataType, Date_, WindowHour",14,15
qa_database_schema_marketpsych_analytics_v1_0_4_2025_12_09,QA Database Schema - MarketPsych Analytics v1.0.4 (2025-12-09).pdf,MPICmpGrpData,This table contains index scores for the company groups asset class. The index scores comprise of emotional,Daily Adjusted: N/A,,"pkey_MPICmpGrpData (clustered) AstId, DataType, Date_, WindowHour",15,17
qa_database_schema_marketpsych_analytics_v1_0_4_2025_12_09,QA Database Schema - MarketPsych Analytics v1.0.4 (2025-12-09).pdf,MPICurData,This table contains index scores for the currencies asset class. The index scores comprise of emotional,Daily Adjusted: N/A,,"pkey_MPICurData (clustered) AstId, DataType, Date_, WindowHour",17,18
qa_database_schema_marketpsych_analytics_v1_0_4_2025_12_09,QA Database Schema - MarketPsych Analytics v1.0.4 (2025-12-09).pdf,MPIAgrCmdtyData,This table contains index scores for the agricultural commodities asset class. The index scores comprise of,Daily,N/A,"pkey_MPIAgrCmdtyData (clustered) AstId, DataType, Date_, WindowHour",18,20
qa_database_schema_marketpsych_analytics_v1_0_4_2025_12_09,QA Database Schema - MarketPsych Analytics v1.0.4 (2025-12-09).pdf,MPIEnmCmdtyData,This table contains index scores for the energy and material commodities asset class. The index scores comprise,Daily Adjusted: N/A,,"pkey_MPIEnmCmdtyData (clustered) AstId, DataType, Date_, WindowHour",20,21
qa_database_schema_marketpsych_analytics_v1_0_4_2025_12_09,QA Database Schema - MarketPsych Analytics v1.0.4 (2025-12-09).pdf,MPICntryData,"This table contains indices data for the countries asset class. The index scores comprise of emotional indicators,",Daily Adjusted: N/A,,"pkey_MPICntryData (clustered) AstId, DataType, Date_, WindowHour",21,24
qa_database_schema_marketpsych_analytics_v1_0_4_2025_12_09,QA Database Schema - MarketPsych Analytics v1.0.4 (2025-12-09).pdf,MPICntryMrktData,This table contains index scores for the country markets asset class. The index scores comprise of emotional,Daily,N/A,"pkey_MPICntryMrktData (clustered) AstId, DataType, Date_, WindowHour",24,25
qa_database_schema_marketpsych_analytics_v1_0_4_2025_12_09,QA Database Schema - MarketPsych Analytics v1.0.4 (2025-12-09).pdf,MPICode,This table contains descriptions for the integer codes.,Daily,N/A,"pkey_MPICode (clustered) Type_, Code",25,25
qa_database_schema_marketpsych_analytics_v1_0_4_2025_12_09,QA Database Schema - MarketPsych Analytics v1.0.4 (2025-12-09).pdf,MPIDesc,This table contains descriptions for the character codes.,Daily,N/A,"pkey_MPIDesc (clustered) Type_, Code",25,27
qa_database_schema_msci_v1_0_5_2023_05_05,QA Database Schema - MSCI v1.0.5 (2023-05-05).pdf,MS2IdxConstDly,"Daily MSCI Index Constituents | This table contains daily MSCI index constituents data. | Unless you are licensed for MSCI Deep History, the data in this table is purged on a 13-month rolling basis.",Daily,N/A,"pkey_MS2IdxConstDly (Clustered) MSCICode, SecID, StartDate",9,9
qa_database_schema_msci_v1_0_5_2023_05_05,QA Database Schema - MSCI v1.0.5 (2023-05-05).pdf,MS2IdxConstMth,"Monthly MSCI Index Constituents | This table contains monthly MSCI index constituents data. | Unless you are licensed for MSCI Deep History, the data in this table is purged on a 7-year rolling basis.",Monthly,N/A,"pkey_MS2IdxConstMth (Clustered) MSCICode, SecID, StartDate",9,10
qa_database_schema_msci_v1_0_5_2023_05_05,QA Database Schema - MSCI v1.0.5 (2023-05-05).pdf,MS2IdxD,"MSCI Index Date Data | This table contains daily MSCI index date data that changes infrequently. | Unless you are licensed for MSCI Deep History, the data in this table is purged on a 13-month rolling basis.",Daily,N/A,"pkey_MS2IdxD (Clustered) StartDate, MSCICode, Item",10,11
qa_database_schema_msci_v1_0_5_2023_05_05,QA Database Schema - MSCI v1.0.5 (2023-05-05).pdf,MS2IdxDDly,"Daily MSCI Index Date Data | This table is reserved for future use. See Empty Tables on page 6 for details. | This table contains daily MSCI index date data. | Unless you are licensed for MSCI Deep History, the data in this table is purged on a 13-month rolling basis.",Daily,N/A,"pkey_MS2IdxDDly (Clustered) Date_, MSCICode, Item",11,11
qa_database_schema_msci_v1_0_5_2023_05_05,QA Database Schema - MSCI v1.0.5 (2023-05-05).pdf,MS2IdxDMth,"Monthly MSCI Index Date Data | This table contains monthly MSCI index date data. | Unless you are licensed for MSCI Deep History, the data in this table is purged on a 7-year rolling basis.",Monthly,N/A,"pkey_MS2IdxDMth (Clustered) Date_, MSCICode, Item",11,12
qa_database_schema_msci_v1_0_5_2023_05_05,QA Database Schema - MSCI v1.0.5 (2023-05-05).pdf,MS2IdxF,"MSCI Index Float Data | This table contains daily MSCI index float data that changes infrequently. | Unless you are licensed for MSCI Deep History, the data in this table is purged on a 13-month rolling basis.",Daily,N/A,"pkey_MS2IdxF (Clustered) StartDate, MSCICode, Item",12,12
qa_database_schema_msci_v1_0_5_2023_05_05,QA Database Schema - MSCI v1.0.5 (2023-05-05).pdf,MS2IdxFDly,"Daily MSCI Index Float Data | This table contains daily MSCI index float data. | Unless you are licensed for MSCI Deep History, the data in this table is purged on a 13-month rolling basis.",Daily,N/A,"pkey_MS2IdxFDly (Clustered) Date_, MSCICode, Item",12,13
qa_database_schema_msci_v1_0_5_2023_05_05,QA Database Schema - MSCI v1.0.5 (2023-05-05).pdf,MS2IdxFMth,"Monthly MSCI Index Float Data | This table contains monthly MSCI index float data. | Unless you are licensed for MSCI Deep History, the data in this table is purged on a 7-year rolling basis.",Monthly,N/A,"pkey_MS2IdxFMth (Clustered) Date_, MSCICode, Item",13,13
qa_database_schema_msci_v1_0_5_2023_05_05,QA Database Schema - MSCI v1.0.5 (2023-05-05).pdf,MS2IdxI,"MSCI Index Integer Data | This table contains daily MSCI index integer data that changes infrequently. | Unless you are licensed for MSCI Deep History, the data in this table is purged on a 13-month rolling basis.",Daily,N/A,"pkey_MS2IdxI (Clustered) StartDate, MSCICode, Item",13,14
qa_database_schema_msci_v1_0_5_2023_05_05,QA Database Schema - MSCI v1.0.5 (2023-05-05).pdf,MS2IdxIDly,"Daily MSCI Index Integer Data | This table is reserved for future use. See Empty Tables on page 6 for details. | This table contains daily MSCI index integer data. | Unless you are licensed for MSCI Deep History, the data in this table is purged on a 13-month rolling basis.",Daily,N/A,"pkey_MS2IdxIDly (Clustered) Date_, MSCICode, Item",14,14
qa_database_schema_msci_v1_0_5_2023_05_05,QA Database Schema - MSCI v1.0.5 (2023-05-05).pdf,MS2IdxIMth,"Monthly MSCI Index Integer Data | This table contains monthly MSCI index integer data. | Unless you are licensed for MSCI Deep History, the data in this table is purged on a 7-year rolling basis.",Monthly,N/A,"pkey_MS2IdxIMth (Clustered) Date_, MSCICode, Item",14,15
qa_database_schema_msci_v1_0_5_2023_05_05,QA Database Schema - MSCI v1.0.5 (2023-05-05).pdf,MS2IdxInfo,"Current MSCI Index Information | This table contains MSCI index information. | Unless you are licensed for MSCI Deep History, the data in this table is purged on a 13-month rolling basis.",Daily,N/A,pkey_MS2IdxInfo (Clustered) MSCICode,15,15
qa_database_schema_msci_v1_0_5_2023_05_05,QA Database Schema - MSCI v1.0.5 (2023-05-05).pdf,MS2IdxInfoChg,"Historical MSCI Index Information | This table contains a timeseries of current and historical MSCI index information. | Unless you are licensed for MSCI Deep History, the data in this table is purged on a 13-month rolling basis.",Daily,N/A,"pkey_MS2IdxInfoChg (Clustered) MSCICode, StartDate",15,16
qa_database_schema_msci_v1_0_5_2023_05_05,QA Database Schema - MSCI v1.0.5 (2023-05-05).pdf,MS2IdxS,"MSCI Index Varchar Data | This table contains daily MSCI index varchar data that changes infrequently. | Unless you are licensed for MSCI Deep History, the data in this table is purged on a 13-month rolling basis.",Daily,N/A,"pkey_MS2IdxS (Clustered) StartDate, MSCICode, Item",16,16
qa_database_schema_msci_v1_0_5_2023_05_05,QA Database Schema - MSCI v1.0.5 (2023-05-05).pdf,MS2IdxSDly,Daily MSCI Index Varchar Data | This table is reserved for future use. See Empty Tables on page 6 for details. | This table contains daily MSCI index varchar data.,Daily,N/A,"pkey_MS2IdxSDly (Clustered) Date_, MSCICode, Item",16,17
qa_database_schema_msci_v1_0_5_2023_05_05,QA Database Schema - MSCI v1.0.5 (2023-05-05).pdf,MS2IdxSMth,"Monthly MSCI Index Varchar Data | This table contains monthly MSCI index varchar data. | Unless you are licensed for MSCI Deep History, the data in this table is purged on a 7-year rolling basis.",Monthly,N/A,"pkey_MS2IdxSMth (Clustered) Date_, MSCICode, Item",17,20
qa_database_schema_msci_v1_0_5_2023_05_05,QA Database Schema - MSCI v1.0.5 (2023-05-05).pdf,MS2SecAdvDiv,"MSCI Advance Dividends | This table contains MSCI advance dividends data. | This table is populated going forward from 2011. | Unless you are licensed for MSCI Deep History, the data in this table is purged on a 13-month rolling basis.",Daily,N/A,"pkey_MS2SecAdvDiv (Clustered) SecID, IdxFam, Date_, DivCode",20,21
qa_database_schema_msci_v1_0_5_2023_05_05,QA Database Schema - MSCI v1.0.5 (2023-05-05).pdf,MS2SecCu,"MSCI Security CUSIP Information | This table contains MSCI security CUSIP information. | Unless you are licensed for MSCI Deep History, the data in this table is purged on a 13-month rolling basis.",Daily,N/A,"pkey_MS2SecCu (Clustered) SecID, StartDate",21,22
qa_database_schema_msci_v1_0_5_2023_05_05,QA Database Schema - MSCI v1.0.5 (2023-05-05).pdf,MS2SecD,MSCI Security Date Data | This table is reserved for future use. See Empty Tables on page 6 for details. | This table contains daily MSCI security date data that changes infrequently.,Daily,N/A,"pkey_MS2SecD (Clustered) StartDate, SecID, Item",22,22
qa_database_schema_msci_v1_0_5_2023_05_05,QA Database Schema - MSCI v1.0.5 (2023-05-05).pdf,MS2SecDACE,MSCI Security Advanced Corporate Event Date Data | This table contains daily MSCI security advanced corporate event date data that changes infrequently. | This table is reserved for future use. See Empty Tables on page 6 for details.,Daily,N/A,"pkey_MS2SecDACE (Clustered) SecID, Item, EventId, Seq",22,23
qa_database_schema_msci_v1_0_5_2023_05_05,QA Database Schema - MSCI v1.0.5 (2023-05-05).pdf,MS2SecDDly,Daily MSCI Security Date Data | This table is reserved for future use. See Empty Tables on page 6 for details. | This table contains daily MSCI security date data.,Daily,N/A,"pkey_MS2SecDDly (Clustered) Date_, SecID, Item",23,23
qa_database_schema_msci_v1_0_5_2023_05_05,QA Database Schema - MSCI v1.0.5 (2023-05-05).pdf,MS2SecDMth,"Monthly MSCI Security Date Data | This table contains monthly MSCI security date data. | Unless you are licensed for MSCI Deep History, the data in this table is purged on a 7-year rolling basis.",Monthly,N/A,"pkey_MS2SecDMth (Clustered) Date_, SecID, Item",23,24
qa_database_schema_msci_v1_0_5_2023_05_05,QA Database Schema - MSCI v1.0.5 (2023-05-05).pdf,MS2SecDivDly,"Daily MSCI Security Dividends Data | This table contains daily MSCI security dividends data. | Unless you are licensed for MSCI Deep History, the data in this table is purged on a 13-month rolling basis.",Daily,N/A,"pkey_MS2SecDivDly (Clustered) SecID, IdxFam, Date_, DivCode",24,25
qa_database_schema_msci_v1_0_5_2023_05_05,QA Database Schema - MSCI v1.0.5 (2023-05-05).pdf,MS2SecDivMth,Monthly MSCI Security Dividends | This table is reserved for future use. See Empty Tables on page 6 for details. | This table contains monthly MSCI security dividends data.,Monthly,N/A,"pkey_MS2SecDivMth (Clustered) SecID, IdxFam, Date_, DivCode",25,26
qa_database_schema_msci_v1_0_5_2023_05_05,QA Database Schema - MSCI v1.0.5 (2023-05-05).pdf,MS2SecF,"MSCI Security Float Data | This table contains daily MSCI security float data that changes infrequently. | Unless you are licensed for MSCI Deep History, the data in this table is purged on a 13-month rolling basis.",Daily,N/A,"pkey_MS2SecF (Clustered) StartDate, SecID, Item",26,26
qa_database_schema_msci_v1_0_5_2023_05_05,QA Database Schema - MSCI v1.0.5 (2023-05-05).pdf,MS2SecFACE,"MSCI Security Advanced Corporate Event Float Data | This table contains daily MSCI security advanced corporate event float data that changes infrequently. | This table is populated going forward from 2011. | Unless you are licensed for MSCI Deep History, the data in this table is purged on a 13-month rolling basis.",Daily,N/A,"pkey_MS2SecFACE (Clustered) SecID, Item, EventId, Seq",26,27
qa_database_schema_msci_v1_0_5_2023_05_05,QA Database Schema - MSCI v1.0.5 (2023-05-05).pdf,MS2SecFDly,"Daily MSCI Security Float Data | This table contains daily MSCI security float data. | Unless you are licensed for MSCI Deep History, the data in this table is purged on a 13-month rolling basis.",Daily Adjusted: N/A,,"pkey_MS2SecFDly (Clustered) Date_, SecID, Item",27,27
qa_database_schema_msci_v1_0_5_2023_05_05,QA Database Schema - MSCI v1.0.5 (2023-05-05).pdf,MS2SecFMth,"Monthly MSCI Security Float Data | This table contains monthly MSCI security float data. | Unless you are licensed for MSCI Deep History, the data in this table is purged on a 7-year rolling basis.",Monthly,N/A,"pkey_MS2SecFMth (Clustered) Date_, SecID, Item",27,28
qa_database_schema_msci_v1_0_5_2023_05_05,QA Database Schema - MSCI v1.0.5 (2023-05-05).pdf,MS2SecI,"MSCI Security Integer Data | This table contains daily MSCI security integer data that changes infrequently. | Unless you are licensed for MSCI Deep History, the data in this table is purged on a 13-month rolling basis.",Daily,N/A,"pkey_MS2SecI (Clustered) StartDate, SecID, Item",28,28
qa_database_schema_msci_v1_0_5_2023_05_05,QA Database Schema - MSCI v1.0.5 (2023-05-05).pdf,MS2SecIACE,"MSCI Security Advanced Corporate Event Integer Data | This table contains daily MSCI security advanced corporate event integer data that changes infrequently. | This table is populated going forward from 2011. | Unless you are licensed for MSCI Deep History, the data in this table is purged on a 13-month rolling basis.",Daily,N/A,"pkey_MS2SecIACE (Clustered) SecID, Item, EventId, Seq",28,29
qa_database_schema_msci_v1_0_5_2023_05_05,QA Database Schema - MSCI v1.0.5 (2023-05-05).pdf,MS2SecIDly,Daily MSCI Security Integer Data | This table is reserved for future use. See Empty Tables on page 6 for details. | This table contains daily MSCI security integer data.,Daily,N/A,"pkey_MS2SecIDly (Clustered) Date_, SecID, Item",29,29
qa_database_schema_msci_v1_0_5_2023_05_05,QA Database Schema - MSCI v1.0.5 (2023-05-05).pdf,MS2SecIMth,"Monthly MSCI Security Integer Data | This table contains monthly MSCI security integer data. | Unless you are licensed for MSCI Deep History, the data in this table is purged on a 7-year rolling basis.",Monthly,N/A,"pkey_MS2SecIMth (Clustered) Date_, SecID, Item",29,30
qa_database_schema_msci_v1_0_5_2023_05_05,QA Database Schema - MSCI v1.0.5 (2023-05-05).pdf,MS2SecInfo,"MSCI Security Information | This table contains MSCI security information. | Unless you are licensed for MSCI Deep History, the data in this table is purged on a 13-month rolling basis.",Daily,N/A,pkey_MS2SecInfo (Clustered) SecID,30,31
qa_database_schema_msci_v1_0_5_2023_05_05,QA Database Schema - MSCI v1.0.5 (2023-05-05).pdf,MS2SecInfoChg,"MSCI Security Information Change History | This table contains MSCI security information change history. | Unless you are licensed for MSCI Deep History, the data in this table is purged on a 13-month rolling basis.",Daily,N/A,"pkey_MS2SecInfoChg (Clustered) SecID, StartDate",31,31
qa_database_schema_msci_v1_0_5_2023_05_05,QA Database Schema - MSCI v1.0.5 (2023-05-05).pdf,MS2SecISIN,"MSCI Security ISIN Information | This table contains MSCI security ISIN information. | Unless you are licensed for MSCI Deep History, the data in this table is purged on a 13-month rolling basis.",Daily,N/A,"pkey_MS2SecISIN (Clustered) SecID, StartDate LSEG Quantitative Analytics Database Schema for MSCI 32 CORPORATE",31,32
qa_database_schema_msci_v1_0_5_2023_05_05,QA Database Schema - MSCI v1.0.5 (2023-05-05).pdf,MS2SecPrcDly,"MSCI Daily Security Pricing Information | This table contains daily MSCI security pricing information. | Unless you are licensed for MSCI Deep History, the data in this table is purged on a 13-month rolling basis.",Daily,N/A,"pkey_MS2SecPrcDly (Clustered) SecID, Date_ Ms2SecPrcDly_1 Licflag, Date_",32,32
qa_database_schema_msci_v1_0_5_2023_05_05,QA Database Schema - MSCI v1.0.5 (2023-05-05).pdf,MS2SecPrcMth,"MSCI Monthly Security Pricing Information | This table contains monthly MSCI security pricing information. | Unless you are licensed for MSCI Deep History, the data in this table is purged on a 7-year rolling basis.",Monthly,N/A,"pkey_MS2SecPrcMth (Clustered) SecID, Date_ Ms2SecPrcMth_1 Licflag, Date_",32,33
qa_database_schema_msci_v1_0_5_2023_05_05,QA Database Schema - MSCI v1.0.5 (2023-05-05).pdf,MS2SecS,"MSCI Security Varchar Data | This table contains daily MSCI security varchar data that changes infrequently. | Unless you are licensed for MSCI Deep History, the data in this table is purged on a 13-month rolling basis.",Daily,N/A,"pkey_MS2SecS (Clustered) StartDate, SecID, Item",33,33
qa_database_schema_msci_v1_0_5_2023_05_05,QA Database Schema - MSCI v1.0.5 (2023-05-05).pdf,MS2SecSACE,"MSCI Security Advanced Corporate Event Varchar Data | This table contains daily MSCI security advanced corporate event integer data that changes infrequently. | This table is populated going forward from 2011. | Unless you are licensed for MSCI Deep History, the data in this table is purged on a 13-month rolling basis.",Daily,N/A,"pkey_MS2SecSACE (Clustered) SecID, Item, EventId, Seq",33,34
qa_database_schema_msci_v1_0_5_2023_05_05,QA Database Schema - MSCI v1.0.5 (2023-05-05).pdf,MS2SecSDly,Daily MSCI Security Varchar Data | This table is reserved for future use. See Empty Tables on page 6 for details. | This table contains daily MSCI security varchar data.,Daily,N/A,"pkey_MS2SecSDly (Clustered) Date_, SecID, Item",34,34
qa_database_schema_msci_v1_0_5_2023_05_05,QA Database Schema - MSCI v1.0.5 (2023-05-05).pdf,MS2SecSMth,"Monthly MSCI Security Varchar Data | This table contains monthly MSCI security varchar data. | Unless you are licensed for MSCI Deep History, the data in this table is purged on a 7-year rolling basis.",Monthly,N/A,"pkey_MS2SecSMth (Clustered) Date_, SecID, Item LSEG Quantitative Analytics Database Schema for MSCI 35 CORPORATE",34,35
qa_database_schema_msci_v1_0_5_2023_05_05,QA Database Schema - MSCI v1.0.5 (2023-05-05).pdf,MS2SecSMaxACE,"MSCI Security Advanced Corporate Event Large Varchar | This table contains daily MSCI advanced corporate event information for large varchar data items that changes | This table is populated going forward from 2011. | Unless you are licensed for MSCI Deep History, the data in this table is purged on a 13-month rolling basis.",Daily,N/A,"pkey_MS2SecSMaxACE (Clustered) SecID, Item, EventId, Seq",35,36
qa_database_schema_msci_v1_0_5_2023_05_05,QA Database Schema - MSCI v1.0.5 (2023-05-05).pdf,MS2SecSMaxDly,"Daily MSCI Security Advanced Corporate Event Large | This table contains daily MSCI advanced corporate event information for large varchar data items. | Unless you are licensed for MSCI Deep History, the data in this table is purged on a 13-month rolling basis.",Daily,N/A,"pkey_MS2SecSMaxDly (Clustered) Date_, SecID, Item",36,36
qa_database_schema_msci_v1_0_5_2023_05_05,QA Database Schema - MSCI v1.0.5 (2023-05-05).pdf,MS2SecSMaxMth,"Monthly MSCI Security Advanced Corporate Event Large | This table contains monthly MSCI advanced corporate event information for large varchar data items. | Unless you are licensed for MSCI Deep History, the data in this table is purged on a 7-year rolling basis.",Monthly,N/A,"pkey_MS2SecSMaxMth (Clustered) Date_, SecID, Item",36,36
qa_database_schema_msci_v1_0_5_2023_05_05,QA Database Schema - MSCI v1.0.5 (2023-05-05).pdf,MS2SecSed,"MSCI Security SEDOL Information | This table contains MSCI security SEDOL information. | Unless you are licensed for MSCI Deep History, the data in this table is purged on a 13-month rolling basis.",Daily Adjusted: N/A,,"pkey_MS2SecSed (Clustered) SecID, StartDate LSEG Quantitative Analytics Database Schema for MSCI 37 CORPORATE",36,38
qa_database_schema_msci_v1_0_5_2023_05_05,QA Database Schema - MSCI v1.0.5 (2023-05-05).pdf,MS2Code,"MSCI Numeric Codes | This table contains information about MSCI numeric codes. | Unless you are licensed for MSCI Deep History, the data in this table is purged on a 13-month rolling basis.",Daily,N/A,"pkey_MS2Code (Clustered) Type_, Code",38,38
qa_database_schema_msci_v1_0_5_2023_05_05,QA Database Schema - MSCI v1.0.5 (2023-05-05).pdf,MS2CtyWgtDly,"Daily MSCI Country Weights | This table contains daily MSCI country weights data. | This table is populated going forward from 2011. | Unless you are licensed for MSCI Deep History, the data in this table is purged on a 13-month rolling basis.",Daily,N/A,"pkey_MS2CtyWgtDly (Clustered) MSCICode, ISOCtryCode, Date_",38,38
qa_database_schema_msci_v1_0_5_2023_05_05,QA Database Schema - MSCI v1.0.5 (2023-05-05).pdf,MS2CtyWgtMth,"Monthly MSCI Country Weights | This table contains monthly MSCI country weights data. | This table is populated going forward starting in 2011. | Unless you are licensed for MSCI Deep History, the data in this table is purged on a 7-year rolling basis.",Monthly,N/A,"pkey_MS2CtyWgtMth (Clustered) MSCICode, ISOCtryCode, Date_",38,39
qa_database_schema_msci_v1_0_5_2023_05_05,QA Database Schema - MSCI v1.0.5 (2023-05-05).pdf,MS2Desc,"MSCI Text Codes | This table contains information about MSCI text codes. | Unless you are licensed for MSCI Deep History, the data in this table is purged on a 13-month rolling basis.",Daily,N/A,"pkey_MS2Desc (Clustered) Type_, Code",39,39
qa_database_schema_msci_v1_0_5_2023_05_05,QA Database Schema - MSCI v1.0.5 (2023-05-05).pdf,MS2FxRateDly,"Daily MSCI Exchange Rates | This table contains daily MSCI exchange rates data. | Unless you are licensed for MSCI Deep History, the data in this table is purged on a 13-month rolling basis.",Daily,N/A,"pkey_MS2FxRateDly (Clustered) ISOCurCode, Date_",39,40
qa_database_schema_msci_v1_0_5_2023_05_05,QA Database Schema - MSCI v1.0.5 (2023-05-05).pdf,MS2FxRateMth,"Monthly MSCI Exchange Rates | This table contains monthly MSCI exchange rates data. | Unless you are licensed for MSCI Deep History, the data in this table is purged on a 7-year rolling basis.",Monthly,N/A,"pkey_MS2FxRateMth (Clustered) ISOCurCode, Date_",40,40
qa_database_schema_msci_v1_0_5_2023_05_05,QA Database Schema - MSCI v1.0.5 (2023-05-05).pdf,MS2Item,"MSCI Data Item Descriptions | This table contains the MSCI data items. | Unless you are licensed for MSCI Deep History, the data in this table is purged on a 13-month rolling basis. | MS2ItemMap table to indicate the data table. If an item has DlyFlg = 1",Daily,N/A,pkey_MS2Item (Clustered) Item,40,41
qa_database_schema_msci_v1_0_5_2023_05_05,QA Database Schema - MSCI v1.0.5 (2023-05-05).pdf,MS2ItemChg,"Historical MSCI Data Item Descriptions | This table contains a history of MSCI data item mnemonics and their descriptions. | Unless you are licensed for MSCI Deep History, the data in this table is purged on a 13-month rolling basis.",Daily,N/A,"pkey_MS2ItemChg (Clustered) Item, StartDate",41,41
qa_database_schema_msci_v1_0_5_2023_05_05,QA Database Schema - MSCI v1.0.5 (2023-05-05).pdf,MS2ItemMap,"MSCI Item and Table Mapping Information | This table contains MSCI item and table mapping information. It specifies the data table(s) associated with a | Unless you are licensed for MSCI Deep History, the data in this table is purged on a 13-month rolling basis.",Daily,N/A,"pkey_MS2ItemMap (Clustered) DataTypeCode, SecFlg, IdxFlg, FrqFlg, DlyFlg, MthFlg,",41,42
qa_database_schema_msci_v1_0_5_2023_05_05,QA Database Schema - MSCI v1.0.5 (2023-05-05).pdf,ACEFlg,"MS2ItemMap table to indicate the data table. If an item has DlyFlg = 1 | TableName varchar(50) Y TableName is the name of the table where the data item is stored. | Use MS2ItemMap to determine the table in which a particular data item from MS2Item is stored. Each MSCI | The names of the MSCI version 2 data tables reflect the the type of data items they contain. The table name | format is MS2[Idx|Sec][Datatype][Frq][ACE]. For details about this table name format, see Table Name Format | DAILY. IF DAILY, THE TABLE DETERMINED BY FREQUENCY FLAGS",,,,42,43
qa_database_schema_northfield_risk_factors_v1_0_3_2022_05_11,QA Database Schema - Northfield Risk Factors v1.0.3 (2022-05-11).pdf,NFCmCode,Common Integer Coded Values | This table contains integer coded values.,Monthly,No,"pkey_NFCmCode (Clustered) Type_, Code",6,6
qa_database_schema_northfield_risk_factors_v1_0_3_2022_05_11,QA Database Schema - Northfield Risk Factors v1.0.3 (2022-05-11).pdf,NFCmDesc,Common String Coded Values | This table contains string coded values. This table can be joined to the NFCmCode table using the following,Monthly,No,"pkey_NFCmDesc (Clustered) Type_, Code",6,6
qa_database_schema_northfield_risk_factors_v1_0_3_2022_05_11,QA Database Schema - Northfield Risk Factors v1.0.3 (2022-05-11).pdf,NFCmFactors,Common Risk Factors Information | This table contains risk factors information.,Monthly,No,pkey_NFCmFactors (Clustered) FactorCode LSEG Quantitative Analytics Database Schema for Northfield Risk Factors 7 CORPORATE,6,7
qa_database_schema_northfield_risk_factors_v1_0_3_2022_05_11,QA Database Schema - Northfield Risk Factors v1.0.3 (2022-05-11).pdf,NFCmIndustry,Common Industry Information | This table contains industry information.,Monthly,No,pkey_NFCmIndustry (Clustered) IndustryCode,7,8
qa_database_schema_northfield_risk_factors_v1_0_3_2022_05_11,QA Database Schema - Northfield Risk Factors v1.0.3 (2022-05-11).pdf,NFCmInfo,"Common Entity Information | This table contains a single entry for each entity encountered, including the latest value of entity identifiers.",Monthly,No,pkey_NFCmInfo (Clustered) Code,8,8
qa_database_schema_northfield_risk_factors_v1_0_3_2022_05_11,QA Database Schema - Northfield Risk Factors v1.0.3 (2022-05-11).pdf,NFCmModel,Common Risk Model Information | This table contains risk model information.,Monthly,No,pkey_NFCmModel (Clustered) ModelCode,8,9
qa_database_schema_northfield_risk_factors_v1_0_3_2022_05_11,QA Database Schema - Northfield Risk Factors v1.0.3 (2022-05-11).pdf,NFCmSecIdent,Common Security Identifier Change History | This table contains security identifier change history information.,Monthly,No,"pkey_NFCmSecIdent (Clustered) Ident, IdentType, StartDate",9,9
qa_database_schema_northfield_risk_factors_v1_0_3_2022_05_11,QA Database Schema - Northfield Risk Factors v1.0.3 (2022-05-11).pdf,NFModCor,Model Factor Correlations | This table contains correlations between two factors by model.,Monthly,No,"pkey_NFModCor (Clustered) Date_, ModelCode, CurrCode, FactorCode1, FactorCode2",9,10
qa_database_schema_northfield_risk_factors_v1_0_3_2022_05_11,QA Database Schema - Northfield Risk Factors v1.0.3 (2022-05-11).pdf,NFModFactor,Model Factor Order | This table contains the factor order for each model.,Monthly,No,"pkey_NFModFactor (Clustered) StartDate, ModelCode, FactorCode",10,10
qa_database_schema_northfield_risk_factors_v1_0_3_2022_05_11,QA Database Schema - Northfield Risk Factors v1.0.3 (2022-05-11).pdf,NFModSec,Model Security Information | This table contains security information for each model.,Monthly (Daily for Short Horizon Models),No,"pkey_NFModSec (Clustered) Date_, ModelCode, Code",10,11
qa_database_schema_northfield_risk_factors_v1_0_3_2022_05_11,QA Database Schema - Northfield Risk Factors v1.0.3 (2022-05-11).pdf,NFModSecCntryCurr,Model Country and Currency Information | This table contains country and currency information for each security in a model.,Monthly,No,"pkey_NFModSecCntryCurr (Clustered) StartDate, ModelCode, Code",11,11
qa_database_schema_northfield_risk_factors_v1_0_3_2022_05_11,QA Database Schema - Northfield Risk Factors v1.0.3 (2022-05-11).pdf,NFModSecExposure,Model Security Exposure | This table contains the security exposure to a factor by model.,Monthly,No,"pkey_NFModSecExposure (Clustered) Date_, ModelCode, Code, FactorCode",11,12
qa_database_schema_northfield_risk_factors_v1_0_3_2022_05_11,QA Database Schema - Northfield Risk Factors v1.0.3 (2022-05-11).pdf,NFModSecExposureEE,Model Security Exposure – Everything,,,,12,12
qa_database_schema_northfield_risk_factors_v1_0_3_2022_05_11,QA Database Schema - Northfield Risk Factors v1.0.3 (2022-05-11).pdf,Everywhere,This table contains the security exposure to a factor for the Everything Everywhere (EE) model.,Monthly,No,"pkey_NFModSecExposureEE (Clustered) Date_, ModelCode, Code, FactorCode",12,12
qa_database_schema_northfield_risk_factors_v1_0_3_2022_05_11,QA Database Schema - Northfield Risk Factors v1.0.3 (2022-05-11).pdf,NFModSecIndustry,Model Sector and Industry Information | This table contains sector and industry information for securities by model.,Monthly,No,"pkey_NFModSecIndustry (Clustered) StartDate, ModelCode, Code, SectorType",12,13
qa_database_schema_northfield_risk_factors_v1_0_3_2022_05_11,QA Database Schema - Northfield Risk Factors v1.0.3 (2022-05-11).pdf,NFModSector,Model Sector Codes | This table contains sector codes by model.,Monthly,No,"pkey_NFModSector (Clustered) ModelCode, SectorType",13,13
qa_database_schema_northfield_risk_factors_v1_0_3_2022_05_11,QA Database Schema - Northfield Risk Factors v1.0.3 (2022-05-11).pdf,NFModSecUniverse,Model Security Historical Timeframes | This table contains historical timeframes of securities by model.,Monthly Adjusted: No,,"pkey_NFModSecUniverse (Clustered) StartDate, ModelCode, Code",13,14
qa_database_schema_northfield_risk_factors_v1_0_3_2022_05_11,QA Database Schema - Northfield Risk Factors v1.0.3 (2022-05-11).pdf,NFModVar,Model Factor Variance | This table contains the variance of factors by model.,Monthly (Daily for Short Horizon Models),No,"pkey_NFModVar (Clustered) Date_, ModelCode, CurrCode, FactorCode",14,15
qa_database_schema_ownership_and_global_insider_v1_0_3_2022_05_11,QA Database Schema - Ownership and Global Insider v1.0.3 (2022-05-11).pdf,OwnInvFndmntl,Ownership Investor Fundamentals | This table contains fundamental consolidated portfolio information based on owner holdings. | ModifiedDate datetime Y ModifiedDate is the date the table record was last updated with LSEG.,Daily,No,pkey_OwnInvFndmntl (Clustered) OwnerCode,7,9
qa_database_schema_ownership_and_global_insider_v1_0_3_2022_05_11,QA Database Schema - Ownership and Global Insider v1.0.3 (2022-05-11).pdf,OwnAstAlloc,Owner Asset Allocation,Daily and Quarterly,No,"pkey_OwnAstAlloc (Clustered) OwnerCode, AstTypeCode, AstRegionCode",9,9
qa_database_schema_ownership_and_global_insider_v1_0_3_2022_05_11,QA Database Schema - Ownership and Global Insider v1.0.3 (2022-05-11).pdf,OwnAstCode,Asset Range Information | The OwnAstCode table provides the lower and upper bounds associated with an asset. Assets are indicated by,Daily,No,pkey_OwnAstCode (Clustered) AstCode,9,9
qa_database_schema_ownership_and_global_insider_v1_0_3_2022_05_11,QA Database Schema - Ownership and Global Insider v1.0.3 (2022-05-11).pdf,OwnCode,Owner Codes (Integer) | This table contains translations for Codes of an integer datatype.,Daily and Quarterly,N/A,"pkey_OwnCode (Clustered) Type_, Code",9,10
qa_database_schema_ownership_and_global_insider_v1_0_3_2022_05_11,QA Database Schema - Ownership and Global Insider v1.0.3 (2022-05-11).pdf,OwnCtrRegReln,Country Global Regions | This table maps countries to global regions. Note that a single country may map to multiple regions.,Daily and Quarterly,N/A,"pkey_OwnCtrRegReln (Clustered) CtrCode, RegionCode",10,10
qa_database_schema_ownership_and_global_insider_v1_0_3_2022_05_11,QA Database Schema - Ownership and Global Insider v1.0.3 (2022-05-11).pdf,OwnData,"Historical Owner Statistics | Use this table to retrieve profile information about an owner’s portfolio, trading, and turnover. | date because data in this table is collected from multiple sources.",Daily and Quarterly,N/A,pkey_OwnData (Clustered) OwnerCode,10,11
qa_database_schema_ownership_and_global_insider_v1_0_3_2022_05_11,QA Database Schema - Ownership and Global Insider v1.0.3 (2022-05-11).pdf,OwnDesc,Owner Codes (varchar) | This table contains translations for Codes of varchar datatype.,Daily and Quarterly,N/A,"pkey_OwnDesc (Clustered) Type_, Code",11,11
qa_database_schema_ownership_and_global_insider_v1_0_3_2022_05_11,QA Database Schema - Ownership and Global Insider v1.0.3 (2022-05-11).pdf,OwnEqData,"Owner Equity Data | This table contains the numeric profile information about an owner’s portfolio, trading, equity assets, and turnover. | ModifiedDate datetime Y ModifiedDate is the date the table record was last updated with LSEG.",Daily and Quarterly,No,pkey_OwnEqData (Clustered) OwnerCode,11,11
qa_database_schema_ownership_and_global_insider_v1_0_3_2022_05_11,QA Database Schema - Ownership and Global Insider v1.0.3 (2022-05-11).pdf,OwnFundTic,Ownership Mutual Fund Tickers | Use this table to identify mutual fund ticker symbols. A single mutual fund may have multiple fund tickers,Daily and Quarterly,N/A,"pkey_OwnFundTic (Clustered) OwnerCode, TicSymbol",11,12
qa_database_schema_ownership_and_global_insider_v1_0_3_2022_05_11,QA Database Schema - Ownership and Global Insider v1.0.3 (2022-05-11).pdf,OwnInfo,"Owner Information | This table contains owner information such as address, phone, region, and status. This table is also part of the",Daily and Quarterly,N/A,pkey_OwnInfo (Clustered) OwnerCode,12,13
qa_database_schema_ownership_and_global_insider_v1_0_3_2022_05_11,QA Database Schema - Ownership and Global Insider v1.0.3 (2022-05-11).pdf,OwnProfCode,"Owner Profile Information | This table contains owner profile information about institutional owners, including investment approach and",Daily,N/A,"pkey_OwnProfCode (Clustered) OwnerCode, ProfTypeCode",13,13
qa_database_schema_ownership_and_global_insider_v1_0_3_2022_05_11,QA Database Schema - Ownership and Global Insider v1.0.3 (2022-05-11).pdf,OwnSecMap,"Owner and Security Mapping Information | This table contains owner and security mapping information. | The factor table you should use is indicated by FeedType. For example, if OwnHoldDet.FeedType = D, this",OwnSecCumAdjFactD: Daily,N/A,"pkey_OwnSecMap (Clustered) OwnerCode, SecurityCode OwnSecMap_1 SecurityCode",13,15
qa_database_schema_ownership_and_global_insider_v1_0_3_2022_05_11,QA Database Schema - Ownership and Global Insider v1.0.3 (2022-05-11).pdf,OwnSecCumAdjFactQ,Quarterly,,,,15,15
qa_database_schema_ownership_and_global_insider_v1_0_3_2022_05_11,QA Database Schema - Ownership and Global Insider v1.0.3 (2022-05-11).pdf,OwnSecCumAdjFactW,"Weekly | The ratio table you should refer to is indicated by FeedType. For example, if OwnSecData.FeedType = D, this | table (OwnSecCumAdjRationD) for the latest cumulative ratio value.",OwnSecCumAdjRatioD: Daily,N/A,"pkey_OwnSecCumAdjFact[D, Q, or W] (Clustered) SecurityCode",15,15
qa_database_schema_ownership_and_global_insider_v1_0_3_2022_05_11,QA Database Schema - Ownership and Global Insider v1.0.3 (2022-05-11).pdf,OwnSecCumAdjRatioQ,Quarterly,,,,15,15
qa_database_schema_ownership_and_global_insider_v1_0_3_2022_05_11,QA Database Schema - Ownership and Global Insider v1.0.3 (2022-05-11).pdf,OwnSecCumAdjRatioW,Weekly,,N/A,"pkey_OwnSecCumAdjRatio[D, Q, or W] (Clustered) SecurityCode, EventDate",15,16
qa_database_schema_ownership_and_global_insider_v1_0_3_2022_05_11,QA Database Schema - Ownership and Global Insider v1.0.3 (2022-05-11).pdf,OwnSecData,Security Numeric Data | This table contains security-related numeric and time series data. The data in this table is adjusted for corporate | OwnSecFData table where DataItemCode = 1 (share price). | ModifiedDate datetime Y ModifiedDate is the date the table record was last updated with LSEG.,Daily and Quarterly,Yes,"pkey_OwnSecData (Clustered) SecurityCode, PriceDate",16,17
qa_database_schema_ownership_and_global_insider_v1_0_3_2022_05_11,QA Database Schema - Ownership and Global Insider v1.0.3 (2022-05-11).pdf,OwnSecFData,Historical Pricing and Shares Outstanding | This table contains end-of-month price history and end-of-quarter shares outstanding history for securities.,Weekly and Quarterly,"To split adjust the record, use the adjustment factor from OwnSecCumAdjFact* (*W or Q, as indicated","pkey_OwnSecFData (Clustered) SecurityCode, DataItemCode, Date_",17,17
qa_database_schema_ownership_and_global_insider_v1_0_3_2022_05_11,QA Database Schema - Ownership and Global Insider v1.0.3 (2022-05-11).pdf,OwnSecIdent,"Industry-Standard Security Identifiers | This table contains industry-standard security identifiers, including CINS/CUSIP, SEDOL, and ISIN.",Daily and Quarterly,Split-adjusted,"pkey_OwnSecIdent (Clustered) SecurityCode, IdentType, SeqNum",17,18
qa_database_schema_ownership_and_global_insider_v1_0_3_2022_05_11,QA Database Schema - Ownership and Global Insider v1.0.3 (2022-05-11).pdf,OwnSecInfo,Security Information | This table contains descriptive data associated with a given security. This table is also part of the Insider schema.,Daily and Quarterly,No,pkey_OwnSecInfo (Clustered) SecurityCode,18,19
qa_database_schema_ownership_and_global_insider_v1_0_3_2022_05_11,QA Database Schema - Ownership and Global Insider v1.0.3 (2022-05-11).pdf,OwnSecIssuer,Security Issuer Information | Use this table to retrieve information about the issuer of a security.,Daily,No,pkey_OwnSecIssuer (Clustered) IssuerCode,19,19
qa_database_schema_ownership_and_global_insider_v1_0_3_2022_05_11,QA Database Schema - Ownership and Global Insider v1.0.3 (2022-05-11).pdf,OwnSecSectorCode,"Security Sector Information | Use this table to retrieve security industry, sector, and macro sector information.",Daily and Quarterly,No,pkey_OwnSecSectorCode (Clustered) IndustryCode,19,20
qa_database_schema_ownership_and_global_insider_v1_0_3_2022_05_11,QA Database Schema - Ownership and Global Insider v1.0.3 (2022-05-11).pdf,OwnHoldCF,Carry Forward and Next Report Dates | This table contains quarter-end carry forward and next report dates.,Daily/Weekly/Quarterly,N/A,"pkey_OwnHoldCF (Clustered) OwnerCode, SecurityCode, ReportDate, QtrDate, HldgType",20,21
qa_database_schema_ownership_and_global_insider_v1_0_3_2022_05_11,QA Database Schema - Ownership and Global Insider v1.0.3 (2022-05-11).pdf,OwnHoldDet,"Owner Holdings Detail | This table contains an owner's security-level holdings data. The data in this table is compiled from a variety of | FeedType char(1) Y FeedType indicates which table (D = OwnSecCumAdjFactD, W = | ModifiedDate datetime Y ModifiedDate is the date the table record was last updated with LSEG.","Daily, Weekly and Quarterly","To split adjust the record, use the adjustment factor from OwnSecCumAdjFact* (*D, W, or Q, as","pkey_OwnHoldDet (Clustered) OwnerCode, SecurityCode, ReportDate, QtrDate, HldgType",21,23
qa_database_schema_ownership_and_global_insider_v1_0_3_2022_05_11,QA Database Schema - Ownership and Global Insider v1.0.3 (2022-05-11).pdf,OwnConSpCode,,,,,23,23
qa_database_schema_ownership_and_global_insider_v1_0_3_2022_05_11,QA Database Schema - Ownership and Global Insider v1.0.3 (2022-05-11).pdf,OwnCon,Contact Employment Information | Use this table to retrieve contact employment information. Contact employment information is useful in defining,Daily,N/A,"pkey_OwnCon (Clustered) OwnerCode, ContactCode, ContactJobCode",23,24
qa_database_schema_ownership_and_global_insider_v1_0_3_2022_05_11,QA Database Schema - Ownership and Global Insider v1.0.3 (2022-05-11).pdf,OwnConAddress,Contact Addresses | Use this table to retrieve a contact’s address information. Note that a contact may have more than one address. | ModifiedDate datetime N ModifiedDate is the date the table record was last updated with LSEG.,Daily,N/A,"pkey_OwnConAddress (Clustered) ContactCode, AddTypeCode, ModifiedDate",24,24
qa_database_schema_ownership_and_global_insider_v1_0_3_2022_05_11,QA Database Schema - Ownership and Global Insider v1.0.3 (2022-05-11).pdf,OwnConBio,Contact Employment History | Use this table to retrieve the biographical employment history of a contact.,Daily,N/A,pkey_OwnConBio (Clustered) ContactCode,24,25
qa_database_schema_ownership_and_global_insider_v1_0_3_2022_05_11,QA Database Schema - Ownership and Global Insider v1.0.3 (2022-05-11).pdf,OwnConInfo,Contact Information | This table contains contact identity information.,Daily,N/A,pkey_OwnConInfo (Clustered) ContactCode,25,25
qa_database_schema_ownership_and_global_insider_v1_0_3_2022_05_11,QA Database Schema - Ownership and Global Insider v1.0.3 (2022-05-11).pdf,OwnConSpCode,Contact Specialty Codes | Use the data in this table to translate contact specialty code information.,Daily,N/A,"pkey_OwnConSpCode (Clustered) SpecCode, SpecCatCode",25,26
qa_database_schema_ownership_and_global_insider_v1_0_3_2022_05_11,QA Database Schema - Ownership and Global Insider v1.0.3 (2022-05-11).pdf,OwnConSpecialty,"Contact Specialties | The data in this table identifies areas in which contacts specialize, such as market capitalization, investment",Daily,N/A,"pkey_OwnConSpecialty (Clustered) ContactCode, SpecCode",26,28
qa_database_schema_ownership_and_global_insider_v1_0_3_2022_05_11,QA Database Schema - Ownership and Global Insider v1.0.3 (2022-05-11).pdf,OwnInsAsiaData,Asia Insider Transaction Data | The table contains equity ownership Asia Insider transaction data.,Daily,N/A,"pkey_OwnInsAsiaData (Clustered) FilerID, SecurityCode, TranID, TranDate",28,28
qa_database_schema_ownership_and_global_insider_v1_0_3_2022_05_11,QA Database Schema - Ownership and Global Insider v1.0.3 (2022-05-11).pdf,OwnInsAsiaTitle,Asia Insider Title and Rank Information | This table captures the title and rank information for Asia Insiders. | Rank is populated after matching the Title from the OwnInsAsiaTitle table | with Title in the OwnInsCode table (Type_ = 4).,Daily,N/A,"pkey_OwnInsAsiaTitle (Clustered) FilerID, SecurityCode, TranID, TranDate",28,29
qa_database_schema_ownership_and_global_insider_v1_0_3_2022_05_11,QA Database Schema - Ownership and Global Insider v1.0.3 (2022-05-11).pdf,OwnInsCode,Insider Codes (Integer) | This table contains translations for codes of an integer datatype.,Daily,N/A,"pkey_OwnInsCode (Clustered) Type_, Code",29,29
qa_database_schema_ownership_and_global_insider_v1_0_3_2022_05_11,QA Database Schema - Ownership and Global Insider v1.0.3 (2022-05-11).pdf,OwnInsData,"Insider Data | This table contains UK Trades and Canadian SEDI insider transaction data. Note that these are not consolidated | holdings, but are a record of the transactions. The data in this table is not adjusted for corporate actions.",Daily,No,"pkey_OwnInsData (Clustered FilerID, TranID, FeedCode, TranDate",29,30
qa_database_schema_ownership_and_global_insider_v1_0_3_2022_05_11,QA Database Schema - Ownership and Global Insider v1.0.3 (2022-05-11).pdf,OwnInsDesc,Insider Codes (varchar) | This table contains translations for codes of varchar datatype.,Daily,N/A,"pkey_OwnInsDesc (Clustered) Type_, Code",30,31
qa_database_schema_ownership_and_global_insider_v1_0_3_2022_05_11,QA Database Schema - Ownership and Global Insider v1.0.3 (2022-05-11).pdf,OwnInsInfo,Insider Investors Information | This table provides information about insider investors.,Daily,N/A,pkey_OwnInsInfo (Clustered) InsID OwnInsInfo_1 OwnerCode OwnInsInfo_2 FilerId OwnInsInfo_3 FilerName OwnInsInfo_4 ProdName,31,38
qa_database_schema_ownership_version_2_v1_2_5_2025_07_08,QA Database Schema - Ownership Version 2 v1.2.5 (2025-07-08).pdf,Own2AsRepHldgShCla,Ownership As Reported Holdings Share,,,,7,7
qa_database_schema_ownership_version_2_v1_2_5_2025_07_08,QA Database Schema - Ownership Version 2 v1.2.5 (2025-07-08).pdf,Class,"This table contains ‘raw’ (unaggregated) view of holdings data for the share class, showing all sources of holdings",30 minutes,Unadjusted,"pkey_Own2AsRepHldgShCla (Clustered) OwnershipId, PositionId, FilingTypeCode, HoldDate,",7,7
qa_database_schema_ownership_version_2_v1_2_5_2025_07_08,QA Database Schema - Ownership Version 2 v1.2.5 (2025-07-08).pdf,ShClaTypeCode,FilingTypeCode int No Filing Type Description. Cross references table Own2Code where | ShClaTypeCode int No Share Class Type Description. Cross references table Own2Code,,,,7,7
qa_database_schema_ownership_version_2_v1_2_5_2025_07_08,QA Database Schema - Ownership Version 2 v1.2.5 (2025-07-08).pdf,Own2AsRepHoldPos,Ownership As reported Holdings Position | This table contains data common to ‘Raw’ and ‘Unadjusted’ holding positions. | FilingTypeCode int No Filing Type Description. Cross references table Own2Code,30 minutes,Unadjusted,"pkey_Own2AsRepHoldPos (Clustered) OwnershipId, PositionId, FilingTypeCode, HoldDate LSEG Quantitative Analytics Database Schema for Ownership Version 2 8 CORPORATE",7,8
qa_database_schema_ownership_version_2_v1_2_5_2025_07_08,QA Database Schema - Ownership Version 2 v1.2.5 (2025-07-08).pdf,Own2AsRepInvTrans,Ownership As reported Investor,,,,8,8
qa_database_schema_ownership_version_2_v1_2_5_2025_07_08,QA Database Schema - Ownership Version 2 v1.2.5 (2025-07-08).pdf,Transactions,This table contains (unaggreagated) investor transaction details. | FilingTypeCode int No Filing Type Description. Cross references table Own2Code,30 minutes,Unadjusted,"pkey_Own2AsRepInvTrans (Clustered) OwnershipId, FilingTypeCode, FilingId",8,9
qa_database_schema_ownership_version_2_v1_2_5_2025_07_08,QA Database Schema - Ownership Version 2 v1.2.5 (2025-07-08).pdf,Own2CHoldDet,Ownership Holdings Details | This table contains a single comprehensive view of holdings data reflecting all corporate actions. | FilingTypeCode int Yes Filing Type Description. Cross references table Own2Code where | HoldTypeCode varchar(5) Yes Ownership Type Description. Cross references table Own2Code,30 minutes,Adjusted,"pkey_Own2CHoldDet (Clustered) OwnershipId, EffectFromDate",9,10
qa_database_schema_ownership_version_2_v1_2_5_2025_07_08,QA Database Schema - Ownership Version 2 v1.2.5 (2025-07-08).pdf,Own2CHoldShCla,Ownership Holdings Share Class | This table contains a single comprehensive view of holdings data for share class reflecting all corporate actions. | ShClaTypeCode int No Share Class Type Description. Cross references table | FilingTypeCode int Yes Filing Type Description. Cross references table Own2Code,30 minutes,Adjusted,"pkey_Own2CHoldShCla (Clustered) OwnershipId, ShClaTypeCode, EffectFromDate",10,10
qa_database_schema_ownership_version_2_v1_2_5_2025_07_08,QA Database Schema - Ownership Version 2 v1.2.5 (2025-07-08).pdf,Own2CikInvReln,Ownership CIK Investor Relationship | This table contains mapping of Investor to SEC Central Index Key (CIK).,30 minutes,N/A,"pkey_Own2CikInvReln (Clustered) LgcyInvestorId, CIK",10,11
qa_database_schema_ownership_version_2_v1_2_5_2025_07_08,QA Database Schema - Ownership Version 2 v1.2.5 (2025-07-08).pdf,Own2Cmp13FPortFolio,Ownership Company 13F Portfoloio | This table was used internally by LSEG during ownership content implementation and is not suggested or,Daily,N/A,"pkey_Own2Cmp13FPortFolio (Clustered) OwnershipId, EffectFromDate",11,11
qa_database_schema_ownership_version_2_v1_2_5_2025_07_08,QA Database Schema - Ownership Version 2 v1.2.5 (2025-07-08).pdf,relationship,,,,,11,11
qa_database_schema_ownership_version_2_v1_2_5_2025_07_08,QA Database Schema - Ownership Version 2 v1.2.5 (2025-07-08).pdf,Own2Code,Ownership Code | This table contains translations for codes of an integer datatype.,30 minutes,N/A,"pkey_Own2Code (Clustered) Type_, Code",11,11
qa_database_schema_ownership_version_2_v1_2_5_2025_07_08,QA Database Schema - Ownership Version 2 v1.2.5 (2025-07-08).pdf,Own2FundMgrReln,This table links mutual funds to investment firms.,30 minutes,N/A,"pkey_Own2FundMgrReln (Clustered) LgcyInvestorId, LgcyFundId",11,12
qa_database_schema_ownership_version_2_v1_2_5_2025_07_08,QA Database Schema - Ownership Version 2 v1.2.5 (2025-07-08).pdf,Own2FundMgrRelnChg,This table links mutual funds to investment firms.,30 minutes,N/A,"pkey_Own2FundMgrRelnChg (Clustered) LgcyInvestorId, LgcyFundId, EffectFromDate",12,12
qa_database_schema_ownership_version_2_v1_2_5_2025_07_08,QA Database Schema - Ownership Version 2 v1.2.5 (2025-07-08).pdf,Own2InstrAdjRatio,Ownership Instrument Adjusted Ratio | This table provides stock split details used to adjust shareholdings. | dividend etc. Cross refrences table Own2Code where Type_,30 minutes,N/A,"pkey_Own2InstrAdjRatio (Clustered) InstrId, Date_",12,13
qa_database_schema_ownership_version_2_v1_2_5_2025_07_08,QA Database Schema - Ownership Version 2 v1.2.5 (2025-07-08).pdf,Own2InstrFnd,"Ownership Instrument Fundamentals | This table contains the underlying ratios and other fundamentals used in weighted calculations (e.g., portfolio",30 minutes,N/A,pkey_Own2InstrFnd (Clustered) InstrId,13,16
qa_database_schema_ownership_version_2_v1_2_5_2025_07_08,QA Database Schema - Ownership Version 2 v1.2.5 (2025-07-08).pdf,Own2InstrFreeFlt,Ownership Instrument Free Float | This table provides the number of shares outstanding of an instrument that are held by investors deemed to be | table Own2Code where Type_ = 17.,30 minutes,N/A,"pkey_Own2InstrFreeFlt (Clustered) InstrId, CalcBasisCode, EffectFromDate",16,17
qa_database_schema_ownership_version_2_v1_2_5_2025_07_08,QA Database Schema - Ownership Version 2 v1.2.5 (2025-07-08).pdf,Own2InstrPrc,Ownership Instrument Pricing | This table provides instrument pricing used in various calculations.,30 minutes,N/A,"pkey_Own2InstrPrc (Clustered) InstrId, EffectFromDate",17,17
qa_database_schema_ownership_version_2_v1_2_5_2025_07_08,QA Database Schema - Ownership Version 2 v1.2.5 (2025-07-08).pdf,Own2InstrShOut,Ownership Instrument Shares Outstanding | This table provides shares outstanding used in various calculations.,30 minutes,N/A,"pkey_Own2InstrShOut (Clustered) InstrId, EffectFromDate",17,17
qa_database_schema_ownership_version_2_v1_2_5_2025_07_08,QA Database Schema - Ownership Version 2 v1.2.5 (2025-07-08).pdf,Own2InvAstAlloc,Ownership Investor Asset Allocation | This table contains data indicating the amount of assets held by buy-side firms in various asset classes in | table Own2Code where Type_ = 11. | assets. Cross references table Own2Code where Type_ = 26. | income assets. Cross references table Own2Code where Type_,30 minutes,N/A,pkey_Own2InvAstAlloc (Clustered) LgcyInvestorId,17,18
qa_database_schema_ownership_version_2_v1_2_5_2025_07_08,QA Database Schema - Ownership Version 2 v1.2.5 (2025-07-08).pdf,Own2InvContAddr,Ownership Investor Contact Address | This table contains address information for buy-side and sell-side contacts. | references table Own2Code where Type_ = 9. | StateProvId int Yes Perm ID of investor's state or province. Cross references table | CntryId int Yes Perm ID of investor's country. Cross references table Own2Code | MetroAreaId int Yes Perm ID of investor's metro area. Cross references table,30 minutes,N/A,"pkey_Own2InvContAddr (Clustered) LgcyPersonId, AddrTypeCode",18,19
qa_database_schema_ownership_version_2_v1_2_5_2025_07_08,QA Database Schema - Ownership Version 2 v1.2.5 (2025-07-08).pdf,Own2InvContBio,"Ownership Investor Contact Bio | This table contains biographical information for investor contacts, including employment history, education, etc. | BioTypeCode int No Indicates biographical section. Cross references table",30 minutes,N/A,"pkey_Own2InvContBio (Clustered) LgcyPersonId, BioTypeCode",19,19
qa_database_schema_ownership_version_2_v1_2_5_2025_07_08,QA Database Schema - Ownership Version 2 v1.2.5 (2025-07-08).pdf,Own2InvContProf,Ownership Investor Contact Profile | This table contains Investor Contact Profiles.,30 minutes,N/A,pkey_Own2InvContProf (Clustered) LgcyPersonId,19,20
qa_database_schema_ownership_version_2_v1_2_5_2025_07_08,QA Database Schema - Ownership Version 2 v1.2.5 (2025-07-08).pdf,Own2InvContReln,Ownership Contact Relationship | This table links contacts to the institutional investor for which they work.,30 minutes,N/A,"pkey_Own2InvContReln (Clustered) LgcyInvestorId, LgcyPersonId",20,20
qa_database_schema_ownership_version_2_v1_2_5_2025_07_08,QA Database Schema - Ownership Version 2 v1.2.5 (2025-07-08).pdf,Own2InvContSpec,"Ownership Investor Contact Specialization | This table links contacts and the investment styles, regions, industries and market caps in which they specialize. | – Cross references table Own2Code using both Type_ 33 and | – Use Own2Code table where Type_ = 33 to map from | – Use Own2Code table where Type_ = 13 to map from",30 minutes,N/A,"pkey_Own2InvContSpec (Clustered) LgcyPersonId, SpecCode",20,21
qa_database_schema_ownership_version_2_v1_2_5_2025_07_08,QA Database Schema - Ownership Version 2 v1.2.5 (2025-07-08).pdf,Own2InvHldgsTO,Ownership Investor Holdings Percent | This table contains information on the volume of shares traded as a percentage of total shares held in an | table Own2Code where Type_ = 17.,30 minutes,N/A,"pkey_Own2InvHldgsTO (Clustered) LgcyInvestorId, IncWrntsCert, CalcBasisCode, EffectFromDate",21,22
qa_database_schema_ownership_version_2_v1_2_5_2025_07_08,QA Database Schema - Ownership Version 2 v1.2.5 (2025-07-08).pdf,Own2InvEqAsset,Ownership Investor Equity Assets | This is an investor level table that contains historical time-series for TotalEquityAssets. This data can be used for | table Own2Code where Type_ = 17.,30 minutes,N/A,"Pkey_Own2InvEqAsset (Clustered) LgcyInvestorID, CalcBasisCode, EffectFromDate",22,22
qa_database_schema_ownership_version_2_v1_2_5_2025_07_08,QA Database Schema - Ownership Version 2 v1.2.5 (2025-07-08).pdf,Own2InvMap,Ownership Investor Mapping | This table links Investor ID to OwnerCode from (older Ownership feed). This applies to only those clients having | This table was used internally by LSEG during ownership content implementation and is not suggested or currently intended for,30 minutes,N/A,pkey_Own2InvMap (Clustered) Id,22,23
qa_database_schema_ownership_version_2_v1_2_5_2025_07_08,QA Database Schema - Ownership Version 2 v1.2.5 (2025-07-08).pdf,Own2InvPortStats,"Ownership Investor Portfolio Statistics | This table contains company-related ratios aggregated to portfolio level for each investor. | table Own2Code where Type_ = 17. | This issuer level table shows the textual profiles of investors – e.g., investment approach, affiliations, etc. | – Use Own2Code table where Type_ = 29 to map from TypeID | – Use Own2Code table where Type_ = 25 to map from",30 minutes,N/A,"pkey_Own2InvPortStats (Clustered) LgcyInvestorId, IncWrntsCert, CalcBasisCode Pkey_ Own2InvProfile (Clustered) LgcyInvestorId, TypeId",23,27
qa_database_schema_ownership_version_2_v1_2_5_2025_07_08,QA Database Schema - Ownership Version 2 v1.2.5 (2025-07-08).pdf,Own2InvReln,"Ownership Investor Relationship | This issuer level table shows the linkage between shareholders with joint venture, association, mother/relative | Cross references table Own2Code where Type_ = 45.",30 minutes,N/A,"Pkey_Own2InvReln (Clustered) IssuerId, RelnDate, LangCode",27,27
qa_database_schema_ownership_version_2_v1_2_5_2025_07_08,QA Database Schema - Ownership Version 2 v1.2.5 (2025-07-08).pdf,Own2InvResume,"Ownership Investor Resume | This table contains general information about investor, such as address. | etc). Cross references table Own2Code where Type_ = 1. | StateProvId int Yes Perm ID of investor's state or province. Cross references table | CntryId int Yes Perm ID of investor's country. Cross references table | MetroAreaId int Yes Perm ID of investor's metro area. Cross references table | table Own2Code where Type_ = 39. | InvStyleCode varchar(10) Yes Code for investment style of investor. Cross references table",30 minutes,N/A,pkey_Own2InvResume (Clustered) LgcyInvestorId,27,28
qa_database_schema_ownership_version_2_v1_2_5_2025_07_08,QA Database Schema - Ownership Version 2 v1.2.5 (2025-07-08).pdf,Own2InvTransData,"Ownership Investor Transaction Data | This table contains data common to Raw and Adjusted Investor Transaction. | FilingTypeCode int No Filing Type Description. Cross references table Own2Code | AcqTypeCode varchar(5) Yes Acquisition Type Description. Cross references table | HoldTypeCode varchar(5) Yes Ownership Type Description. Cross references table | TransTypeCode varchar(5) Yes Transaction Type Description. Cross references table | TableNum int Yes For US insider filings, indicates whether data is for Table 1 | (non-derivatives) or Table 2 (derivatives). Valid values: 1 (for | Table 1); 2 (for Table 2); or will be null for non-US filings.",30 minutes,Unadjusted,"pkey_Own2InvTransData (Clustered) OwnershipId, FilingTypeCode, FilingId",28,30
qa_database_schema_ownership_version_2_v1_2_5_2025_07_08,QA Database Schema - Ownership Version 2 v1.2.5 (2025-07-08).pdf,Own2InvTransRole,"Ownership Investor Transaction Role | This table details the relationship of the reporting insider to the issuing company. | FilingTypeCode int No Filing Type Description. Cross references table Own2Code | – Use Own2Code table where Type_ = 34 to map from the | – Use Own2Code table where Type_ = 7 to map from alpha,",30 minutes,N/A,"pkey_Own2InvTransRole (Clustered) OwnershipId, FilingTypeCode, FilingId, TransDate, TrdSeqNum, RoleTypeCode, RoleSeqNum",30,30
qa_database_schema_ownership_version_2_v1_2_5_2025_07_08,QA Database Schema - Ownership Version 2 v1.2.5 (2025-07-08).pdf,Own2ObjTypeInfo,"Ownership Object Type Information | This table captures the source entity or category (such as Geography, Industry, Organization et al) the ID belongs | Src int No Ownership table that contains information for the ID. Cross | references table Own2Code where Type_ = 35.",30 minutes,N/A,"pkey_Own2ObjTypeInfo (Clustered) Id, Src",30,31
qa_database_schema_ownership_version_2_v1_2_5_2025_07_08,QA Database Schema - Ownership Version 2 v1.2.5 (2025-07-08).pdf,Own2OwnerMap,Ownership Owner Mapping | This table links Ownership Perm ID to Perm IDs for Investor and for Instrument.,30 minutes,N/A,pkey_Own2OwnerMap (Clustered) OwnershipId,31,31
qa_database_schema_ownership_version_2_v1_2_5_2025_07_08,QA Database Schema - Ownership Version 2 v1.2.5 (2025-07-08).pdf,Own2RelnInfo,"Ownership Relationship Information | This table provides various associations between Ownership, Organization, Person, Fund, Organization, Person,",30 minutes,N/A,"pkey_Own2RelnInfo (Clustered) RelnObjectId, RelnObjectTypeId, RelnshipTypeId, ReltdObjectId, ReltdObjectTypeId, EffectFromDate",31,32
qa_database_schema_ownership_version_2_v1_2_5_2025_07_08,QA Database Schema - Ownership Version 2 v1.2.5 (2025-07-08).pdf,Own2UCHoldData,Ownership Holdings Data | This table contains data common to unadjusted holding positions | FilingTypeCode int No Filing Type Description. Cross references table Own2Code | HoldTypeCode varchar(5) Yes Ownership Type Description. Cross references table Own2Code | HoldStatusCode varchar(4) Yes Holding Status Description. Cross references table Own2Code,30 minutes,Unadjusted,"pkey_Own2UCHoldData (Clustered) OwnershipId, PositionId, FilingTypeCode, HoldDate",32,33
qa_database_schema_ownership_version_2_v1_2_5_2025_07_08,QA Database Schema - Ownership Version 2 v1.2.5 (2025-07-08).pdf,Own2IssuerFreeFlt,Issuer Level Free Float Data | This table contains issuer level free float shares outstanding that are held by investors deemed to be strategic | CalcBasisCode tinyint No Indicates the period basis for calculations. Cross references table,30 minutes,N/A,"pkey_ Own2IssuerFreeFlt (Clustered) IssuerId, CalcBasisCode, EffectFromDate",33,34
qa_database_schema_ownership_version_2_v1_2_5_2025_07_08,QA Database Schema - Ownership Version 2 v1.2.5 (2025-07-08).pdf,Own2CompInvRestShs,Ownership Restricted Holdings Data | This table contains data on investors' restricted and unrestricted shares held for all classes of stock issued by a,30 minutes,N/A,"pkey_Own2CompInvRestShs (Clustered) IssuerId, LgcyInvestorId, EffectFromDate",34,35
qa_database_schema_ownership_version_2_v1_2_5_2025_07_08,QA Database Schema - Ownership Version 2 v1.2.5 (2025-07-08).pdf,Own2CHoldData,Ownership Holdings Additional Details | This table contains additional ownership consolidated holdings details. | This table is currently available via Snowflake only. It’s planned to be released for Quantitative Analytics Cloud,30 minutes,N/A,"pkey_Own2CHoldData (Clustered) OwnershipId, EffectFromDate",35,35
qa_database_schema_ownership_version_2_v1_2_5_2025_07_08,QA Database Schema - Ownership Version 2 v1.2.5 (2025-07-08).pdf,Own2AdjPlgShare,This table provides 'adjusted' pledged shares outstanding data. | PlgEventTypeCode smallint No PledgeEventType Description. Cross references table,30 minutes,Adjusted,"pkey_Own2AdjPlgShare (Clustered) OwnershipID, PlgRepDate, PlgEventDate, PlgEventTypeCode",35,36
qa_database_schema_ownership_version_2_v1_2_5_2025_07_08,QA Database Schema - Ownership Version 2 v1.2.5 (2025-07-08).pdf,Own2AsRepPlgShare,This table provides 'unadjusted' pledged shares outstanding data. | PlgEventTypeCode smallint No PledgeEventType Description. Cross references table,30 minutes,Unadjusted,"pkey_Own2AsRepPlgShare(Clustered) OwnershipID, PlgRepDate, PlgEventDate, PlgEventTypeCode",36,36
qa_database_schema_ownership_version_2_v1_2_5_2025_07_08,QA Database Schema - Ownership Version 2 v1.2.5 (2025-07-08).pdf,Own2PlgSharesSrc,This table contains the Filing source of the Pledged Shares. | PlgFilingSrcCode smallint Yes Filing Type Description. Cross references table Own2Code,30 minutes,N/A,"pkey_Own2PlgSharesSrc(Clustered) OwnershipID, PlgRepDate, PlgEventDate, PlgEventTypeCode",36,37
qa_database_schema_ownership_version_2_v1_2_5_2025_07_08,QA Database Schema - Ownership Version 2 v1.2.5 (2025-07-08).pdf,Own2FundMap,This table provides the mapping of Ownership Identifiers to Lipper Identifiers.,30 minutes,N/A,pkey_Own2FundMap(Clustered) FundClassPermId,37,37
qa_database_schema_ownership_version_2_v1_2_5_2025_07_08,QA Database Schema - Ownership Version 2 v1.2.5 (2025-07-08).pdf,Own2InsHoldPos,This table contains the Insider Holdings data. | FilingSource integer Yes Filing Type Description. Cross references table Own2Code,30 minutes,Adjusted,"pkey_Own2InsHoldPosClustered) OwnershipID, EffectFromDate",37,38
qa_database_schema_ownership_version_2_v1_2_5_2025_07_08,QA Database Schema - Ownership Version 2 v1.2.5 (2025-07-08).pdf,Own2InstrReg,This table links the RegistrarID with the Instrument.,30 minutes,N/A,"pkey_(Own2InstrRegClustered) InstrPermID, RegistrarId",38,38
qa_database_schema_ownership_version_2_v1_2_5_2025_07_08,QA Database Schema - Ownership Version 2 v1.2.5 (2025-07-08).pdf,Own2RegData,This table contains address information for Registrars.,30 minutes,N/A,pkey_Own2RegData(Clustered) RegistrarId,38,39
qa_database_schema_ownership_version_2_v1_2_5_2025_07_08,QA Database Schema - Ownership Version 2 v1.2.5 (2025-07-08).pdf,Own2UltInvMap,This table contains the mapping of Investors to their Ultimate investors.,30 minutes,N/A,pkey_Own2UltInvMap (Clustered) LgcyInvestorId,39,39
qa_database_schema_ownership_version_2_v1_2_5_2025_07_08,QA Database Schema - Ownership Version 2 v1.2.5 (2025-07-08).pdf,Own2UPConsHoldDet,This table contains a single comprehensive view of ultimate Parent holdings data reflecting all corporate actions. | FilingTypeCode int Yes Filing Type Description. Cross references table Own2Code,30 minutes,Adjusted,"pkey_Own2UPConsHoldDet(Clustered) OwnershipId, EffectFromDate",39,41
qa_database_schema_ownership_version_2_v1_2_5_2025_07_08,QA Database Schema - Ownership Version 2 v1.2.5 (2025-07-08).pdf,vw_Own2RDCMapping,,,,,41,41
qa_database_schema_ownership_version_2_v1_2_5_2025_07_08,QA Database Schema - Ownership Version 2 v1.2.5 (2025-07-08).pdf,OwnershipId,StateProvId int yes Perm ID of investor's state or province. Cross references table | CntryId int yes Perm ID of investor's country. Cross references table | MetroAreaId int yes Perm ID of investor's metro area. Cross references table | references table Own2Code where Type_ = 39.,,,,41,44
qa_database_schema_ownership_version_2_v1_2_5_2025_07_08,QA Database Schema - Ownership Version 2 v1.2.5 (2025-07-08).pdf,vw_Own2PermMapping,,,,,44,44
qa_database_schema_ownership_version_2_v1_2_5_2025_07_08,QA Database Schema - Ownership Version 2 v1.2.5 (2025-07-08).pdf,OwnershipId,StateProvId int yes Perm ID of investor's state or province. Cross references table | CntryId int yes Perm ID of investor's country. Cross references table Own2Code | MetroAreaId int yes Perm ID of investor's metro area. Cross references table | table Own2Code where Type_ = 39.,,,,44,46
qa_database_schema_ownership_version_2_v1_2_5_2025_07_08,QA Database Schema - Ownership Version 2 v1.2.5 (2025-07-08).pdf,vw_Own2CHoldDet,dividend etc. Cross refrences table Own2Code where Type_ =,,,,46,49
qa_database_schema_ownership_version_2_v1_2_5_2025_07_08,QA Database Schema - Ownership Version 2 v1.2.5 (2025-07-08).pdf,vw_Own2AsRepHold,dividend etc. Cross refrences table Own2Code where Type_ = 44.,,,,49,52
qa_database_schema_ownership_version_2_v1_2_5_2025_07_08,QA Database Schema - Ownership Version 2 v1.2.5 (2025-07-08).pdf,vw_Own2RDC13F,StateProvId int yes Perm ID of investor's state or province. Cross references table | CntryId int yes Perm ID of investor's country. Cross references table Own2Code | MetroAreaId int yes Perm ID of investor's metro area. Cross references table Own2Code | USRegionId int yes Perm ID of U.S. investor's geographic region. Cross references table,,,,52,55
qa_database_schema_ownership_version_2_v1_2_5_2025_07_08,QA Database Schema - Ownership Version 2 v1.2.5 (2025-07-08).pdf,vw_Own2Perm13F,StateProvId int yes Perm ID of investor's state or province. Cross references table | CntryId int yes Perm ID of investor's country. Cross references table Own2Code | MetroAreaId int yes Perm ID of investor's metro area. Cross references table | table Own2Code where Type_ = 39.,,,,55,57
qa_database_schema_ownership_version_2_v1_2_5_2025_07_08,QA Database Schema - Ownership Version 2 v1.2.5 (2025-07-08).pdf,vw_Own2Funds,StateProvId int yes Perm ID of investor's state or province. Cross references table | CntryId int yes Perm ID of investor's country. Cross references table Own2Code | MetroAreaId int yes Perm ID of investor's metro area. Cross references table Own2Code | USRegionId int yes Perm ID of U.S. investor's geographic region. Cross references table,,,,57,58
qa_database_schema_ownership_version_2_v1_2_5_2025_07_08,QA Database Schema - Ownership Version 2 v1.2.5 (2025-07-08).pdf,vw_Own2invPerson,table Own2Code where Type_ = 9. | StateProvId int yes Perm ID of investor's state or province. Cross references table | CntryId int yes Perm ID of investor's country. Cross references table Own2Code | MetroAreaId int yes Perm ID of investor's metro area. Cross references table | BioTypeCode int yes Indicates biographical section. Cross references table Own2Code,,,,58,60
qa_database_schema_ownership_version_2_v1_2_5_2025_07_08,QA Database Schema - Ownership Version 2 v1.2.5 (2025-07-08).pdf,vw_Own2InvestorPortStat,Cross references table Own2Code where Type_ = 1. | StateProvId int yes Perm ID of investor's state or province. Cross references table | CntryId int yes Perm ID of investor's country. Cross references table Own2Code | MetroAreaId int yes Perm ID of investor's metro area. Cross references table | table Own2Code where Type_ = 39. | – Use Own2Code table where Type_ = 29 to map from TypeID | – Use Own2Code table where Type_ = 25 to map from | CalcBasisCode tinyint yes Indicates the period basis for calculations. Cross references table,,,,60,62
qa_database_schema_ownership_version_2_v1_2_5_2025_07_08,QA Database Schema - Ownership Version 2 v1.2.5 (2025-07-08).pdf,vw_Own2RDCInvTransaction,"StateProvId int yes Perm ID of investor's state or province. Cross references table | CntryId int yes Perm ID of investor's country. Cross references table Own2Code | MetroAreaId int yes Perm ID of investor's metro area. Cross references table | table Own2Code where Type_ = 39. | AcqTypeCode varchar yes Acquisition Type Description. Cross references table Own2Code | HoldTypeCode varchar yes Ownership Type Description. Cross references table Own2Code | TransTypeCode varchar yes Transaction Type Description. Cross references table Own2Code | TableNum int yes For US insider filings, indicates whether data is for Table 1 (non- | derivatives) or Table 2 (derivatives). Valid values: 1 (for Table 1); 2 | (for Table 2); or will be null for non-US filings. | – Use Own2Code table where Type_ = 34 to map from the | – Use Own2Code table where Type_ = 7 to map from alpha,",,,,62,67
qa_database_schema_ownership_version_2_v1_2_5_2025_07_08,QA Database Schema - Ownership Version 2 v1.2.5 (2025-07-08).pdf,vw_Own2PermInvTransaction,"StateProvId int yes Perm ID of investor's state or province. Cross references table | CntryId int yes Perm ID of investor's country. Cross references table Own2Code | MetroAreaId int yes Perm ID of investor's metro area. Cross references table | table Own2Code where Type_ = 39. | AcqTypeCode varchar yes Acquisition Type Description. Cross references table Own2Code | HoldTypeCode varchar yes Ownership Type Description. Cross references table Own2Code | TransTypeCode varchar yes Transaction Type Description. Cross references table Own2Code | TableNum int yes For US insider filings, indicates whether data is for Table 1 (non- | derivatives) or Table 2 (derivatives). Valid values: 1 (for Table 1); 2 | (for Table 2); or will be null for non-US filings. | – Use Own2Code table where Type_ = 34 to map from the | – Use Own2Code table where Type_ = 7 to map from alpha,",,,,67,70
qa_database_schema_ownership_version_2_v1_2_5_2025_07_08,QA Database Schema - Ownership Version 2 v1.2.5 (2025-07-08).pdf,vw_Own2RDCIssuer,CalcBasisCode tinyint no Indicates the period basis for calculations. Cross references table,,,,70,72
qa_database_schema_ownership_version_2_v1_2_5_2025_07_08,QA Database Schema - Ownership Version 2 v1.2.5 (2025-07-08).pdf,vw_Own2PermIssuer,CalcBasisCode tinyint no Indicates the period basis for calculations. Cross references table,,,,72,75
qa_database_schema_rdc_v1_4_6,QA Database Schema - RDC_v1.4.6.pdf,RDCCode,Numeric Codes | This table contains descriptions of Reference Data Convergence (RDC) numeric codes.,One hour,N/A,"pkey_RDCCode (Clustered) Type_, Code",7,7
qa_database_schema_rdc_v1_4_6,QA Database Schema - RDC_v1.4.6.pdf,RDCDesc,Character Code Descriptions | This table contains descriptions of Reference Data Convergence (RDC) character codes.,One hour Adjusted: N/A,,"pkey_RDCDesc (Clustered) Type_, Code",7,8
qa_database_schema_rdc_v1_4_6,QA Database Schema - RDC_v1.4.6.pdf,RDCOrgAddr,Address and Contact Information | This table contains the address and contact information of an organization.,One hour,N/A,pkey_RDCOrgAddr (Clustered) OrgId Quantitative Analytics Database Schema for RDC 9,8,9
qa_database_schema_rdc_v1_4_6,QA Database Schema - RDC_v1.4.6.pdf,RDCOrgInfo,Organization Information | This table contains information for organizations of interest in the capital markets.,One hour,N/A,pkey_RDCOrgInfo (Clustered) OrgId Quantitative Analytics Database Schema for RDC 10,9,10
qa_database_schema_rdc_v1_4_6,QA Database Schema - RDC_v1.4.6.pdf,RDCOrgMLInfo,Multi-Language Organization Information | This table contains multi-language information for organizations of interest in the capital markets.,One hour,N/A,,10,10
qa_database_schema_rdc_v1_4_6,QA Database Schema - RDC_v1.4.6.pdf,Machines,,,,"pkey_RDCOrgMLInfo (Clustered) OrgId, LangCode Quantitative Analytics Database Schema for RDC 11 OrgTypeCode OrgTypeCode is the organization type. It can be: Code Description CO Corporation FD Fund GA Government Agency GP State & Provincial GT Government SP Supranational CF Closed End Fund (not used) OF Open End Fund (not used) NC Not Categorized PC Private Corporation CTLB Central Bank MUNI Municipal TREA Treasury PS Pseudo Organization Quantitative Analytics Database Schema for RDC 12",10,12
qa_database_schema_rdc_v1_4_6,QA Database Schema - RDC_v1.4.6.pdf,RDCTRBCAudit,TRBC Audit Trail | This data table contains audit trail for any change in TRBC assignments.,One hour,N/A,,12,12
qa_database_schema_rdc_v1_4_6,QA Database Schema - RDC_v1.4.6.pdf,RDCTRBCData,TRBC Primary Codes | This table contains the current and historic TRBC primary codes for an organization.,One hour,N/A,,12,12
qa_database_schema_rdc_v1_4_6,QA Database Schema - RDC_v1.4.6.pdf,Schema,,,,"pkey_RDCTRBCAudit (Clustered) OrgId, AuditCode, StartDate, StartTime pkey_RDCTRBCData (Clustered) OrgId, TRBCId, StartDate, StartTime Quantitative Analytics Database Schema for RDC 13",12,13
qa_database_schema_rdc_v1_4_6,QA Database Schema - RDC_v1.4.6.pdf,RDCTRBCInfo,TRBC Item Information | This table contains TRBC item information.,One hour,N/A,,13,13
qa_database_schema_rdc_v1_4_6,QA Database Schema - RDC_v1.4.6.pdf,RDCTRBCMLItem,TRBC Multi-Language Item Information | This table contains TRBC multi-language item information.,One hour,N/A,"pkey_RDCTRBCInfo (Clustered) TRBCId pkey_RDCTRBCMLItem (Clustered) TRBCId, LangCode Quantitative Analytics Database Schema for RDC 14",13,14
qa_database_schema_rdc_v1_4_6,QA Database Schema - RDC_v1.4.6.pdf,RDCTRBCInfoChg,TRBC Item Change Information | This table contains TRBC item information and captures and maintains the historical associations between,One hour,N/A,,14,14
qa_database_schema_rdc_v1_4_6,QA Database Schema - RDC_v1.4.6.pdf,RDCTRBCMap,"TRBC Mapping Information | industries, and 837 activity codes. This table captures the association between all levels.",One hour,N/A,pkey_RDCTRBCInfoChg (Clustered) TRBCId pkey_RDCTRBCMap (Clustered) AccTRBCId Quantitative Analytics Database Schema for RDC 15,14,15
qa_database_schema_rdc_v1_4_6,QA Database Schema - RDC_v1.4.6.pdf,RDCInstrInfo,Instrument Level Information | This data table contains financial instruments and indicators with reference and descriptive information provided,Daily,N/A,pkey_RDCInstrInfo (Clustered) InstrID Quantitative Analytics Database Schema for RDC 16,15,17
qa_database_schema_rdc_v1_4_6,QA Database Schema - RDC_v1.4.6.pdf,RDCInstrMLInfo,Multi-Language Instrument Level Information | This data table contains financial instruments and indicators with multi-language reference and descriptive,Daily,N/A,,17,17
qa_database_schema_rdc_v1_4_6,QA Database Schema - RDC_v1.4.6.pdf,RDCSecMapX,RDC Security Map | This table provides mapping to vendor codes including ranking and time series.,Daily,N/A,"pkey_RDCInstrMLInfo (Clustered) InstrID, LangCode pkey_RDCSecMapX (Clustered) SecCode, VenType, Rank Quantitative Analytics Database Schema for RDC 18",17,18
qa_database_schema_rdc_v1_4_6,QA Database Schema - RDC_v1.4.6.pdf,RDCRICData,RDC RIC Information | This table contains information on LSEG Instrument Codes (RIC).,One hour,N/A,"pkey_RDCRICData (Clustered) QuoteID, SeqNo, StartDate, StartTime",18,18
qa_database_schema_rdc_v1_4_6,QA Database Schema - RDC_v1.4.6.pdf,RDCQuoteInfo,RDC Quote Information | This table contains information on LSEG Instrument Codes (RIC).,One hour,N/A,pkey_RDCQuoteInfo (clustered) QuoteID RDCQuoteInfo_1 (non-clustered) InstrID,18,19
qa_database_schema_rdc_v1_4_6,QA Database Schema - RDC_v1.4.6.pdf,RDCQuoteMLInfo,RDC Multi-Language Quote Information | This table contains multi-language information on LSEG Instrument Codes (RIC).,One hour,N/A,"pkey_RDCQuoteMLInfo (clustered) OrgId, LangCode",19,20
qa_database_schema_rdc_v1_4_6,QA Database Schema - RDC_v1.4.6.pdf,RDCGSecMapX,Global RDC Security Map | This table provides mapping to all available vendor codes including ranking and time series.,Daily,N/A,,20,20
qa_database_schema_rdc_v1_4_6,QA Database Schema - RDC_v1.4.6.pdf,RDCCusipData,RDC Cusip Data | The RDCCusipData table will store all the current and historic Cusip values for an instrument.,One hour,N/A,"pkey_ RDCCusipData (Clustered) InstrID, Item, SeqNo, StartDate, StartTime pkey_RDCGSecMapX SecCode, VenType, Rank Quantitative Analytics Database Schema for RDC 21",20,21
qa_database_schema_rdc_v1_4_6,QA Database Schema - RDC_v1.4.6.pdf,RDCDTData,RDC Date Time Data | The RDCDTData table stores the date and time details for all business entities.,One hour,N/A,"pkey_ RDCDTData (Clustered) EntityID, Item, SeqNo",21,21
qa_database_schema_rdc_v1_4_6,QA Database Schema - RDC_v1.4.6.pdf,RDCEntityMap,RDC Entity Map | The RDCEntityMap table maintains the relationship between the various entities.,One hour,N/A,"pkey_ RDCEntityMap (Clustered) EntityID1, EntityTypeCode1, EntityID2, EntityTypeCode2",21,21
qa_database_schema_rdc_v1_4_6,QA Database Schema - RDC_v1.4.6.pdf,RDCFData,RDC Float Data | The RDCFData table stores all the current FLOAT values for the business entities.,One hour,N/A,"pkey_ RDCFData (Clustered) EntityID, Item, SeqNo",21,22
qa_database_schema_rdc_v1_4_6,QA Database Schema - RDC_v1.4.6.pdf,RDCHistFData,RDC Historical Float Data | The RDCHistFData table stores all the historical FLOAT values for all business entities.,One hour,N/A,"pkey_ RDCHistFData (Clustered) EntityID, Item, SeqNo, StartDate, StartTime",22,22
qa_database_schema_rdc_v1_4_6,QA Database Schema - RDC_v1.4.6.pdf,RDCHistLNData,RDC Historical Data | The RDCHistLNData table stores the historical BIG INT values for all business entities.,One hour,N/A,"pkey_ RDCHistLNData (Clustered) EntityID, Item, SeqNo, StartDate, StartTime",22,23
qa_database_schema_rdc_v1_4_6,QA Database Schema - RDC_v1.4.6.pdf,RDCHistLSData,RDC Historical Data | The RDCHistLSData table stores the historical LARGE VARCHAR (>40 & <=255) values for all business entities.,One hour,N/A,"pkey_ RDCHistLSData (Clustered) EntityID, Item, SeqNo, StartDate, StartTime",23,23
qa_database_schema_rdc_v1_4_6,QA Database Schema - RDC_v1.4.6.pdf,RDCHistMLData,RDC Multi-lingual Data | The RDCHistMLData table stores the historical Multi Language values for all business entities.,One hour,N/A,"pkey_ RDCHistMLData (Clustered) EntityID, Item, SeqNo, LangCode, StartDate, StartTime",23,24
qa_database_schema_rdc_v1_4_6,QA Database Schema - RDC_v1.4.6.pdf,RDCHistMSData,RDC Historical Data | The RDCHistMSData table stores all the historical MEDIUM VARCHAR (>12 & <=40) values for all business,One hour,N/A,"pkey_ RDCHistMSData (Clustered) EntityID, Item, SeqNo, StartDate, StartTime",24,24
qa_database_schema_rdc_v1_4_6,QA Database Schema - RDC_v1.4.6.pdf,RDCHistNData,RDC Historical Numeric Data | The RDCHistNData table stores the historical NUMERIC values for all business entities.,One hour,N/A,"pkey_ RDCHistNData (Clustered) EntityID, Item, SeqNo, StartDate, StartTime",24,25
qa_database_schema_rdc_v1_4_6,QA Database Schema - RDC_v1.4.6.pdf,RDCHistSSData,RDC Historical Data | The RDCHistSSData table stores all the historical SMALL VARCHAR(<=12) values for all business entities.,One hour,N/A,"pkey_ RDCHistSSData (Clustered) EntityID, Item, SeqNo, StartDate, StartTime",25,25
qa_database_schema_rdc_v1_4_6,QA Database Schema - RDC_v1.4.6.pdf,RDCISINData,RDC ISIN Data | The RDCISINData table will store all the current and historic ISIN values for an instrument.,One hour,N/A,"pkey_ RDCIsinData (Clustered) InstrID, Item, SeqNo, StartDate, StartTime",25,26
qa_database_schema_rdc_v1_4_6,QA Database Schema - RDC_v1.4.6.pdf,RDCItem,RDC Item | The RDCItem is an item table which stores all the attributes of all the business entities for the purpose of storing | TableCode int Y Data table in which the item is contained. | Data table in which the item is contained. Descriptions,One hour,N/A,pkey_ RDCItem (Clustered) Item,26,27
qa_database_schema_rdc_v1_4_6,QA Database Schema - RDC_v1.4.6.pdf,RDCLNData,RDC Long Numeric Data | The RDCLNData table stores the current BIG INT values for all business entities.,One hour,N/A,"pkey_ RDCLNData (Clustered) EntityID, Item, SeqNo",27,27
qa_database_schema_rdc_v1_4_6,QA Database Schema - RDC_v1.4.6.pdf,RDCLSData,RDC Long Description Data | The RDCLSData table stores the current LARGE VARCHAR (>40 & <=255) values for all business entities.,One hour,N/A,"pkey_ RDCLSData (Clustered) EntityID, Item, SeqNo",27,28
qa_database_schema_rdc_v1_4_6,QA Database Schema - RDC_v1.4.6.pdf,RDCMSData,RDC Medium Description Data | The RDCMSData table stores the current MEDIUM VARCHAR (>12 & <=40) values for all business entities.,One hour,N/A,"pkey_ RDCMSData (Clustered) EntityID, Item, SeqNo",28,28
qa_database_schema_rdc_v1_4_6,QA Database Schema - RDC_v1.4.6.pdf,RDCNData,RDC Numeric Data | The RDCNData table stores the current NUMERIC values for all business entities.,One hour,N/A,"pkey_ RDCNData (Clustered) EntityID, Item, SeqNo",28,28
qa_database_schema_rdc_v1_4_6,QA Database Schema - RDC_v1.4.6.pdf,RDCOIQMap,"RDC Organization Instrument Quote Mapping | The RDCOIQMap table holds the primary keys for the Org, Instrument and Quote tables.",One hour,N/A,"pkey_ RDCOIQMap (Clustered) OrgId, InstrID, QuoteID",28,29
qa_database_schema_rdc_v1_4_6,QA Database Schema - RDC_v1.4.6.pdf,RDCSedolData,RDC SEDOL Data | The RDCSedolData table will store all the current and historic SEDOL values for a Quote.,One hour,N/A,"pkey_ RDCSedolData (Clustered) QuoteID, SeqNo, StartDate, StartTime",29,29
qa_database_schema_rdc_v1_4_6,QA Database Schema - RDC_v1.4.6.pdf,RDCSSData,RDC Small Description Data | The RDCSSData table stores all the current SMALL VARCHAR (<=12) values for all business entities.,One hour,N/A,"pkey_ RDCSSData (Clustered) EntityID, Item, SeqNo",29,30
qa_database_schema_rdc_v1_4_6,QA Database Schema - RDC_v1.4.6.pdf,RDCXLSData,RDC Extra Large Description Data | The RDCXLSData table stores the current EXTRA LARGE VARCHAR (>255) values for all business entities.,One hour,N/A,"pkey_ RDCXLSData (Clustered) EntityID, Item, SeqNo",30,31
qa_database_schema_s_p_gics_v1_0_4_2022_05_02,QA Database Schema - S-P GICS v1.0.4 (2022-05-02).pdf,SPG2CmpInfo,"S&P GICS Company Information | This table contains all company information, including active and inactive companies.",Daily,N/A,pkey_SPG2CmpInfo (Clustered) GvKey,7,7
qa_database_schema_s_p_gics_v1_0_4_2022_05_02,QA Database Schema - S-P GICS v1.0.4 (2022-05-02).pdf,SPG2Code,S&P GICS and Exchange Codes | This table contains GICS code values and the exchange code values and their descriptions.,Daily,N/A,"pkey_SPG2Code (Clustered) Type_, Code",7,7
qa_database_schema_s_p_gics_v1_0_4_2022_05_02,QA Database Schema - S-P GICS v1.0.4 (2022-05-02).pdf,SPG2Desc,S&P GICS Country and Issue Type Codes | This table contains country code values and issue type codes and their descriptions.,Daily,N/A,"pkey_SPG2Desc (Clustered) Type_, Code",7,8
qa_database_schema_s_p_gics_v1_0_4_2022_05_02,QA Database Schema - S-P GICS v1.0.4 (2022-05-02).pdf,SPG2DGICS,S&P GICS Direct Data | This table contains current industrial classification information related to all active companies located globally.,Daily,N/A,pkey_SPG2DGICS (Clustered) GvKey,8,8
qa_database_schema_s_p_gics_v1_0_4_2022_05_02,QA Database Schema - S-P GICS v1.0.4 (2022-05-02).pdf,SPG2HGICS,S&P GICS Industrial Classification Changes | This table contains changes to the industrial classification information related to all North American companies.,Daily,N/A,"pkey_SPG2HGICS (Clustered) GvKey, StartDate",8,8
qa_database_schema_s_p_gics_v1_0_4_2022_05_02,QA Database Schema - S-P GICS v1.0.4 (2022-05-02).pdf,SPG2SecInfo,S&P GICS Security-Level Data | This table contains the security-level data associated with active and inactive North American securities and,Daily,N/A,pkey_SPG2SecInfo (Clustered) Code,8,9
qa_database_schema_s_p_gics_v1_0_4_2022_05_02,QA Database Schema - S-P GICS v1.0.4 (2022-05-02).pdf,SPG2SecMktIdent,S&P GICS Security Licenses | This table contains information about the security licenses. This table maps the Code field (security identifier) to,Daily,N/A,"pkey_SPG2SecMktIdent (Clustered) Code, Item, StartDate",9,10
qa_database_schema_s_p_gics_v1_0_4_2022_05_02,QA Database Schema - S-P GICS v1.0.4 (2022-05-02).pdf,Spgcode,S&P Code Descriptions for GICS History and Direct Data | This table contains S&P code descriptions for GICS history and direct data.,Daily,N/A,"pkey_Spgcode (Clustered) Type_, Code",10,11
qa_database_schema_s_p_gics_v1_0_4_2022_05_02,QA Database Schema - S-P GICS v1.0.4 (2022-05-02).pdf,Spgdcomp,S&P GICS Direct Companies (Legacy) | This table contains information for S&P GICS direct companies.,Daily,N/A,"pkey_Spgdcomp (Clustered) GvKey Spgdcomp_Cusip Cusip, GvKey Spgdcomp_Name Name, GvKey Spgdcomp_Ticker Ticker",11,11
qa_database_schema_s_p_gics_v1_0_4_2022_05_02,QA Database Schema - S-P GICS v1.0.4 (2022-05-02).pdf,Spgdgics,S&P GICS Direct GICS (Legacy) | This table contains information for S&P GICS direct GICS,Daily,N/A,pkey_Spgdgics (Clustered) GvKey,11,12
qa_database_schema_s_p_gics_v1_0_4_2022_05_02,QA Database Schema - S-P GICS v1.0.4 (2022-05-02).pdf,Spgdsec,S&P GICS Direct Securities (Legacy) | This table contains information for S&P GICS direct securities.,Daily,N/A,"pkey_Spgdsec (Clustered) GvKey, Iid Spgdsec_Cid Cid, Iid Spgdsec_Isin Isin, GvKey, Iid Spgdsec_Sedol Sedol, GvKey, Iid Spgdsec_Ticker Ticker, GvKey, Iid",12,13
qa_database_schema_s_p_gics_v1_0_4_2022_05_02,QA Database Schema - S-P GICS v1.0.4 (2022-05-02).pdf,Spghcomp,S&P GICS History Companies (Legacy) | This table contains information for S&P GICS history companies.,Daily,N/A,"pkey_Spghcomp (Clustered) GvKey Spghcomp_Cusip Cusip, GvKey Spghcomp_Name Name, GvKey Spghcomp_Ticker Ticker",13,13
qa_database_schema_s_p_gics_v1_0_4_2022_05_02,QA Database Schema - S-P GICS v1.0.4 (2022-05-02).pdf,Spghgics,S&P GICS History GICS (Legacy) | This table contains information for S&P GICS history GICS.,Daily,N/A,"pkey_Spghgics (Clustered) GvKey, FromDate",13,14
qa_database_schema_s_p_gics_v1_0_4_2022_05_02,QA Database Schema - S-P GICS v1.0.4 (2022-05-02).pdf,Spghsec,S&P GICS History Securities (Legacy) | This table contains information for S&P GICS history securities.,Daily,N/A,"pkey_Spghsec (Clustered) GvKey, Iid Spghsec_Cid Cid, Iid Spghsec_Isin Isin, GvKey, Iid Spghsec_Sedol Sedol, GvKey, Iid Spghsec_Ticker Ticker, GvKey, Iid",14,15
qa_database_schema_short_interest_data_v1_0_5_2022_05_02,QA Database Schema - Short Interest Data v1.0.5 (2022-05-02).pdf,ShortInt2Code,Numeric Codes | This table contains descriptions of numeric codes.,Once monthly on approximately the 20th day of each month.,No,"pkey_ShortInt2Code (Clustered) Type_, Code",6,6
qa_database_schema_short_interest_data_v1_0_5_2022_05_02,QA Database Schema - Short Interest Data v1.0.5 (2022-05-02).pdf,ShortInt2Data,"Monthly Short Interest Data | Use this table to retrieve Short Interest data from the NYSE, NASDAQ, AMEX, ARCA, and/or OTC.",Twice a month.,No,"pkey_ShortInt2Data (Clustered) Code, Exch, Date_",6,7
qa_database_schema_short_interest_data_v1_0_5_2022_05_02,QA Database Schema - Short Interest Data v1.0.5 (2022-05-02).pdf,ShortInt2Desc,Character Code Descriptions | This table contains descriptions of character codes. | table you use depends on the database version you are using. For LSEG Quantitative Analytics database,Twice a month.,No,"pkey_ShortInt2Desc (Clustered) Type_, Code pkey_ShortInt (Clustered) Code, Exch, Date_",7,9
qa_database_schema_starmine_analytics_v1_2_1_2022_05_02,QA Database Schema - StarMine Analytics v1.2.1 (2022-05-02).pdf,SMAIdent,This table contains identifier information for securities included in the CAM model.,Daily,N/A,pkey_SMAIdent (clustered) QuotePermID,8,9
qa_database_schema_starmine_analytics_v1_2_1_2022_05_02,QA Database Schema - StarMine Analytics v1.2.1 (2022-05-02).pdf,SMAMap,This table contains mapping data for StarMine SecID to PermID.,Daily,N/A,pkey_SMAMap (clustered) QuotePermID,9,9
qa_database_schema_starmine_analytics_v1_2_1_2022_05_02,QA Database Schema - StarMine Analytics v1.2.1 (2022-05-02).pdf,SMACode,This table contains metadata for the CAM model.,Daily,N/A,"pkey_SMACode (clustered) CodeType, Code",9,9
qa_database_schema_starmine_analytics_v1_2_1_2022_05_02,QA Database Schema - StarMine Analytics v1.2.1 (2022-05-02).pdf,SMAItem,This table contains items relating to the StarMine Credit Risk models. | TableCode tinyint Y Table name where the data can be located. Cross,N/A,N/A,pkey_SMAItem (clustered) Item Refinitiv Quantitative Analytics - Database Schema for StarMine Analytics Version 1.2.1 Page 10 of 26,9,11
qa_database_schema_starmine_analytics_v1_2_1_2022_05_02,QA Database Schema - StarMine Analytics v1.2.1 (2022-05-02).pdf,SMACAMAm,This table contains StarMine daily CAM Americas data.,Daily,N/A,"pkey_SMACAMAm (clustered) QuotePermID, CalcDate",11,12
qa_database_schema_starmine_analytics_v1_2_1_2022_05_02,QA Database Schema - StarMine Analytics v1.2.1 (2022-05-02).pdf,SMACAMAp,This table contains StarMine daily CAM Asia Pacific data.,Daily,N/A,"pkey_SMACAMAp (clustered) QuotePermID, CalcDate",12,13
qa_database_schema_starmine_analytics_v1_2_1_2022_05_02,QA Database Schema - StarMine Analytics v1.2.1 (2022-05-02).pdf,SMACAMEa,"This table contains StarMine daily CAM Europe, Middle East, and Africa data.",Daily,N/A,"pkey_SMACAMAm (clustered) QuotePermID, CalcDate",13,14
qa_database_schema_starmine_analytics_v1_2_1_2022_05_02,QA Database Schema - StarMine Analytics v1.2.1 (2022-05-02).pdf,SMACCRAm,This table contains StarMine daily Combined Credit Risk Americas data.,Daily,N/A,"pkey_SMACCRAm (clustered) QuotePermID, CalcDate, Item",14,15
qa_database_schema_starmine_analytics_v1_2_1_2022_05_02,QA Database Schema - StarMine Analytics v1.2.1 (2022-05-02).pdf,SMACCRAp,This table contains StarMine daily Combined Credit Risk Asia Pacific data.,Daily,N/A,"pkey_SMACCRAp (clustered) QuotePermID, CalcDate, Item",15,15
qa_database_schema_starmine_analytics_v1_2_1_2022_05_02,QA Database Schema - StarMine Analytics v1.2.1 (2022-05-02).pdf,SMACCREa,"This table contains StarMine daily Combined Credit Risk Europe, Middle East, and Africa data.",Daily,N/A,"pkey_SMACCREa (clustered) QuotePermID, CalcDate, Item",15,17
qa_database_schema_starmine_analytics_v1_2_1_2022_05_02,QA Database Schema - StarMine Analytics v1.2.1 (2022-05-02).pdf,SMATMCRAm,This table contains StarMine daily Text Mining Credit Risk Americas data.,Daily,N/A,"pkey_SMATMCRAm (clustered) QuotePermID, CalcDate, Item",17,18
qa_database_schema_starmine_analytics_v1_2_1_2022_05_02,QA Database Schema - StarMine Analytics v1.2.1 (2022-05-02).pdf,SMATMCRAp,This table contains StarMine daily Text Mining Credit Risk Asia Pacific data.,Daily,N/A,"pkey_SMATMCRAp (clustered) QuotePermID, CalcDate, Item",18,18
qa_database_schema_starmine_analytics_v1_2_1_2022_05_02,QA Database Schema - StarMine Analytics v1.2.1 (2022-05-02).pdf,SMATMCREa,"This table contains StarMine daily Text Mining Credit Risk Europe, Middle East, and Africa data.",Daily,N/A,"pkey_SMATMCREa (clustered) QuotePermID, CalcDate, Item",18,20
qa_database_schema_starmine_analytics_v1_2_1_2022_05_02,QA Database Schema - StarMine Analytics v1.2.1 (2022-05-02).pdf,SMASCRAm,This table contains StarMine daily Structural Credit Risk Americas data.,Daily,N/A,"pkey_SMASCRAm (clustered) QuotePermID, CalcDate, Item",20,21
qa_database_schema_starmine_analytics_v1_2_1_2022_05_02,QA Database Schema - StarMine Analytics v1.2.1 (2022-05-02).pdf,SMASCRAp,This table contains StarMine daily Structural Credit Risk Asia Pacific data .,Daily,N/A,"pkey_SMASCRAp (clustered) QuotePermID, CalcDate, Item",21,21
qa_database_schema_starmine_analytics_v1_2_1_2022_05_02,QA Database Schema - StarMine Analytics v1.2.1 (2022-05-02).pdf,SMASCREa,"This table contains StarMine daily Structural Credit Risk Europe, Middle East, and Africa data.",Daily,N/A,"pkey_SMASCREa (clustered) QuotePermID, CalcDate, Item",21,23
qa_database_schema_starmine_analytics_v1_2_1_2022_05_02,QA Database Schema - StarMine Analytics v1.2.1 (2022-05-02).pdf,SMASRCRAm,This table contains StarMine daily SmartRatios Credit Risk Americas data.,Daily,N/A,"pkey_SMASRCRAm (clustered) QuotePermID, CalcDate, Item",23,24
qa_database_schema_starmine_analytics_v1_2_1_2022_05_02,QA Database Schema - StarMine Analytics v1.2.1 (2022-05-02).pdf,SMASRCRAp,This table contains StarMine daily SmartRatios Credit Risk Asia Pacific data.,Daily,N/A,"pkey_SMASRCRAp (clustered) QuotePermID, CalcDate, Item",24,24
qa_database_schema_starmine_analytics_v1_2_1_2022_05_02,QA Database Schema - StarMine Analytics v1.2.1 (2022-05-02).pdf,SMASRCREa,"This table contains StarMine daily SmartRatios Credit Risk Europe, Middle East, and Africa data.",Daily,N/A,"pkey_SMASRCREa (clustered) QuotePermID, CalcDate, Item",24,26
qa_database_schema_starmine_v1_1_4_2024_01_22,QA Database Schema - StarMine v1.1.4 (2024-01-22).pdf,Sm2Code,StarMine Code Descriptions | This table contains Code field descriptions for SM2* tables.,Daily,No,"PK_Sm2Code (clustered) Type_, Code",8,8
qa_database_schema_starmine_v1_1_4_2024_01_22,QA Database Schema - StarMine v1.1.4 (2024-01-22).pdf,Sm2DInfo,StarMine Securities Information | This table contains security information for securities included in the daily feed. | The table below provides the PermRegion Codes and corresponding PermRegion Names.,Daily,No,"pkey_sm2dinfo (Clustered) SecId sm2dinfo_1 CuSed sm2dinfo_2 Cusip sm2dinfo_3 Sedol sm2dinfo_4 SecCtry sm2dinfo_5 CmpCtry sm2dinfo_6 Ticker sm2dinfo_7 VenTicker sm2dinfo_8 CmpName, SecId",8,9
qa_database_schema_starmine_v1_1_4_2024_01_22,QA Database Schema - StarMine v1.1.4 (2024-01-22).pdf,Sm2Item,StarMine Item Identifiers | Use this table to retrieve item identifiers and descriptions.,Daily,No,PK_Sm2Item (clustered) Item,9,11
qa_database_schema_starmine_v1_1_4_2024_01_22,QA Database Schema - StarMine v1.1.4 (2024-01-22).pdf,Sm2ItemDesc,StarMine Item Description | Use this table to retrieve the full description of the item.,Daily,No,PK_Sm2ItemDesc (clustered) Item,11,11
qa_database_schema_starmine_v1_1_4_2024_01_22,QA Database Schema - StarMine v1.1.4 (2024-01-22).pdf,Sm2Region,"StarMine Regions | Use this table to retrieve entitlement and model-specific regions and their relationships. | – ARM (Analyst Revision Models): table names begin with Sm2DArm* | – CRM (Credit Risk Models): table names begin with Sm2DCRM* | – EQ (Earnings Quality): table names begin with Sm2DEq* | – IV (Intrinsic Value): table names begin with Sm2DIv* | – Smart Holdings: table names begin with Sm2DSH* | – Val-Mo (Value Momentum) and Price-Mo (Price Momentum): table names begin with Sm2DVMo*. | – Americas: table names end in *AM | – Asia Pacific: table names end in *AP | – Europe, Middle East, and Africa: table names end in *EA | Table tinyint",Daily,No,"PK_Sm2Region RegionCode pkey_Sm2DArm* (clustered) Item, SecId, StartDate, FscPeriod, ChgPeriod,",11,14
qa_database_schema_starmine_v1_1_4_2024_01_22,QA Database Schema - StarMine v1.1.4 (2024-01-22).pdf,Measure,These table contain the daily CRM (Credit Risk Model) data. This description includes: | These tables contain the daily Smart Holdings rankings data. Each table contains ranking data for a given region. | Table SHORT,Monthly. Updates are maintained on a six-month rolling history. Data older than six months is,No,"pkey_Sm2DArm* (clustered) Item, SecId, StartDate pkey_SM2DCRM* (clustered) Item, SecId, StartDate PK_Sm2DEq* (clustered) Item, SecId, StartDate, FscPeriod, ChgPeriod PK_Sm2DIv* (clustered) Item, SecId, StartDate, FscPeriod pkey_Sm2DVMo* (Clustered) Item, SecId, StartDate pkey_Sm2DSHAm (Clustered) Item, SecId, StartDate",14,21
qa_database_schema_starmine_v1_1_4_2024_01_22,QA Database Schema - StarMine v1.1.4 (2024-01-22).pdf,Sm2HArm,StarMine Historical ARM Data | This table contains a subset of ARM (Analyst Revision Model) items on a historical basis.,Monthly,No,"PK_Sm2HArm (clustered) SecId, Item, Date_",21,21
qa_database_schema_starmine_v1_1_4_2024_01_22,QA Database Schema - StarMine v1.1.4 (2024-01-22).pdf,Sm2HEq,StarMine Historical EQ Data | This table contains a subset of EQ (Earnings Quality) items on a historical basis.,Monthly,No,"PK_Sm2HEq_1 (clustered) SecId, Item, Date_",21,22
qa_database_schema_starmine_v1_1_4_2024_01_22,QA Database Schema - StarMine v1.1.4 (2024-01-22).pdf,Sm2HIdentChg,StarMine Change History | This table contains security change history information.,Monthly,No,"PK_Sm2HIdentChg (clustered) SecId, IdentType, Exch, StartDate",22,22
qa_database_schema_starmine_v1_1_4_2024_01_22,QA Database Schema - StarMine v1.1.4 (2024-01-22).pdf,Sm2HInfo,StarMine Historical Security Information | This table contains historical information on securities included in the historical feed. | The table below provides the PermRegion Codes and corresponding PermRegion Names.,Monthly,No,PK_Sm2HInfo (clustered) SecId,22,23
qa_database_schema_starmine_v1_1_4_2024_01_22,QA Database Schema - StarMine v1.1.4 (2024-01-22).pdf,Sm2HIv,StarMine Historical IV Data | This table contains a subset of IV (Intrinsic Value) and Relative Value items on a historical basis.,Monthly,No,"PK_Sm2HIv (clustered) SecId, Item, Date_, FscPeriod",23,24
qa_database_schema_starmine_v1_1_4_2024_01_22,QA Database Schema - StarMine v1.1.4 (2024-01-22).pdf,Sm2HVMo,StarMine Historical Val-Mo and Price-Mo Data | This table contains the historical data items for both the Val-Mo and Price-Mo models on a monthly basis.,Daily,No,"PK_Sm2HVMo (clustered) SecId, Item, Date_",24,24
qa_database_schema_starmine_v1_1_4_2024_01_22,QA Database Schema - StarMine v1.1.4 (2024-01-22).pdf,SM2HSH,Monthly Smart Holdings Data | This table stores Smart Holdings monthly historic rankings data.,Monthly,No,"pkey_Sm2HSH (Clustered) SecId, Item, Date_",24,25
qa_database_schema_starmine_v1_1_4_2024_01_22,QA Database Schema - StarMine v1.1.4 (2024-01-22).pdf,vw_SM2MappingDaily,,,,,25,26
qa_database_schema_starmine_v1_1_4_2024_01_22,QA Database Schema - StarMine v1.1.4 (2024-01-22).pdf,vw_SM2Items,,,,,26,28
qa_database_schema_starmine_v1_1_4_2024_01_22,QA Database Schema - StarMine v1.1.4 (2024-01-22).pdf,vw_SM2HistMulti,,,,,28,28
qa_database_schema_starmine_v1_1_4_2024_01_22,QA Database Schema - StarMine v1.1.4 (2024-01-22).pdf,Holdings,,,,,28,29
qa_database_schema_starmine_v1_1_4_2024_01_22,QA Database Schema - StarMine v1.1.4 (2024-01-22).pdf,vw_SM2HistIV,,,,,29,30
qa_database_schema_starmine_v1_1_4_2024_01_22,QA Database Schema - StarMine v1.1.4 (2024-01-22).pdf,vw_SM2DARM,,,,,30,31
qa_database_schema_starmine_v1_1_4_2024_01_22,QA Database Schema - StarMine v1.1.4 (2024-01-22).pdf,vw_SM2DARMA,,,,,31,32
qa_database_schema_starmine_v1_1_4_2024_01_22,QA Database Schema - StarMine v1.1.4 (2024-01-22).pdf,vw_SM2DCRM,,,,,32,33
qa_database_schema_starmine_v1_1_4_2024_01_22,QA Database Schema - StarMine v1.1.4 (2024-01-22).pdf,vw_SM2DEQ,,,,,33,34
qa_database_schema_starmine_v1_1_4_2024_01_22,QA Database Schema - StarMine v1.1.4 (2024-01-22).pdf,vw_SM2DIV,,,,,34,36
qa_database_schema_starmine_v1_1_4_2024_01_22,QA Database Schema - StarMine v1.1.4 (2024-01-22).pdf,vw_SM2DVMo,,,,,36,37
qa_database_schema_starmine_v1_1_4_2024_01_22,QA Database Schema - StarMine v1.1.4 (2024-01-22).pdf,vw_SM2HIdentChg,,,,,37,39
qa_database_schema_street_events_v1_0_2_2022_05_05,QA Database Schema - Street Events v1.0.2 (2022-05-05).pdf,SECmpInfo,This table contains organization-level information.,Hourly,N/A,PK_ SECmpInfo (clustered) CmpId,7,7
qa_database_schema_street_events_v1_0_2_2022_05_05,QA Database Schema - Street Events v1.0.2 (2022-05-05).pdf,SECmpInfoChg,This table contains organization-level information changes.,Hourly,N/A,"PK_ SECmpInfoChg (clustered) CmpId, Item, StartDt",7,8
qa_database_schema_street_events_v1_0_2_2022_05_05,QA Database Schema - Street Events v1.0.2 (2022-05-05).pdf,SECmpContact,This table contains organization-level contact information.,Hourly,N/A,PK_ SECmpContact (clustered) CmpId,8,8
qa_database_schema_street_events_v1_0_2_2022_05_05,QA Database Schema - Street Events v1.0.2 (2022-05-05).pdf,SECmpContactChg,This table contains organization-level contact information changes.,Hourly,N/A,"PK_ SECmpContactChg (clustered) CmpId, Item, StartDt",8,8
qa_database_schema_street_events_v1_0_2_2022_05_05,QA Database Schema - Street Events v1.0.2 (2022-05-05).pdf,SECmpCoverage,This table contains company coverage event information.,Hourly,N/A,PK_ SECmpCoverage (clustered) CmpId,8,9
qa_database_schema_street_events_v1_0_2_2022_05_05,QA Database Schema - Street Events v1.0.2 (2022-05-05).pdf,SECmpEarnings,This table contains company earnings event information.,Hourly,N/A,"PK_ SECmpEarnings (clustered) CmpId, EarnTypeCode, PerTypeCode, FYE, CalQtrEnd",9,9
qa_database_schema_street_events_v1_0_2_2022_05_05,QA Database Schema - Street Events v1.0.2 (2022-05-05).pdf,SEEcoInfo,This table contains economic event definition and description.,Hourly,N/A,PK_ SEEcoInfo (clustered) EcoId,9,10
qa_database_schema_street_events_v1_0_2_2022_05_05,QA Database Schema - Street Events v1.0.2 (2022-05-05).pdf,SEEcoDet,This table contains economic event details.,Hourly,N/A,"PK_ SEEcoDet (clustered) EcoId, SeqNum",10,10
qa_database_schema_street_events_v1_0_2_2022_05_05,QA Database Schema - Street Events v1.0.2 (2022-05-05).pdf,SEIPO,This table contains IPO event details.,Hourly,N/A,PK_ SEIPO (clustered) IPOId,10,11
qa_database_schema_street_events_v1_0_2_2022_05_05,QA Database Schema - Street Events v1.0.2 (2022-05-05).pdf,SEDividend,This table contains dividend event information.,Hourly,N/A,"PK_ SEDividend (clustered) DivId, CmpId",11,11
qa_database_schema_street_events_v1_0_2_2022_05_05,QA Database Schema - Street Events v1.0.2 (2022-05-05).pdf,SELocation,This table contains event location information.,Hourly,N/A,PK_ SELocation (clustered) LocId,11,12
qa_database_schema_street_events_v1_0_2_2022_05_05,QA Database Schema - Street Events v1.0.2 (2022-05-05).pdf,SERegistration,This table contains event registration details.,Hourly,N/A,PK_ SERegistration (clustered) RegId,12,12
qa_database_schema_street_events_v1_0_2_2022_05_05,QA Database Schema - Street Events v1.0.2 (2022-05-05).pdf,SESplit,This table contains Split event details.,Hourly,N/A,PK_ SESplit (clustered) SplitId,12,13
qa_database_schema_street_events_v1_0_2_2022_05_05,QA Database Schema - Street Events v1.0.2 (2022-05-05).pdf,SETouchpoint,This table contains touch point or access methods for an event.,Hourly,N/A,"PK_ SETouchpoint (clustered) TPId, SeqNum",13,13
qa_database_schema_street_events_v1_0_2_2022_05_05,QA Database Schema - Street Events v1.0.2 (2022-05-05).pdf,SEAddlMat,"This table contains any additional materials used for the event, e.g. presentation materials.",Hourly,N/A,"PK_ SEAddlMat (clustered) EventId, SeqNum",13,14
qa_database_schema_street_events_v1_0_2_2022_05_05,QA Database Schema - Street Events v1.0.2 (2022-05-05).pdf,SEMP3URL,,Hourly,N/A,PK_ SEMP3URL (clustered) EventId,14,14
qa_database_schema_street_events_v1_0_2_2022_05_05,QA Database Schema - Street Events v1.0.2 (2022-05-05).pdf,SEInfo,"This parent table contains information for all events e.g., global transcripts, briefs, events, guidance, filings and",Hourly,N/A,PK_ SEInfo (clustered) EventId,14,15
qa_database_schema_street_events_v1_0_2_2022_05_05,QA Database Schema - Street Events v1.0.2 (2022-05-05).pdf,SEHosts,This is a child table of SEInfo that captures multiple (hosts) CmpId for a given event.,Hourly,N/A,"PK_ SEHosts (clustered) EventId, CmpId",15,15
qa_database_schema_street_events_v1_0_2_2022_05_05,QA Database Schema - Street Events v1.0.2 (2022-05-05).pdf,SETopics,This is a child table of SEInfo that captures multiple topics in a given event.,Hourly Adjusted: N/A,,"PK_ SETopics (clustered) EventId, SeqNum",15,16
qa_database_schema_street_events_v1_0_2_2022_05_05,QA Database Schema - Street Events v1.0.2 (2022-05-05).pdf,SEItem,This table contains item codes assigned to each individual attribute in the SECmpInfoChg and | DataTables varchar(20) Yes Numeric code for the Table that corresponding Item joins,Hourly,N/A,PK_ SEItem (clustered) Item,16,16
qa_database_schema_street_events_v1_0_2_2022_05_05,QA Database Schema - Street Events v1.0.2 (2022-05-05).pdf,SECode,This table contains descriptions for the integer codes.,Hourly,N/A,"PK_ SECode (clustered) Type_, Code",16,16
qa_database_schema_street_events_v1_0_2_2022_05_05,QA Database Schema - Street Events v1.0.2 (2022-05-05).pdf,SEDesc,This table contains descriptions for the character codes.,Hourly,N/A,"PK_ SEDesc (clustered) Type_, Code",16,17
qa_database_schema_symbology_v1_1_9,QA Database Schema - Symbology_v1.1.9.pdf,PermOrgRef,This table provides detailed reference information about organizations.,"Every 15 minutes, Monday to Friday",,pkey_ OrgRef (clustered) OrgPermID,7,8
qa_database_schema_symbology_v1_1_9,QA Database Schema - Symbology_v1.1.9.pdf,PermOrgInfo,"This table provides information on the organization, including its physical location and contact details.","Every 15 minutes, Monday to Friday",,"pkey_ OrgInfo (clustered) OrgPermID, AddrTypeCode",8,9
qa_database_schema_symbology_v1_1_9,QA Database Schema - Symbology_v1.1.9.pdf,PermInstrRef,This table provides detailed reference information at the financial instrument level.,"Every 15 minutes, Monday to Friday",,pkey_ InstrRef (clustered) InstrPermID,9,10
qa_database_schema_symbology_v1_1_9,QA Database Schema - Symbology_v1.1.9.pdf,PermInstrInfo,This table provides information about the financial instrument.,"Every 15 minutes, Monday to Friday",,pkey_ InstrInfo (clustered) InstrPermID,10,11
qa_database_schema_symbology_v1_1_9,QA Database Schema - Symbology_v1.1.9.pdf,PermQuoteRef,This table provides detailed reference information about quotes.,"Every 15 minutes, Monday to Friday",,pkey_ QuoteRef (clustered) QuotePermID,11,12
qa_database_schema_symbology_v1_1_9,QA Database Schema - Symbology_v1.1.9.pdf,PermQuoteInfo,This table provides information about the quote.,"Every 15 minutes, Monday to Friday",,pkey_ QuoteInfo (clustered) QuotePermID,12,13
qa_database_schema_symbology_v1_1_9,QA Database Schema - Symbology_v1.1.9.pdf,PermCode,This lookup table contains translations for codes of both integer and string datatype.,"Every 15 minutes, Monday to Friday",,"pkey_ SymCode (clustered) CodeType, Code",13,13
qa_database_schema_symbology_v1_1_9,QA Database Schema - Symbology_v1.1.9.pdf,PermCusipData,This table provides information on all the current and historic Cusip values for a financial instrument.,"Every 15 minutes, Monday to Friday",,"pkey_ CusipData (clustered) InstrPermID, StartDate",13,13
qa_database_schema_symbology_v1_1_9,QA Database Schema - Symbology_v1.1.9.pdf,PermCinCusipData,This table provides information on all current and historic CinCusip values for an instrument.,"Every 15 minutes, Monday to Friday",,"pkey_CinCusipData (clustered) InstrPermID, StartDate",13,14
qa_database_schema_symbology_v1_1_9,QA Database Schema - Symbology_v1.1.9.pdf,PermISINData,This table provides information on all the current and historic ISIN values for a financial instrument.,"Every 15 minutes, Monday to Friday",,"pkey_ ISINData (clustered) InstrPermID, StartDate",14,14
qa_database_schema_symbology_v1_1_9,QA Database Schema - Symbology_v1.1.9.pdf,PermSedolData,This table provides information on all the current and historic Sedol values for a Quote.,"Every 15 minutes, Monday to Friday",,"pkey_ SedolData (clustered) QuotePermID, StartDate",14,14
qa_database_schema_symbology_v1_1_9,QA Database Schema - Symbology_v1.1.9.pdf,PermRICData,This table provides information on all the current and historic RIC values for a Quote.,"Every 15 minutes, Monday to Friday",,"pkey_ RICData (clustered) QuotePermID, StartDate",14,15
qa_database_schema_symbology_v1_1_9,QA Database Schema - Symbology_v1.1.9.pdf,PermSecMapX,This table provides mapping to vendor codes including ranking and time series.,"Every 15 minutes, Monday to Friday",,"pkey_ RICData (clustered) RegCode, SecCode, EntType, Rank",15,16
qa_database_schema_toyo_keizai_v1_0_5_2023_08_29,QA Database Schema - Toyo Keizai v1.0.5 (2023-08-29).pdf,TK2AdjFactor,Adjustment Factors | Use this table to retrieve historical adjustment factors for per share data items.,,,"pkey_TK2AdjFactor (clustered) SecurityID, StartDate",7,7
qa_database_schema_toyo_keizai_v1_0_5_2023_08_29,QA Database Schema - Toyo Keizai v1.0.5 (2023-08-29).pdf,TK2CumAdjFactor,"Cumulative Adjustment Factors | Use this table to retrieve historical, cumulative adjustment factors for per share data items.",,,"pkey_TK2CumAdjFactor (clustered) SecurityID,EvalStartDate, ObsStartDate",7,7
qa_database_schema_toyo_keizai_v1_0_5_2023_08_29,QA Database Schema - Toyo Keizai v1.0.5 (2023-08-29).pdf,TK2Catalog,Toyo Keizai 2 Catalogs | This table contains the names of the data package services provided by Toyo Keizai and the items that belong to,,,"pkey_TK2Catalog (clustered) CatalogCode, Item",7,8
qa_database_schema_toyo_keizai_v1_0_5_2023_08_29,QA Database Schema - Toyo Keizai v1.0.5 (2023-08-29).pdf,TK2Code,Toyo Keizai 2 Codes | This table contains descriptions for Toyo Keizai coded items.,,,"pkey_TK2Code (clustered) Type_, Code",8,8
qa_database_schema_toyo_keizai_v1_0_5_2023_08_29,QA Database Schema - Toyo Keizai v1.0.5 (2023-08-29).pdf,TK2Exchange,Listing Exchanges | Use this table to retrieve the exchange on which each company is listed.,,,"pkey_TK2Exchange (clustered) SecurityID, ExchangeCode, StartDate",8,8
qa_database_schema_toyo_keizai_v1_0_5_2023_08_29,QA Database Schema - Toyo Keizai v1.0.5 (2023-08-29).pdf,TK2Info,Company Information | This table lists the companies covered by this implementation of the Toyo Keizai TREND3EPOT datafeed.,,,pkey_TK2Info (clustered) SecurityID,8,9
qa_database_schema_toyo_keizai_v1_0_5_2023_08_29,QA Database Schema - Toyo Keizai v1.0.5 (2023-08-29).pdf,TK2InfoChg,Company Information Changes | This table contains compiled historical changes of any of several identifiers in the TREND3EPOT datafeed.,,,"pkey_TK2InfoChg (clustered) SecurityID, StartDate",9,9
qa_database_schema_toyo_keizai_v1_0_5_2023_08_29,QA Database Schema - Toyo Keizai v1.0.5 (2023-08-29).pdf,TK2Item,Financial Statement Account Items | The data in this table identifies all the account items of financial statements referenced in the TREND3EPOT,,,pkey_TK2Item (clustered) Item,9,10
qa_database_schema_toyo_keizai_v1_0_5_2023_08_29,QA Database Schema - Toyo Keizai v1.0.5 (2023-08-29).pdf,TK2Shares,Historical Shares | This table contains historical shares data. | This table contains data item values and data source information for consolidated data reported under | This table contains data item values and data source information for consolidated data reported under SEC | This table contains data item values and data source information for consolidated data reported under IFRS | This table contains all data item values and source information for parent data reported under Japanese,,,"pkey_TK2Shares (clustered) SecurityID, ShareTypeCode, StartDate pkey_TK*Data (clustered) SecurityID, Item, PerCode, PerEndDate, FilingDate, SrcCode,",10,11
qa_database_schema_toyo_keizai_v1_0_5_2023_08_29,QA Database Schema - Toyo Keizai v1.0.5 (2023-08-29).pdf,SeqNum,,,,,11,12
qa_database_schema_toyo_keizai_v1_0_5_2023_08_29,QA Database Schema - Toyo Keizai v1.0.5 (2023-08-29).pdf,TK2Notes,Estimate Footnotes | Use this table to retrieve footnotes for the estimate items in the TREND3EPOT datafeed.,,,"pkey_TK2Notes (clustered) Item, BizCatCode",12,13
qa_database_schema_trbc_v1_1_4_2022_05_05,QA Database Schema - TRBC v1.1.4 (2022-05-05).pdf,RDCCode,Numeric Codes | This table contains descriptions of Reference Data Convergence (RDC) numeric codes.,Full refresh is available weekly. Incremental updates from RDC are available every 15 minutes.,N/A,"pkey_RDCCode (Clustered) Type_, Code",6,6
qa_database_schema_trbc_v1_1_4_2022_05_05,QA Database Schema - TRBC v1.1.4 (2022-05-05).pdf,RDCDesc,Character Code Descriptions | This table contains descriptions of Reference Data Convergence (RDC) character codes.,Full refresh is available weekly. Incremental updates from RDC are available every 15 minutes.,N/A,"pkey_RDCDesc (Clustered) Type_, Code",6,7
qa_database_schema_trbc_v1_1_4_2022_05_05,QA Database Schema - TRBC v1.1.4 (2022-05-05).pdf,RDCOrgAddr,Address and Contact Information | This table contains the address and contact information of an organization.,Full refresh is available weekly. Incremental updates from RDC are available every 15 minutes.,N/A,,7,7
qa_database_schema_trbc_v1_1_4_2022_05_05,QA Database Schema - TRBC v1.1.4 (2022-05-05).pdf,RDCOrgInfo,Organization Information | This table contains information for organizations of interest in the capital markets.,Full refresh is available weekly. Incremental updates from RDC are available every 15 minutes.,N/A,pkey_RDCOrgAddr (Clustered) OrgId pkey_RDCOrgInfo (Clustered) OrgId 2. The Reference Business Classification (TRBC) Tables RDCOrgInfo: Organization Information 8 CORPORATE,7,9
qa_database_schema_trbc_v1_1_4_2022_05_05,QA Database Schema - TRBC v1.1.4 (2022-05-05).pdf,RDCTRBCAudit,TRBC Audit Trail | This data table contains audit trail for any change in TRBC assignments.,Full refresh is available weekly. Incremental updates from RDC are available every 15 minutes.,N/A,,9,9
qa_database_schema_trbc_v1_1_4_2022_05_05,QA Database Schema - TRBC v1.1.4 (2022-05-05).pdf,RDCTRBCData,TRBC Primary Codes | This table contains the current and historic TRBC primary codes for an organization.,Full refresh is available weekly. Incremental updates from RDC are available every 15 minutes.,N/A,"pkey_RDCTRBCAudit (Clustered) OrgId, AuditCode, StartDate, StartTime pkey_RDCTRBCData (Clustered) OrgId, TRBCId, StartDate, StartTime 2. The Reference Business Classification (TRBC) Tables RDCTRBCInfo: TRBC Item Information 10 CORPORATE",9,10
qa_database_schema_trbc_v1_1_4_2022_05_05,QA Database Schema - TRBC v1.1.4 (2022-05-05).pdf,RDCTRBCInfo,TRBC Item Information | This table contains TRBC item information.,Full refresh is available weekly. Incremental updates from RDC are available every 15 minutes.,N/A,,10,10
qa_database_schema_trbc_v1_1_4_2022_05_05,QA Database Schema - TRBC v1.1.4 (2022-05-05).pdf,RDCTRBCInfoChg,TRBC Item Information Changes | This table contains information on changes to the TRBC Ids.,Full refresh is available weekly. Incremental updates from RDC are available every 15 minutes.,N/A,"pkey_RDCTRBCInfo (Clustered) TRBCId pkey_RDCTRBCInfo (Clustered) TRBCId, StartDate 2. The Reference Business Classification (TRBC) Tables RDCTRBCMap: TRBC Mapping Information 11 CORPORATE",10,11
qa_database_schema_trbc_v1_1_4_2022_05_05,QA Database Schema - TRBC v1.1.4 (2022-05-05).pdf,RDCTRBCMap,"TRBC Mapping Information | industries, and 837 Activity codes. This table captures the association between all levels.",Full refresh is available weekly. Incremental updates from RDC are available every 15 minutes.,N/A,,11,11
qa_database_schema_trbc_v1_1_4_2022_05_05,QA Database Schema - TRBC v1.1.4 (2022-05-05).pdf,RDCInstrInfo,Instrument Level Information | This data table contains financial instruments and indicators with reference and descriptive information provided at,Daily,N/A,pkey_RDCTRBCMap (Clustered) ActTRBCId pkey_RDCInstrInfo (Clustered) InstrID 2. The Reference Business Classification (TRBC) Tables RDCSecMapX: RDC Security Map 12 CORPORATE,11,12
qa_database_schema_trbc_v1_1_4_2022_05_05,QA Database Schema - TRBC v1.1.4 (2022-05-05).pdf,RDCSecMapX,RDC Security Map | This table provides mapping to vendor codes including ranking and time series.,Daily,N/A,"pkey_RDCSecMapX (Clustered) SecCode, VenType, Rank 2. The Reference Business Classification (TRBC) Tables RDCGSecMapX: Global RDC Security Map 13 CORPORATE",12,13
qa_database_schema_trbc_v1_1_4_2022_05_05,QA Database Schema - TRBC v1.1.4 (2022-05-05).pdf,RDCGSecMapX,Global RDC Security Map | This table provides mapping to all available vendor codes including ranking and time series.,Daily,N/A,"pkey_RDCGSecMapX SecCode, VenType, Rank LSEG Quantitative Analytics TRBC 14 CORPORATE 3. SQL Views The SQL Views provide simplified calls that run complex SQL code and address key data nuances and mapping requests in the LSEG Quantitative Analytics database, making it much easier to access data through LSEG Quantitative Analytics. Customers are able to see the underlying SQL code and modify/customize it as required, as well as being able to save the modified code as their proprietary code. The LSEG Support Team is available to provide training on the library structure and how to use the SQL Views. Please contact Support if you would like the SQL views added to your server.",13,14
qa_database_schema_trbc_v1_1_4_2022_05_05,QA Database Schema - TRBC v1.1.4 (2022-05-05).pdf,vw_TRBCMapping,,,,,14,14
qa_database_schema_trbc_v1_1_4_2022_05_05,QA Database Schema - TRBC v1.1.4 (2022-05-05).pdf,vw_TRBCHistory,,,,,14,16
qa_database_schema_trbc_v1_1_4_2022_05_05,QA Database Schema - TRBC v1.1.4 (2022-05-05).pdf,vw_TRBCOrgInfo,,,,,16,16
qa_database_schema_trbc_v1_1_4_2022_05_05,QA Database Schema - TRBC v1.1.4 (2022-05-05).pdf,OrgID,,,,,16,17
qa_database_schema_trbc_v1_1_4_2022_05_05,QA Database Schema - TRBC v1.1.4 (2022-05-05).pdf,vw_TRBCInstrInfo,,,,,17,17
qa_database_schema_trbc_v1_1_4_2022_05_05,QA Database Schema - TRBC v1.1.4 (2022-05-05).pdf,InstrID,,,,,17,18
qa_database_schema_us_insider_v1_1_2023_05_03,QA Database Schema - US Insider v1.1 (2023-05-03).pdf,InsCode,United States Insider Codes | This table provides descriptions for the coded fields in the US Insider tables. | This table is shared between the US Insider Filing and US Insider Trading Data tables.,Daily,N/A,"pkey_InsCode (clustered) Type_, Code",7,7
qa_database_schema_us_insider_v1_1_2023_05_03,QA Database Schema - US Insider v1.1 (2023-05-03).pdf,InsFData,Insider Data Values | This table provides the data values for all Insider items.,Daily,Unadjusted,"pkey_InsFData (clustered) DCNCode, SeqNum, Item, FileCode",7,8
qa_database_schema_us_insider_v1_1_2023_05_03,QA Database Schema - US Insider v1.1 (2023-05-03).pdf,InsFDCNInfo,"Insiders Profile Identifier Changes | This table contains a history of identifier changes for the Insider profile, based on the document control number",Daily,N/A,pkey_InsFDCNInfo (clustered) DCNCode,8,9
qa_database_schema_us_insider_v1_1_2023_05_03,QA Database Schema - US Insider v1.1 (2023-05-03).pdf,InsFIndRet,Insider Historical Transaction Returns | This table contains information on a stock’s historical performance following an insider's transactions. When,Daily,Unadjusted,"pkey_InsFIndRet (clustered) PersonID, SecurityID",9,9
qa_database_schema_us_insider_v1_1_2023_05_03,QA Database Schema - US Insider v1.1 (2023-05-03).pdf,InsFNatAcq,Insider Nature of Acquisition Data | Use this table to retrieve nature of acquisition data for Form 144 filings.,Daily,N/A,"pkey_InsFNatAcq (clustered) DCNCode, SeqNum",9,10
qa_database_schema_us_insider_v1_1_2023_05_03,QA Database Schema - US Insider v1.1 (2023-05-03).pdf,InsFProInfo,Insider Profiles | This table contains the current profile for all insiders.,Daily,N/A,pkey_InsFProInfo (clustered) PersonID,10,10
qa_database_schema_us_insider_v1_1_2023_05_03,QA Database Schema - US Insider v1.1 (2023-05-03).pdf,InsFRoles,Insider Roles | Use this table to retrieve information on the roles for each insider within a company.,Daily,N/A,"pkey_InsFRoles (clustered) PersonID, SecurityID",10,11
qa_database_schema_us_insider_v1_1_2023_05_03,QA Database Schema - US Insider v1.1 (2023-05-03).pdf,InsInfo,Security-level Identifying Information | This table contains security-level identifying information. | This table is shared between the US Insider Filing and US Insider Trading Data tables.,Daily,N/A,pkey_InsInfo (clustered) SecurityID,11,11
qa_database_schema_us_insider_v1_1_2023_05_03,QA Database Schema - US Insider v1.1 (2023-05-03).pdf,InsInfoChg,Security-level Identifying Information | Use this table to retrieve historical changes to security-level identifying information on a go-forward basis.,Daily,N/A,"pkey_InsInfoChg (clustered) SecurityID, StartDate",11,12
qa_database_schema_us_insider_v1_1_2023_05_03,QA Database Schema - US Insider v1.1 (2023-05-03).pdf,InsItem,Insider Filing and Insider Trading Models | This table provides identifying information for each data item in the Insider Filing and Insider Trading models. | The InsItem table and the InsInfo table are shared between the US Insider Filing data tables and the US Insider Trading data,Daily,N/A,pkey_InsItem (clustered) Item,12,14
qa_database_schema_us_insider_v1_1_2023_05_03,QA Database Schema - US Insider v1.1 (2023-05-03).pdf,InsTMv1,Insider Trading Model (Version 1) Items | This table contains the data values for the Insider Trading Model (Version 1) items.,Weekly,Unadjusted,"pkey_InsTMv1 (clustered) SecurityID, ScoreDate, Item",14,14
qa_database_schema_us_insider_v1_1_2023_05_03,QA Database Schema - US Insider v1.1 (2023-05-03).pdf,InsTMv2Dly,Daily Insider Trading Model (Version 2) Items | This table contains the data values for the Insider Trading Model (Version 2) items on a daily basis.,Daily,Unadjusted,"pkey_InsTMv2Dly (clustered) SecurityID, ScoreDate, Item",14,14
qa_database_schema_us_insider_v1_1_2023_05_03,QA Database Schema - US Insider v1.1 (2023-05-03).pdf,InsTMv2Wk,Weekly Insider Trading Model (Version 2) Items | This table contains the data values for the Insider Trading Model (Version 2) items on a weekly basis.,Weekly,N/A,"pkey_InsTMv2Wk (clustered) SecurityID, ScoreDate, Item",14,15
qa_database_schema_worldscope_point_in_time_v1_0_6_2023_09_15,QA Database Schema - Worldscope Point in Time v1.0.6 (2023-09-15).pdf,WSPITCalPrd,"Worldscope PIT Calendar Information | This table contains calendar information about a fiscal period, such as the period end date and the corresponding",Daily,N/A,"pkey_WSPITCalPrd (Clustered) Code, PointDate, FreqCode, FiscalPrd",6,7
qa_database_schema_worldscope_point_in_time_v1_0_6_2023_09_15,QA Database Schema - Worldscope Point in Time v1.0.6 (2023-09-15).pdf,WSPITCmpIssDData,Worldscope PIT Company and Security-Level | This table contains company and security-level data.,Daily,N/A,"WSPITCmpIssDData_PK (Clustered) Code, StartDate, Item",7,7
qa_database_schema_worldscope_point_in_time_v1_0_6_2023_09_15,QA Database Schema - Worldscope Point in Time v1.0.6 (2023-09-15).pdf,WSPITCmpIssFData,Worldscope PIT Company and Security-Level | This table contains company and security-level float data.,Daily,N/A,"pkey_WSPITCmpIssFData (Clustered) Code, StartDate, Item",7,7
qa_database_schema_worldscope_point_in_time_v1_0_6_2023_09_15,QA Database Schema - Worldscope Point in Time v1.0.6 (2023-09-15).pdf,WSPITCmpIssFtNote,Worldscope PIT Company and Security-Level,,,,7,7
qa_database_schema_worldscope_point_in_time_v1_0_6_2023_09_15,QA Database Schema - Worldscope Point in Time v1.0.6 (2023-09-15).pdf,Footnotes,This table contains company and security-level footnotes.,Daily Adjusted: N/A,,"WSPITCmpIssFtNote_PK (Clustered) Code, StartDate, Item, SeqNo",7,8
qa_database_schema_worldscope_point_in_time_v1_0_6_2023_09_15,QA Database Schema - Worldscope Point in Time v1.0.6 (2023-09-15).pdf,WSPITCmpIssIData,Worldscope PIT Company and Security-Level | This table contains company and security-level integer data.,Daily,N/A,"WSPITCmpIssIData_PK (Clustered) Code, StartDate, Item",8,8
qa_database_schema_worldscope_point_in_time_v1_0_6_2023_09_15,QA Database Schema - Worldscope Point in Time v1.0.6 (2023-09-15).pdf,WSPITCmpIssSData,Worldscope PIT Company and Security-Level | This table contains company and security-level string data.,Daily,N/A,"pkey_WSPITCmpIssSData (Clustered) Code, StartDate, Item",8,8
qa_database_schema_worldscope_point_in_time_v1_0_6_2023_09_15,QA Database Schema - Worldscope Point in Time v1.0.6 (2023-09-15).pdf,WSPITCode,Worldscope PIT Numeric Codes | This table contains descriptions of Worldscope numeric codes.,Daily,N/A,"pkey_WSPITCode (Clustered) Type_, Code",8,9
qa_database_schema_worldscope_point_in_time_v1_0_6_2023_09_15,QA Database Schema - Worldscope Point in Time v1.0.6 (2023-09-15).pdf,WSPITDesc,Worldscope PIT Character Code Descriptions | This table contains descriptions of Worldscope character codes.,Daily,N/A,"pkey_WSPITDesc (Clustered) Type_, Code",9,9
qa_database_schema_worldscope_point_in_time_v1_0_6_2023_09_15,QA Database Schema - Worldscope Point in Time v1.0.6 (2023-09-15).pdf,WSPITFinFtNote,Worldscope PIT Company Financial-Level,,,,9,9
qa_database_schema_worldscope_point_in_time_v1_0_6_2023_09_15,QA Database Schema - Worldscope Point in Time v1.0.6 (2023-09-15).pdf,Footnotes,"This table contains company fiscal, filing, and financial-level footnotes.",Daily Adjusted: N/A,,"WSPITFinFtNote_PK (Clustered) Code, PointDate, FreqCode, FiscalPrd, Item, SeqNo",9,10
qa_database_schema_worldscope_point_in_time_v1_0_6_2023_09_15,QA Database Schema - Worldscope Point in Time v1.0.6 (2023-09-15).pdf,WSPITFinVal,Worldscope PIT Financial Values | This table contains the PIT financial values that are dependent on a frequency and fiscal period.,Daily,N/A,"pkey_WSPITFinVal (Clustered) Code, PointDate, FreqCode, FiscalPrd, Item",10,10
qa_database_schema_worldscope_point_in_time_v1_0_6_2023_09_15,QA Database Schema - Worldscope Point in Time v1.0.6 (2023-09-15).pdf,WSPITInfo,"Worldscope PIT Issue-Level Information | This table stores issue-level information, such as market identifiers, for concordance purposes. This table also",Daily,N/A,pkey_WSPITInfo (Clustered) Code,10,11
qa_database_schema_worldscope_point_in_time_v1_0_6_2023_09_15,QA Database Schema - Worldscope Point in Time v1.0.6 (2023-09-15).pdf,WSPITItem,Worldscope PIT Data Items | This table contains information about Worldscope PIT data items. | Code Table,Daily,N/A,pkey_WSPITITEM (Clustered) Item WSPITITEM_1 Name_,11,12
qa_database_schema_worldscope_point_in_time_v1_0_6_2023_09_15,QA Database Schema - Worldscope Point in Time v1.0.6 (2023-09-15).pdf,WSPITLicMrktID,Worldscope PIT Industrial Class Benchmark,,,,12,12
qa_database_schema_worldscope_point_in_time_v1_0_6_2023_09_15,QA Database Schema - Worldscope Point in Time v1.0.6 (2023-09-15).pdf,Codes,This table stores current and historic Industrial Class Benchmark (ICB) Codes.,Daily,N/A,"pkey_WSPITLicMrktID (Clustered) Code, StartDate, Item",12,13
qa_database_schema_worldscope_point_in_time_v1_0_6_2023_09_15,QA Database Schema - Worldscope Point in Time v1.0.6 (2023-09-15).pdf,WSPITPrcFtNote,Worldscope PIT Monthly Pricing Footnote Data | This table contains monthly pricing footnote data.,Daily,N/A,"WSPITPrcFtNote_PK (Clustered) Code, PointDate, FreqCode, Item, SeqNo",13,14
qa_database_schema_worldscope_point_in_time_v1_0_6_2023_09_15,QA Database Schema - Worldscope Point in Time v1.0.6 (2023-09-15).pdf,WSPITPrcRetVol,"Worldscope PIT Pricing, Return, and Volume Data | This table contains all the monthly/weekly pricing, monthly returns, and weekly volume data.",Daily,N/A,"pkey_WSPITPrcRetVol (Clustered) Code, PointDate, FreqCode, Item",14,14
qa_database_schema_worldscope_point_in_time_v1_0_6_2023_09_15,QA Database Schema - Worldscope Point in Time v1.0.6 (2023-09-15).pdf,WSPITRatios,Worldscope PIT Ratios Data | This table contains all Ratios data.,Daily,N/A,"pkey_WSPITRatios (Clustered) Code, PointDate, FreqCode, FiscalPrd, Item",14,15
qa_database_schema_worldscope_point_in_time_v1_0_6_2023_09_15,QA Database Schema - Worldscope Point in Time v1.0.6 (2023-09-15).pdf,WSPITRepPrd,Worldscope PIT Fiscal Period Data | This table contains fiscal period data.,Daily,N/A,"pkey_WSPITRepPrd (Clustered) Code, PointDate, FreqCode WSPITRepPrd_1 Code, FreqCode, PointDate",15,16
qa_database_schema_worldscope_point_in_time_v1_0_6_2023_09_15,QA Database Schema - Worldscope Point in Time v1.0.6 (2023-09-15).pdf,WSPITSeg,Worldscope PIT Segment Data | This table contains product and geographic segment data.,Daily,N/A,"pkey_WSPITSeg (Clustered) Code, PointDate, FreqCode, FiscalPrd, SegTypeCode, SegNum, Item WSPITSeg_1 Code, Item, FreqCode, SegTypeCode, PointDate WSPITSeg_2 Code, FreqCode, Item, CalPrdEndDate WSPITSeg_3 Code, Item, FreqCode, SegTypeCode, SegNum, FiscalPrd, PointDate WSPITSeg_4 Code, Item, FreqCode, SegTypeCode, SegNum, CalPrdEndDate,",16,16
qa_database_schema_worldscope_point_in_time_v1_0_6_2023_09_15,QA Database Schema - Worldscope Point in Time v1.0.6 (2023-09-15).pdf,PointDate,,,,,16,17
qa_database_schema_worldscope_point_in_time_v1_0_6_2023_09_15,QA Database Schema - Worldscope Point in Time v1.0.6 (2023-09-15).pdf,WSPITSegFtNote,Worldscope PIT Segment Footnotes | This table contains segment footnotes.,Daily,N/A,"WSPITSegFtNote_PK (Clustered) Code, PointDate, FreqCode, FiscalPrd, SegTypeCode, SegNum, Item, SeqNo",17,18
qa_database_schema_worldscope_point_in_time_v1_0_6_2023_09_15,QA Database Schema - Worldscope Point in Time v1.0.6 (2023-09-15).pdf,WSPITStmtDData,Worldscope PIT Filing and Statement-Level Data | This table contains all filing and statement-level data.,Daily Adjusted: N/A,,"WSPITStmtDData_PK (Clustered) Code, PointDate, FreqCode, FiscalPrd, Item",18,18
qa_database_schema_worldscope_point_in_time_v1_0_6_2023_09_15,QA Database Schema - Worldscope Point in Time v1.0.6 (2023-09-15).pdf,WSPITStmtIData,Worldscope PIT Filing and Statement-Level | This table contains all filing and statement-level integer data.,Daily Adjusted: N/A,,"pkey_WSPITStmtIData (Clustered) Code, PointDate, FreqCode, FiscalPrd, Item WSPITStmtIData_1 Code, Item, FreqCode, PointDate, CalPrdEndDate WSPITStmtIData_2 Code, FreqCode, Item, FiscalPrd, PointDate WSPITStmtIData_3 Code, FreqCode, Item, CalPrdEndDate, PointDate",18,19
qa_database_schema_worldscope_point_in_time_v1_0_6_2023_09_15,QA Database Schema - Worldscope Point in Time v1.0.6 (2023-09-15).pdf,WSPITStmtSData,Worldscope PIT Filing and Statement-Level | This table contains all filing and statement-level string data.,Daily Adjusted: N/A,,"WSPITStmtSData_PK (Clustered) Code, PointDate, FreqCode, FiscalPrd, Item",19,20
qa_database_schema_worldscope_point_in_time_v1_0_6_2023_09_15,QA Database Schema - Worldscope Point in Time v1.0.6 (2023-09-15).pdf,WSPITSupp,"Worldscope PIT Supplementary Data | This table contains all supplementary data like KPIs, Pension, and Health plan data.",Daily Adjusted: N/A,,"pkey_WSPITSupp (Clustered) Code, PointDate, FreqCode, FiscalPrd, Item",20,21
qa_database_schema_worldscope_v1_2_5_2022_09_02,QA Database Schema - Worldscope v1.2.5 (2022-09-02).pdf,Wscode,Worldscope Numeric Code Descriptions | This table contains descriptions of Worldscope numeric codes.,Daily,N/A,"pkey_Wscode (Clustered) Section_, Field, Value_",9,9
qa_database_schema_worldscope_v1_2_5_2022_09_02,QA Database Schema - Worldscope v1.2.5 (2022-09-02).pdf,Wscurr,Worldscope Currency Data | Use this table to identify a country’s former and current currency.,Daily,N/A,pkey_Wscurr (Clustered) NatCode Wscurr_IsoCode IsoCode Wscurr_IsoDesc IsoDesc Wscurr_NatDesc NatDesc,9,10
qa_database_schema_worldscope_v1_2_5_2022_09_02,QA Database Schema - Worldscope v1.2.5 (2022-09-02).pdf,Wsddata,Worldscope Date-Related Data | Use this table to retrieve Worldscope date-related data.,Daily,N/A,"pkey_Wsddata (Clustered) Code, Item, Freq, Year_, Seq",10,11
qa_database_schema_worldscope_v1_2_5_2022_09_02,QA Database Schema - Worldscope v1.2.5 (2022-09-02).pdf,Wsfnote,Worldscope Footnotes | Use this table to retrieve Worldscope footnote data.,Daily,N/A,"pkey_Wsfnote (Clustered) Code, Item, Freq, Year_, Seq, Note",11,12
qa_database_schema_worldscope_v1_2_5_2022_09_02,QA Database Schema - Worldscope v1.2.5 (2022-09-02).pdf,Wsftext,Worldscope Custom Footnote Text | Use this table to retrieve Worldscope custom footnote text.,Daily,N/A,"pkey_Wsftext (Clustered) Code, Item, Freq, Year_, Seq, Note",12,12
qa_database_schema_worldscope_v1_2_5_2022_09_02,QA Database Schema - Worldscope v1.2.5 (2022-09-02).pdf,Wsfye,Worldscope Fiscal Year End Dates | This table returns fiscal year end dates for a given Worldscope entity ID.,Daily,N/A,"pkey_Wsfye (Clustered) Code, Year_ Wsfye_Date_ Code, Date_",12,13
qa_database_schema_worldscope_v1_2_5_2022_09_02,QA Database Schema - Worldscope v1.2.5 (2022-09-02).pdf,Wsidata,Worldscope Integer Data | Use this table to retrieve Worldscope integer data.,Daily,"Yes, where applicable to Item.","pkey_Wsidata (Clustered) Code, Item, Freq, Year_, Seq",13,13
qa_database_schema_worldscope_v1_2_5_2022_09_02,QA Database Schema - Worldscope v1.2.5 (2022-09-02).pdf,Wsinfo,Worldscope Entity Information | This table contains information on Worldscope entities.,Daily,N/A,"pkey_Wsinfo (Clustered) WsId Wsinfo_Code Code Wsinfo_CuSed CuSed, WsId Wsinfo_Cusip Cusip, WsId Wsinfo_IsoCtry IsoCtry, WsId Wsinfo_Name Name, WsId Wsinfo_Sedol Sedol, WsId Chapter 3: Wordscope Schema: Data Tables Refinitiv Quantitative Analytics - Database Schema for Worldscope Version 1.2.5 Page 14 of 28",13,14
qa_database_schema_worldscope_v1_2_5_2022_09_02,QA Database Schema - Worldscope v1.2.5 (2022-09-02).pdf,Wsitem,"Worldscope Data Items | This table contains information on Worldscope data items. | field corresponds to the table where the data is stored. For example,",Daily,N/A,pkey_Wsitem (Clustered) Number Wsitem_name Name,14,16
qa_database_schema_worldscope_v1_2_5_2022_09_02,QA Database Schema - Worldscope v1.2.5 (2022-09-02).pdf,Wsldata,Worldscope Long String Data | This table contains information on Worldscope long string data.,Daily,N/A,"pkey_Wsldata (Clustered) Code, Item, Freq, Year_, Seq",16,17
qa_database_schema_worldscope_v1_2_5_2022_09_02,QA Database Schema - Worldscope v1.2.5 (2022-09-02).pdf,Wsmdata,Worldscope Medium String Data | This table contains information on Worldscope medium string data.,Daily,N/A,"pkey_Wsmdata (Clustered) Code, Item, Freq, Year_, Seq",17,17
qa_database_schema_worldscope_v1_2_5_2022_09_02,QA Database Schema - Worldscope v1.2.5 (2022-09-02).pdf,Wsndata,Worldscope Numeric Data Items | This table contains information on Worldscope numeric data items.,Daily,Yes (depending on the item),"pkey_Wsndata (Clustered) Code, Item, Freq, Year_, Seq",17,18
qa_database_schema_worldscope_v1_2_5_2022_09_02,QA Database Schema - Worldscope v1.2.5 (2022-09-02).pdf,Wssdata,Worldscope Short String Data | This table contains information on Worldscope short string data.,Daily,N/A,"pkey_Wssdata (Clustered) Code, Item, Freq, Year_, Seq",18,18
qa_database_schema_worldscope_v1_2_5_2022_09_02,QA Database Schema - Worldscope v1.2.5 (2022-09-02).pdf,Wstext,Worldscope Text Code Descriptions | Use this table to retrieve descriptions of Woldscope text code data.,Rarely,N/A,"pkey_Wstext (Clustered) Section_, Field, Value_",18,19
qa_database_schema_worldscope_v1_2_5_2022_09_02,QA Database Schema - Worldscope v1.2.5 (2022-09-02).pdf,Wsxdata,Worldscope Extra Long String Data | This table contains Worldscope extra long string data.,Daily,N/A,"pkey_Wsxdata (Clustered) Code, Item, Freq, Year_, Seq",19,20
qa_database_schema_worldscope_v1_2_5_2022_09_02,QA Database Schema - Worldscope v1.2.5 (2022-09-02).pdf,vw_WSItemUnits,,,,,20,20
qa_database_schema_worldscope_v1_2_5_2022_09_02,QA Database Schema - Worldscope v1.2.5 (2022-09-02).pdf,item,,,,,20,20
qa_database_schema_worldscope_v1_2_5_2022_09_02,QA Database Schema - Worldscope v1.2.5 (2022-09-02).pdf,itemName,,,,,20,25
qa_database_schema_worldscope_v1_2_5_2022_09_02,QA Database Schema - Worldscope v1.2.5 (2022-09-02).pdf,vw_WsFXAdjustment,,,,,25,27
qa_database_schema_worldscope_v1_2_5_2022_09_02,QA Database Schema - Worldscope v1.2.5 (2022-09-02).pdf,vw_wsCompanyMapping,,,,,27,28
quantitative_analytics_schema_catalog_v1_0,Quantitative Analytics Schema Catalog v1.0.pdf,QASchInfo,This table provides the information about the schemas available in the Quantitative Analytics database.,As needed,,PK_QASchInfo (clustered) SchemaId,6,6
quantitative_analytics_schema_catalog_v1_0,Quantitative Analytics Schema Catalog v1.0.pdf,QASchTableInfo,This table provides the information about tables available in the Quantitative Analytics database schemas. | TableId int No Unique Identifier for a Table Record. | HasPersonalInfo bit Yes Identifies if the Table has personal information. | HasEntitlement bit Yes Identifies if the Table has Entitlements. | StartDate datetime2(3) Yes The date the Table became available on Quantitative | EndDate datetime2(3) Yes The date the Table became unavailable on Quantitative | AddDate datetime2(3) Yes The date the Table was added to the Quantitative Analytics | LastModDate datetime2(3) Yes The date the Table record was last modified in the,As needed,,"PK_QASchTableInfo (clustered) TableID, SchemaID",6,7
quantitative_analytics_schema_catalog_v1_0,Quantitative Analytics Schema Catalog v1.0.pdf,QASchFieldInfo,This table provides the information about fields available in the Quantitative Analytics database tables. | TableId int No Unique Identifier for a Table Record.,As needed,,PK_QASchFieldInfo (clustered) FieldId,7,7
quantitative_analytics_schema_catalog_v1_0,Quantitative Analytics Schema Catalog v1.0.pdf,QASchCode,The QASchCode table contains descriptions for different encoded fields used throughout the Quantitative,As needed,,"PD_QASchCode (clustered) CodeType, Code",7,8
