document_id,filename,table_name,field_name,target_table,target_field,relationship_type,evidence,page
qa_database_schema_axioma_v1_1_6_2022_11_07,QA Database Schema - Axioma v1.1.6 (2022-11-07).pdf,,This,AxCode,,cross_reference,This field cross-references with AxCode.Code where Type_ = 2.,9
qa_database_schema_axioma_v1_1_6_2022_11_07,QA Database Schema - Axioma v1.1.6 (2022-11-07).pdf,,This,AxCode,,cross_reference,This field cross-references with AxCode.Code where Type_ = 9.,10
qa_database_schema_axioma_v1_1_6_2022_11_07,QA Database Schema - Axioma v1.1.6 (2022-11-07).pdf,,This,AxCode,,cross_reference,This field cross-references with AxCode.Code where Type_ = 5.,10
qa_database_schema_axioma_v1_1_6_2022_11_07,QA Database Schema - Axioma v1.1.6 (2022-11-07).pdf,,This,AxCode,,cross_reference,This field cross-references with AxCode.Code where Type_ = 2.,11
qa_database_schema_axioma_v1_1_6_2022_11_07,QA Database Schema - Axioma v1.1.6 (2022-11-07).pdf,,This,AxCode,,cross_reference,This field cross-references with AxCode.Code where Type_ = 2.,11
qa_database_schema_axioma_v1_1_6_2022_11_07,QA Database Schema - Axioma v1.1.6 (2022-11-07).pdf,,This,AxDesc,,cross_reference,This field cross-references with AxDesc.Code where Type_ = 1.,12
qa_database_schema_axioma_v1_1_6_2022_11_07,QA Database Schema - Axioma v1.1.6 (2022-11-07).pdf,,This,AxDesc,,cross_reference,This field cross-references with AxDesc.Code where Type_ = 2.,12
qa_database_schema_axioma_v1_1_6_2022_11_07,QA Database Schema - Axioma v1.1.6 (2022-11-07).pdf,,This,AxDesc,,cross_reference,This field cross-references with AxDesc.Code where Type_ = 4.,12
qa_database_schema_axioma_v1_1_6_2022_11_07,QA Database Schema - Axioma v1.1.6 (2022-11-07).pdf,,This,AxCode,,cross_reference,This field cross-references with AxCode.Code where Type_ = 8.,13
qa_database_schema_axioma_v1_1_6_2022_11_07,QA Database Schema - Axioma v1.1.6 (2022-11-07).pdf,,This,AxCode,,cross_reference,This field cross-references with AxCode.Code where Type_ = 2.,14
qa_database_schema_axioma_v1_1_6_2022_11_07,QA Database Schema - Axioma v1.1.6 (2022-11-07).pdf,,This,AxCode,,cross_reference,This field cross-references with AxCode.Code where Type_ = 1.,15
qa_database_schema_axioma_v1_1_6_2022_11_07,QA Database Schema - Axioma v1.1.6 (2022-11-07).pdf,,This,AxCode,,cross_reference,This field cross-references with AxCode.Code where Type_ = 2.,15
qa_database_schema_axioma_v1_1_6_2022_11_07,QA Database Schema - Axioma v1.1.6 (2022-11-07).pdf,,This,AxCode,,cross_reference,This field cross-references with AxCode.Code where Type_ = 2.,15
qa_database_schema_barra_v1_6_3_2022_08_31,QA Database Schema - Barra v1.6.3 (2022-08-31).pdf,BaAstIdent,AstIdentType_2,,,cross_reference,"AstIdentType_2 cross-references BaBimeCode where Type_ = 2, and can have the values:",9
qa_database_schema_barra_v1_6_3_2022_08_31,QA Database Schema - Barra v1.6.3 (2022-08-31).pdf,,InstrmntType_7,This,,cross_reference,"InstrmntType_7 cross-references BaBimeCode where Type_ = 7, and can be: – 1 (STOCK) – 2 (ETF) – 3 (EIF) – 4 (ADR) – 5 (GDR) – 6 (UEA) – 7 (CROSS) – 8 (COMMODITY) – 9 (INDEX) – 10 (CROSS_LIST) – 11 (SYNTHETIC) BaBimeAstPrc: Barra BIMe Asset Price This table includes the daily asset price and capitalization.",11
qa_database_schema_barra_v1_6_3_2022_08_31,QA Database Schema - Barra v1.6.3 (2022-08-31).pdf,BaBimeCntryModel,Model,,,cross_reference,Model cross-references ModelShort in BaBimeModels.,12
qa_database_schema_barra_v1_6_3_2022_08_31,QA Database Schema - Barra v1.6.3 (2022-08-31).pdf,,BaBimeCode,This,,cross_reference,BaBimeCode: Barra BIMe Code This table cross-references with all Quantitative Analytics Barra data types.,12
qa_database_schema_barra_v1_6_3_2022_08_31,QA Database Schema - Barra v1.6.3 (2022-08-31).pdf,BaBimeFactors,Model,,,cross_reference,Model cross-references ModelShort in BaBimeModels.,13
qa_database_schema_barra_v1_6_3_2022_08_31,QA Database Schema - Barra v1.6.3 (2022-08-31).pdf,BaBimeModEstu,Model,,,cross_reference,Model cross-references ModelShort in BaBimeModels.,14
qa_database_schema_barra_v1_6_3_2022_08_31,QA Database Schema - Barra v1.6.3 (2022-08-31).pdf,BaBimeModEstu,Model,,,cross_reference,Model cross-references ModelShort in BaBimeModels.,14
qa_database_schema_barra_v1_6_3_2022_08_31,QA Database Schema - Barra v1.6.3 (2022-08-31).pdf,BaBimeModEstuHist,Model,,,cross_reference,Model cross-references ModelShort in BaBimeModels.,15
qa_database_schema_barra_v1_6_3_2022_08_31,QA Database Schema - Barra v1.6.3 (2022-08-31).pdf,,BaBimeVarCode,This,,cross_reference,BaBimeVarCode: Barra BIMe Var Code This table contains Barra cross-references for their varchar fields.,15
qa_database_schema_barra_v1_6_3_2022_08_31,QA Database Schema - Barra v1.6.3 (2022-08-31).pdf,BaUpdtRelease,Model,,,cross_reference,Model cross-references ModelShort in BaBimeModels.,16
qa_database_schema_barra_v1_6_3_2022_08_31,QA Database Schema - Barra v1.6.3 (2022-08-31).pdf,BaBimeModAstData,Model,,,cross_reference,Model cross-references ModelShort in BaBimeModels.,20
qa_database_schema_barra_v1_6_3_2022_08_31,QA Database Schema - Barra v1.6.3 (2022-08-31).pdf,BaBimeModAstExp,Model,,,cross_reference,Model cross-references ModelShort in BaBimeModels.,21
qa_database_schema_barra_v1_6_3_2022_08_31,QA Database Schema - Barra v1.6.3 (2022-08-31).pdf,BaBimeModAstLsr,Model,,,cross_reference,Model cross-references ModelShort in BaBimeModels.,22
qa_database_schema_barra_v1_6_3_2022_08_31,QA Database Schema - Barra v1.6.3 (2022-08-31).pdf,BaBimeModFacRetExt,Model,,,cross_reference,Model cross-references ModelShort in BaBimeModels.,23
qa_database_schema_barra_v1_6_3_2022_08_31,QA Database Schema - Barra v1.6.3 (2022-08-31).pdf,BaBimeModFacRetExt,Model,,,cross_reference,Model cross-references ModelShort in BaBimeModels.,23
qa_database_schema_barra_v1_6_3_2022_08_31,QA Database Schema - Barra v1.6.3 (2022-08-31).pdf,BaBimeModAstRet,Model,,,cross_reference,Model cross-references ModelShort in BaBimeModels.,24
qa_database_schema_barra_v1_6_3_2022_08_31,QA Database Schema - Barra v1.6.3 (2022-08-31).pdf,BaBimeModGlBeta,Model,,,cross_reference,Model cross-references ModelShort in BaBimeModels.,25
qa_database_schema_compustat_global_v1_1_4_2022_02_21,QA Database Schema - Compustat Global v1.1.4 (2022-02-21).pdf,CsgCad,INDFMT,CSKEYCODE,,cross_reference,INDFMT cross-references with CSKEYCODE.,7
qa_database_schema_compustat_global_v1_1_4_2022_02_21,QA Database Schema - Compustat Global v1.1.4 (2022-02-21).pdf,,CONSOL,CSKEYCODE,,cross_reference,CONSOL cross-references with CSKEYCODE where CONSOL = CSKEYCODE.Code.,8
qa_database_schema_compustat_global_v1_1_4_2022_02_21,QA Database Schema - Compustat Global v1.1.4 (2022-02-21).pdf,CsgCad,ACCTSTD,CsgRef,,cross_reference,ACCTSTD cross-references with CsgRef where CsgCad.acctstd = CsgRef.refcd1 and CsgRef.reftype = 2.,8
qa_database_schema_compustat_global_v1_1_4_2022_02_21,QA Database Schema - Compustat Global v1.1.4 (2022-02-21).pdf,,It,CsgRef,,cross_reference,It cross-references with CsgRef where CsgCad.acqmeth = CsgRef.refcd1 and CsgRef.reftype = 3.,8
qa_database_schema_compustat_global_v1_1_4_2022_02_21,QA Database Schema - Compustat Global v1.1.4 (2022-02-21).pdf,CsgCad,BSPR,CsgRef,,cross_reference,BSPR cross-references with CsgRef where CsgCad.bspr = CsgRef.refcd1 and CsgRef.reftype = 5.,8
qa_database_schema_compustat_global_v1_1_4_2022_02_21,QA Database Schema - Compustat Global v1.1.4 (2022-02-21).pdf,,It,CsgRef,,cross_reference,It cross-references with CsgRef where CsgCad.compst = CsgRef.refcd1 and CsgRef.reftype = 7.,8
qa_database_schema_compustat_global_v1_1_4_2022_02_21,QA Database Schema - Compustat Global v1.1.4 (2022-02-21).pdf,,Cross,CsgRef,,cross_reference,Cross-reference CURCD with CsgRef where CsgCad.compst = CsgRef.refcd1 and CsgRef.reftype = 36.,8
qa_database_schema_compustat_global_v1_1_4_2022_02_21,QA Database Schema - Compustat Global v1.1.4 (2022-02-21).pdf,,It,CsgRef,,cross_reference,It cross-references with CsgRef where CsgCad.compst = CsgRef.refcd1 and CsgRef.reftype = 17.,8
qa_database_schema_compustat_global_v1_1_4_2022_02_21,QA Database Schema - Compustat Global v1.1.4 (2022-02-21).pdf,,Cross,CsgRef,,cross_reference,Cross-reference with CsgRef where CsgCad.scf = CsgRef.refcd1 and CsgRef = 6.,8
qa_database_schema_compustat_global_v1_1_4_2022_02_21,QA Database Schema - Compustat Global v1.1.4 (2022-02-21).pdf,,Cross,CsgRef,,cross_reference,Cross-reference SRC with CsgRef where CsgCad.compst = CsgRef.refcd1 and CsgRef.reftype = 10.,8
qa_database_schema_compustat_global_v1_1_4_2022_02_21,QA Database Schema - Compustat Global v1.1.4 (2022-02-21).pdf,,Cross,CsgRef,,cross_reference,Cross-reference with CsgRef where CsgCad.compst = CsgRef.refcd1 and CsgRef.reftype = 30.,8
qa_database_schema_compustat_global_v1_1_4_2022_02_21,QA Database Schema - Compustat Global v1.1.4 (2022-02-21).pdf,,Cross,CsgRef,,cross_reference,Cross-reference with CsgRef where CsgCad.compst = CsgRef.refcd1 and CsgRef.reftype = 33.,9
qa_database_schema_compustat_global_v1_1_4_2022_02_21,QA Database Schema - Compustat Global v1.1.4 (2022-02-21).pdf,CSGCAF1,INDFMT,CSKEYCODE,,cross_reference,INDFMT cross-references with CSKEYCODE.,9
qa_database_schema_compustat_global_v1_1_4_2022_02_21,QA Database Schema - Compustat Global v1.1.4 (2022-02-21).pdf,CSGCAF1,CONSOL,CSKEYCODE,,cross_reference,CONSOL cross-references with CSKEYCODE where CONSOL = CSKEYCODE.Code.,9
qa_database_schema_compustat_global_v1_1_4_2022_02_21,QA Database Schema - Compustat Global v1.1.4 (2022-02-21).pdf,CSGCAF2,INDFMT,CSKEYCODE,,cross_reference,INDFMT cross-references with CSKEYCODE.,10
qa_database_schema_compustat_global_v1_1_4_2022_02_21,QA Database Schema - Compustat Global v1.1.4 (2022-02-21).pdf,CSGCAF2,CONSOL,CSKEYCODE,,cross_reference,CONSOL cross-references with CSKEYCODE where CONSOL = CSKEYCODE.Code.,10
qa_database_schema_compustat_global_v1_1_4_2022_02_21,QA Database Schema - Compustat Global v1.1.4 (2022-02-21).pdf,Footnotes,INDFMT,CSKEYCODE,,cross_reference,INDFMT cross-references with CSKEYCODE.,11
qa_database_schema_compustat_global_v1_1_4_2022_02_21,QA Database Schema - Compustat Global v1.1.4 (2022-02-21).pdf,Footnotes,CONSOL,CSKEYCODE,,cross_reference,CONSOL cross-references with CSKEYCODE where CONSOL = CSKEYCODE.Code.,11
qa_database_schema_compustat_global_v1_1_4_2022_02_21,QA Database Schema - Compustat Global v1.1.4 (2022-02-21).pdf,CsgCau,INDFMT,CSKEYCODE,,cross_reference,INDFMT cross-references with CSKEYCODE.,12
qa_database_schema_compustat_global_v1_1_4_2022_02_21,QA Database Schema - Compustat Global v1.1.4 (2022-02-21).pdf,CsgCau,CONSOL,CSKEYCODE,,cross_reference,CONSOL cross-references with CSKEYCODE where CONSOL = CSKEYCODE.Code.,12
qa_database_schema_compustat_global_v1_1_4_2022_02_21,QA Database Schema - Compustat Global v1.1.4 (2022-02-21).pdf,,Cross,CsgRef,,cross_reference,Cross-reference AU with CsgRef where CsgCau.au = CsgRef.refcd1 and CsgRef.reftype = 4.,12
qa_database_schema_compustat_global_v1_1_4_2022_02_21,QA Database Schema - Compustat Global v1.1.4 (2022-02-21).pdf,,It,CsgRef,,cross_reference,It cross-references with CsgRef where CsgCau.auop = CsgRef.refcd1 and CsgRef.reftype = 22.,12
qa_database_schema_compustat_global_v1_1_4_2022_02_21,QA Database Schema - Compustat Global v1.1.4 (2022-02-21).pdf,,Cross,CsgRef,,cross_reference,Cross-reference DLRSN with CsgRef where CsgCin.dlrsn = CsgRef.refcd1 and CsgRef.reftype = 16.,13
qa_database_schema_compustat_global_v1_1_4_2022_02_21,QA Database Schema - Compustat Global v1.1.4 (2022-02-21).pdf,,Cross,CsgRef,,cross_reference,Cross-reference with CsgRef where CsgCin.fic = CsgRef.refcd1 and CsgRef.reftype = 8.,13
qa_database_schema_compustat_global_v1_1_4_2022_02_21,QA Database Schema - Compustat Global v1.1.4 (2022-02-21).pdf,,Cross,either,,cross_reference,"Cross-reference GGROUP with either – CsgRef where CsgCin.ggroup = CsgRef.refcd2, and CsgRef.reftype = 34, and CsgRef.refcd1 = ‘GGROUP’, or – CsgRef where CsgCin.ggroup = CsgRef.refcd1, and CsgRef.reftype = 15 GIND int Y GIND is the GICS industry code.",14
qa_database_schema_compustat_global_v1_1_4_2022_02_21,QA Database Schema - Compustat Global v1.1.4 (2022-02-21).pdf,,Cross,either,,cross_reference,"Cross-reference it with either – CsgRef where CsgCin.gind = CsgRef.refcd2, and CsgRef.reftype = 34, and CsgRef.refcd1 = ‘GIND’, or – CsgRef where CsgCin.gind = CsgRef.refcd1, and CsgRef.reftype = 15 GSECTOR int Y GSECTOR is the GICS sector code.",14
qa_database_schema_compustat_global_v1_1_4_2022_02_21,QA Database Schema - Compustat Global v1.1.4 (2022-02-21).pdf,,Cross,either,,cross_reference,"Cross-reference GSECTOR with either – CsgRef where CsgCin.gind = CsgRef.refcd2, and CsgRef.reftype = 34, and CsgRef.refcd1 = ‘GSECTOR’, or – CsgRef where CsgCin.gsectir = CsgRef.refcd1, and CsgRef.reftype = 15 GSUBIND int Y GSUBIND is the GICS subindustry code.",14
qa_database_schema_compustat_global_v1_1_4_2022_02_21,QA Database Schema - Compustat Global v1.1.4 (2022-02-21).pdf,,Cross,either,,cross_reference,"Cross-reference GSUBLND with either – CsgRef where CsgCin.gsubind = CsgRef.refcd2, and CsgRef.reftype = 34, and CsgRef.refcd1 = ‘GSUBIND’, or – CsgRef where CsgCin.gsubind = CsgRef.refcd1, and CsgRef.reftype = 15 IDBFLAG char(1) Y IDBFLAG indicates whether the company is international (I), domestic (D), or both (B).",14
qa_database_schema_compustat_global_v1_1_4_2022_02_21,QA Database Schema - Compustat Global v1.1.4 (2022-02-21).pdf,,Cross,CsgRef,,cross_reference,Cross-reference INCORP with CsgRef where CsgCin.incorp = CsgRef.refcd1 and CsgRef.reftype = 31.,14
qa_database_schema_compustat_global_v1_1_4_2022_02_21,QA Database Schema - Compustat Global v1.1.4 (2022-02-21).pdf,,It,CsgRef,,cross_reference,It cross-references with CsgRef where CsgCin.loc = CsgRef.refcd1 and CsgRef.reftype = 8.,14
qa_database_schema_compustat_global_v1_1_4_2022_02_21,QA Database Schema - Compustat Global v1.1.4 (2022-02-21).pdf,,Cross,CsgRef,,cross_reference,Cross-reference with CsgRef where CsgCin.naics = CsgRef.refcd1 and CsgRef.reftype = 21.,14
qa_database_schema_compustat_global_v1_1_4_2022_02_21,QA Database Schema - Compustat Global v1.1.4 (2022-02-21).pdf,,Cross,CsgRef,,cross_reference,Cross-reference with CsgRef where CsgCin.spcindcd = CsgRef.refcd1 and CsgRef.reftype = 18.,15
qa_database_schema_compustat_global_v1_1_4_2022_02_21,QA Database Schema - Compustat Global v1.1.4 (2022-02-21).pdf,,Cross,CsgRef,,cross_reference,Cross-reference with CsgRef where CsgCin.spcseccd = CsgRef.refcd1 and CsgRef.reftype = 26.,15
qa_database_schema_compustat_global_v1_1_4_2022_02_21,QA Database Schema - Compustat Global v1.1.4 (2022-02-21).pdf,,Cross,CsgRef,,cross_reference,Cross-reference with CsgRef where CsgCin.state = CsgRef.refcd1 and CsgRef.reftype = 31.,15
qa_database_schema_compustat_global_v1_1_4_2022_02_21,QA Database Schema - Compustat Global v1.1.4 (2022-02-21).pdf,CsgCiv,INDFMT,CSKEYCODE,,cross_reference,INDFMT cross-references with CSKEYCODE.,15
qa_database_schema_compustat_global_v1_1_4_2022_02_21,QA Database Schema - Compustat Global v1.1.4 (2022-02-21).pdf,CsgCiv,CONSOL,CSKEYCODE,,cross_reference,CONSOL cross-references with CSKEYCODE where CONSOL = CSKEYCODE.Code.,16
qa_database_schema_compustat_global_v1_1_4_2022_02_21,QA Database Schema - Compustat Global v1.1.4 (2022-02-21).pdf,,Values,CsgRef,,cross_reference,Values may include: – 0 (No inventory) – 1 (FIFO) – 2 (LIFO) – 3 (Specific identification – 4 (Average cost) – 5 (Retail method) – 6 (Standard cost) – 7 (Current or replacement cost) Cross-reference INVVAL with CsgRef where CsgCiv.invval = CsgRef.refcd1 and CsgRef.reftype = 19.,16
qa_database_schema_compustat_global_v1_1_4_2022_02_21,QA Database Schema - Compustat Global v1.1.4 (2022-02-21).pdf,CsgCof,OFCD,CsgRef,,cross_reference,OFCD cross-references with CsgRef where CsgCof.ofcd = CsgRef.refcd1 and CsgRef.reftype = 32.,17
qa_database_schema_compustat_global_v1_1_4_2022_02_21,QA Database Schema - Compustat Global v1.1.4 (2022-02-21).pdf,,Cross,either,,cross_reference,"Cross-reference GGROUP with either – CsgRef where CsgCoHGIC.GGROUP = CsgRef.refcd2, and CsgRef.reftype = 34, and CsgRef.refcd1 = ‘GGROUP’, or – CsgRef where CsgCoHGIC.GGROUP = CsgRef.refcd1, and CsgRef.reftype = 15 GIND varchar(7) Y GIND is the GICS industry code, the third level in the hierarchy of the Global Industry Classification Standard (GICS).",17
qa_database_schema_compustat_global_v1_1_4_2022_02_21,QA Database Schema - Compustat Global v1.1.4 (2022-02-21).pdf,,Cross,either,,cross_reference,"Cross-reference GIND with either – CsgRef where CsgCoHGIC.gind = CsgRef.refcd2, and CsgRef.reftype = 34, and CsgRef.refcd1 = ‘GIND’, or – CsgRef where CsgCoHGIC.gind = CsgRef.refcd1, and CsgRef.reftype = 15",17
qa_database_schema_compustat_global_v1_1_4_2022_02_21,QA Database Schema - Compustat Global v1.1.4 (2022-02-21).pdf,,Cross,either,,cross_reference,"Cross-reference GSECTOR with either – CsgRef where CsgCoHGIC.gind = CsgRef.refcd2, and CsgRef.reftype = 34, and CsgRef.refcd1 = ‘GSECTOR’, or – CsgRef where CsgCoHGIC.gsectir = CsgRef.refcd1, and CsgRef.reftype = 15 GSUBIND varchar(9) Y GSUBIND is the GICS sub-industry code, the fourth level in the hierarchy of the Global Industry Classification Standard (GICS).",18
qa_database_schema_compustat_global_v1_1_4_2022_02_21,QA Database Schema - Compustat Global v1.1.4 (2022-02-21).pdf,,Cross,either,,cross_reference,"Cross-reference GSUBLND with either – CsgRef where CsgCoHGIC.gsubind = CsgRef.refcd2, and CsgRef.reftype = 34, and CsgRef.refcd1 = ‘GSUBIND’, or – CsgRef where CsgCoHGIC.gsubind = CsgRef.refcd1, and CsgRef.reftype = 15 INDTHRU datetime Y INDTHRU is the date through which the GICS code was effective, if it is no longer effective.",18
qa_database_schema_compustat_global_v1_1_4_2022_02_21,QA Database Schema - Compustat Global v1.1.4 (2022-02-21).pdf,CSGCOIND,CONSOL,CSKEYCODE,,cross_reference,CONSOL cross-references with CSKEYCODE where CONSOL = CSKEYCODE.Code.,18
qa_database_schema_compustat_global_v1_1_4_2022_02_21,QA Database Schema - Compustat Global v1.1.4 (2022-02-21).pdf,,This,This,,cross_reference,"This table cross-references with CsgRef: Compustat Global Code Reference, described on page 35.",19
qa_database_schema_compustat_global_v1_1_4_2022_02_21,QA Database Schema - Compustat Global v1.1.4 (2022-02-21).pdf,CSGCOINDPRES,CONSOL,CSKEYCODE,,cross_reference,CONSOL cross-references with CSKEYCODE where CONSOL = CSKEYCODE.Code.,19
qa_database_schema_compustat_global_v1_1_4_2022_02_21,QA Database Schema - Compustat Global v1.1.4 (2022-02-21).pdf,,For,CsgXrd,,cross_reference,"For rate information, cross-reference this table with CsgXrd: Compustat Global Currency Daily Exchange Rate Data, described on page 39, and CsgXrm: Compustat Global Currency Monthly Exchange Rate Data, described on page 40.",19
qa_database_schema_compustat_global_v1_1_4_2022_02_21,QA Database Schema - Compustat Global v1.1.4 (2022-02-21).pdf,CsgCur,ISOCURCD,CsgRef,,cross_reference,ISOCURCD cross-references with CsgRef where CsgCur.isocurcd = CsgRef.refcd1 and CsgRef.reftype = 36.,19
qa_database_schema_compustat_global_v1_1_4_2022_02_21,QA Database Schema - Compustat Global v1.1.4 (2022-02-21).pdf,,Cross,CsgRef,,cross_reference,Cross-reference INDEXID with CsgRef where CsgIdx.indexid = CsgRef.refcd1 and CsgIdx.indexcat = CsgRef.refcd2 and CsgRef.reftype = 35.,20
qa_database_schema_compustat_global_v1_1_4_2022_02_21,QA Database Schema - Compustat Global v1.1.4 (2022-02-21).pdf,,Cross,CsgRef,,cross_reference,"Cross-reference INDEXVAL with CsgRef where CsgIdx.indexval = CsgRef.refcd2, and CsgIdx.indextype = CsgRef.refcd1, and CsgRef.reftype = 34.",20
qa_database_schema_compustat_global_v1_1_4_2022_02_21,QA Database Schema - Compustat Global v1.1.4 (2022-02-21).pdf,CSGNTRMCOAU,INDFMT,CSKEYCODE,,cross_reference,INDFMT cross-references with CSKEYCODE.,23
qa_database_schema_compustat_global_v1_1_4_2022_02_21,QA Database Schema - Compustat Global v1.1.4 (2022-02-21).pdf,CSGNTRMCOAU,CONSOL,CSKEYCODE,,cross_reference,CONSOL cross-references with CSKEYCODE where CONSOL = CSKEYCODE.Code.,23
qa_database_schema_compustat_global_v1_1_4_2022_02_21,QA Database Schema - Compustat Global v1.1.4 (2022-02-21).pdf,CsgNtrmCoFntQ,INDFMT,CSKEYCODE,,cross_reference,INDFMT cross-references with CSKEYCODE.,24
qa_database_schema_compustat_global_v1_1_4_2022_02_21,QA Database Schema - Compustat Global v1.1.4 (2022-02-21).pdf,CsgNtrmCoFntQ,CONSOL,CSKEYCODE,,cross_reference,CONSOL cross-references with CSKEYCODE where CONSOL = CSKEYCODE.Code.,24
qa_database_schema_compustat_global_v1_1_4_2022_02_21,QA Database Schema - Compustat Global v1.1.4 (2022-02-21).pdf,CsgNtrmCoFntSa,INDFMT,CSKEYCODE,,cross_reference,INDFMT cross-references with CSKEYCODE.,25
qa_database_schema_compustat_global_v1_1_4_2022_02_21,QA Database Schema - Compustat Global v1.1.4 (2022-02-21).pdf,CsgNtrmCoFntSa,CONSOL,CSKEYCODE,,cross_reference,CONSOL cross-references with CSKEYCODE where CONSOL = CSKEYCODE.Code.,25
qa_database_schema_compustat_global_v1_1_4_2022_02_21,QA Database Schema - Compustat Global v1.1.4 (2022-02-21).pdf,CsgNtrmCoFntYtd,INDFMT,CSKEYCODE,,cross_reference,INDFMT cross-references with CSKEYCODE.,26
qa_database_schema_compustat_global_v1_1_4_2022_02_21,QA Database Schema - Compustat Global v1.1.4 (2022-02-21).pdf,CsgNtrmCoFntYtd,CONSOL,CSKEYCODE,,cross_reference,CONSOL cross-references with CSKEYCODE where CONSOL = CSKEYCODE.Code.,26
qa_database_schema_compustat_global_v1_1_4_2022_02_21,QA Database Schema - Compustat Global v1.1.4 (2022-02-21).pdf,CsgNtrmCoIDesc,INDFMT,CSKEYCODE,,cross_reference,INDFMT cross-references with CSKEYCODE.,27
qa_database_schema_compustat_global_v1_1_4_2022_02_21,QA Database Schema - Compustat Global v1.1.4 (2022-02-21).pdf,CsgNtrmCoIDesc,CONSOL,CSKEYCODE,,cross_reference,CONSOL cross-references with CSKEYCODE where CONSOL = CSKEYCODE.Code.,27
qa_database_schema_compustat_global_v1_1_4_2022_02_21,QA Database Schema - Compustat Global v1.1.4 (2022-02-21).pdf,,BSPR,CsgRef,,cross_reference,BSPR cross-references with CsgRef where CsgNtrmCoIDesc.bspr = CsgRef.refcd1 and CsgRef.reftype = 5.,28
qa_database_schema_compustat_global_v1_1_4_2022_02_21,QA Database Schema - Compustat Global v1.1.4 (2022-02-21).pdf,,It,CsgRef,,cross_reference,It cross-references with CsgRef where CsgNtrmCoIDesc.compst = CsgRef.refcd1 and CsgRef.reftype = 7.,28
qa_database_schema_compustat_global_v1_1_4_2022_02_21,QA Database Schema - Compustat Global v1.1.4 (2022-02-21).pdf,,Cross,CsgRef,,cross_reference,Cross-reference CURCDQ with CsgRef where CsgNtrmCoIDesc.compst = CsgRef.refcd1 and CsgRef.reftype = 36.,28
qa_database_schema_compustat_global_v1_1_4_2022_02_21,QA Database Schema - Compustat Global v1.1.4 (2022-02-21).pdf,CsgNtrmCoQ,INDFMT,CSKEYCODE,,cross_reference,INDFMT cross-references with CSKEYCODE.,29
qa_database_schema_compustat_global_v1_1_4_2022_02_21,QA Database Schema - Compustat Global v1.1.4 (2022-02-21).pdf,CsgNtrmCoQ,CONSOL,CSKEYCODE,,cross_reference,CONSOL cross-references with CSKEYCODE where CONSOL = CSKEYCODE.Code.,29
qa_database_schema_compustat_global_v1_1_4_2022_02_21,QA Database Schema - Compustat Global v1.1.4 (2022-02-21).pdf,CsgNtrmCoSa,INDFMT,CSKEYCODE,,cross_reference,INDFMT cross-references with CSKEYCODE.,30
qa_database_schema_compustat_global_v1_1_4_2022_02_21,QA Database Schema - Compustat Global v1.1.4 (2022-02-21).pdf,CsgNtrmCoSa,CONSOL,CSKEYCODE,,cross_reference,CONSOL cross-references with CSKEYCODE where CONSOL = CSKEYCODE.Code.,30
qa_database_schema_compustat_global_v1_1_4_2022_02_21,QA Database Schema - Compustat Global v1.1.4 (2022-02-21).pdf,CsgNtrmCoYtd,INDFMT,CSKEYCODE,,cross_reference,INDFMT cross-references with CSKEYCODE.,31
qa_database_schema_compustat_global_v1_1_4_2022_02_21,QA Database Schema - Compustat Global v1.1.4 (2022-02-21).pdf,CsgNtrmCoYtd,CONSOL,CSKEYCODE,,cross_reference,CONSOL cross-references with CSKEYCODE where CONSOL = CSKEYCODE.Code.,31
qa_database_schema_compustat_global_v1_1_4_2022_02_21,QA Database Schema - Compustat Global v1.1.4 (2022-02-21).pdf,CsgNtrmSec,INDFMT,CSKEYCODE,,cross_reference,INDFMT cross-references with CSKEYCODE.,32
qa_database_schema_compustat_global_v1_1_4_2022_02_21,QA Database Schema - Compustat Global v1.1.4 (2022-02-21).pdf,,CONSOL,CSKEYCODE,,cross_reference,CONSOL cross-references with CSKEYCODE where CONSOL = CSKEYCODE.Code.,33
qa_database_schema_compustat_global_v1_1_4_2022_02_21,QA Database Schema - Compustat Global v1.1.4 (2022-02-21).pdf,CsgNtrmSecFnt,INDFMT,CSKEYCODE,,cross_reference,INDFMT cross-references with CSKEYCODE.,33
qa_database_schema_compustat_global_v1_1_4_2022_02_21,QA Database Schema - Compustat Global v1.1.4 (2022-02-21).pdf,CsgNtrmSecFnt,CONSOL,CSKEYCODE,,cross_reference,CONSOL cross-references with CSKEYCODE where CONSOL = CSKEYCODE.Code.,34
qa_database_schema_compustat_global_v1_1_4_2022_02_21,QA Database Schema - Compustat Global v1.1.4 (2022-02-21).pdf,CsgNtrmSecIDesc,INDFMT,CSKEYCODE,,cross_reference,INDFMT cross-references with CSKEYCODE.,34
qa_database_schema_compustat_global_v1_1_4_2022_02_21,QA Database Schema - Compustat Global v1.1.4 (2022-02-21).pdf,CsgNtrmSecIDesc,CONSOL,CSKEYCODE,,cross_reference,CONSOL cross-references with CSKEYCODE where CONSOL = CSKEYCODE.Code.,35
qa_database_schema_compustat_global_v1_1_4_2022_02_21,QA Database Schema - Compustat Global v1.1.4 (2022-02-21).pdf,,Cross,CsgRef,,cross_reference,Cross-reference CURCDQ with CsgRef where CsgNtrmSecIDesc.compst = CsgRef.refcd1 and CsgRef.reftype = 36.,35
qa_database_schema_compustat_global_v1_1_4_2022_02_21,QA Database Schema - Compustat Global v1.1.4 (2022-02-21).pdf,,Cross,CsgRef,,cross_reference,Cross-reference CURCDL with CsgRef where CsgSad.curcdi = CsgRef.refcd1 and CsgRef.reftype = 36.,36
qa_database_schema_compustat_global_v1_1_4_2022_02_21,QA Database Schema - Compustat Global v1.1.4 (2022-02-21).pdf,CsgSaf,DATACODE,CsgRef,,cross_reference,DATACODE values are: – 0 (Normal) – 1 (Not available) – 2 (Semi-annual figure) – 3 (Annual figure) – 4 (Combined figure) – 8 (Insignificant figure) FOOTNOTE varchar(9) Y Cross-reference FOOTNOTE with CsgRef where CsgSaf.footnote = CsgRef.refcd1 and CsfRef.reftype = 13.,36
qa_database_schema_compustat_global_v1_1_4_2022_02_21,QA Database Schema - Compustat Global v1.1.4 (2022-02-21).pdf,,Cross,CsgRef,,cross_reference,Cross-reference with CsgRef where CsgSdp.currcdd = CsgRef.refcd1 and CsgRef.reftype = 36.,37
qa_database_schema_compustat_global_v1_1_4_2022_02_21,QA Database Schema - Compustat Global v1.1.4 (2022-02-21).pdf,CsgSdp,PRCSTD,CsgRef,,cross_reference,PRCSTD cross-references with CsgRef where CsgSdp.currcdd = CsgRef.refcd1 and CsgRef.reftype = 23.,37
qa_database_schema_compustat_global_v1_1_4_2022_02_21,QA Database Schema - Compustat Global v1.1.4 (2022-02-21).pdf,,Cross,CsgRef,,cross_reference,Cross-reference CURCDDV with CsgRef where CsgSdv.currcdd = CsgRef.refcd1 and CsgRef.reftype = 36.,37
qa_database_schema_compustat_global_v1_1_4_2022_02_21,QA Database Schema - Compustat Global v1.1.4 (2022-02-21).pdf,,DIRSNL,CsgRef,,cross_reference,DIRSNL cross-references with CsgRef where CsgSec.dlrsni = CsgRef.refcd1 and CsgRef.reftype = 16.,38
qa_database_schema_compustat_global_v1_1_4_2022_02_21,QA Database Schema - Compustat Global v1.1.4 (2022-02-21).pdf,,Cross,CsgRef,,cross_reference,Cross-reference EXCNTRY with CsgRef where CsgSec.excntry = CsgRef.refcd1 and CsgRef.reftype = 8.,38
qa_database_schema_compustat_global_v1_1_4_2022_02_21,QA Database Schema - Compustat Global v1.1.4 (2022-02-21).pdf,CsgSec,SECSTAT,CsgRef,,cross_reference,SECSTAT cross-references with CsgRef where CsgSec.secstat = CsgRef.refcd1 and CsgRef.reftype = 24.,38
qa_database_schema_compustat_global_v1_1_4_2022_02_21,QA Database Schema - Compustat Global v1.1.4 (2022-02-21).pdf,,Cross,CsgRef,,cross_reference,Cross-reference TPCI with CsgRef where CsgSec.tpci = CsgRef.refcd1 and CsgRef.reftype = 20.,38
qa_database_schema_compustat_global_v1_1_4_2022_02_21,QA Database Schema - Compustat Global v1.1.4 (2022-02-21).pdf,,Cross,CsgRef,,cross_reference,"Cross-reference TOCURD with CsgRef, where CsgXrd.tocurd = CsgRef.refcd1 and CsgRef.reftype = 36.",39
qa_database_schema_compustat_global_v1_1_4_2022_02_21,QA Database Schema - Compustat Global v1.1.4 (2022-02-21).pdf,,Cross,CsgRef,,cross_reference,"Cross-reference FROMCURD with CsgRef, where CsgXrd.fromcurd = CsgRef.refcd1 and CsgRef.reftype = 36.",39
qa_database_schema_compustat_global_v1_1_4_2022_02_21,QA Database Schema - Compustat Global v1.1.4 (2022-02-21).pdf,,Cross,CsgRef,,cross_reference,"Cross-reference TOCURM with CsgRef, where CsgXrm.tocurm = CsgRef.refcd1 and CsgRef.reftype = 36.",40
qa_database_schema_compustat_global_v1_1_4_2022_02_21,QA Database Schema - Compustat Global v1.1.4 (2022-02-21).pdf,,Cross,CsgRef,,cross_reference,Cross-reference with CsgRef where CsgXrm.tocurm = CsgRef.refcd1and CsgRef.reftype = 36.,40
qa_database_schema_compustat_na_v1_1_5_2022_02_21,QA Database Schema - Compustat NA v1.1.5 (2022-02-21).pdf,CSecIndMth,Item,,,cross_reference,Item cross-references CSNAItem where CSNAItem.Number = CSecIndMth.Item and Group_ = 80.,21
qa_database_schema_compustat_na_v1_1_5_2022_02_21,QA Database Schema - Compustat NA v1.1.5 (2022-02-21).pdf,CSCoAFndDC2,Item,CSNAItem,,cross_reference,"Item cross-references with CSNAItem where: For CSCoAFndDC1, CSNAItem.Number = CSCoAFndDC1.Item and Group_ = 202.",28
qa_database_schema_compustat_na_v1_1_5_2022_02_21,QA Database Schema - Compustat NA v1.1.5 (2022-02-21).pdf,CSCoAFnd2,Item,CSNAItem,,cross_reference,"Item cross-references with CSNAItem where: For CsCoAFnd1, CSNAItem.Number = CsCoAFnd1.Item and Group_ = 204.",29
qa_database_schema_compustat_na_v1_1_5_2022_02_21,QA Database Schema - Compustat NA v1.1.5 (2022-02-21).pdf,Footnotes,Item,,,cross_reference,Item smallint N Item is the Compustat item; it cross-references CSNAItem where CSNAItem.Number = CSCoIFntYTD.Item and Group_ = 211.,33
qa_database_schema_compustat_na_v1_1_5_2022_02_21,QA Database Schema - Compustat NA v1.1.5 (2022-02-21).pdf,CSCoIFntSA,Item,,,cross_reference,Item smallint N Item is the Compustat item; it cross-references CSNAItem where CSNAItem.Number = CSCoIFntQ.Item and Group_ = 212.,34
qa_database_schema_compustat_na_v1_1_5_2022_02_21,QA Database Schema - Compustat NA v1.1.5 (2022-02-21).pdf,CSCoIFntSA,Item,,,cross_reference,Item smallint N Item is the Compustat item; it cross-references CSNAItem where CSNAItem.Number = CSCoIFntSA.Item and Group_ = 213.,34
qa_database_schema_compustat_na_v1_1_5_2022_02_21,QA Database Schema - Compustat NA v1.1.5 (2022-02-21).pdf,CSCoAFntInd,Item,,,cross_reference,Item smallint N Item is the Compustat item; it cross-references CSNAItem_CSNAITEM:__Compustat where CSNAItem.Number = CSCoAFntInd.Item and Group_ = 217.,37
qa_database_schema_compustat_na_v1_1_5_2022_02_21,QA Database Schema - Compustat NA v1.1.5 (2022-02-21).pdf,CSCoIFndQ,Item,,,cross_reference,Item smallint N Item is the Compustat item; it cross-references CSNAItem_CSNAITEM:__Compustat where CSNAItem.Number = CSCoIFndQ.Item and Group_ = 218.,38
qa_database_schema_compustat_na_v1_1_5_2022_02_21,QA Database Schema - Compustat NA v1.1.5 (2022-02-21).pdf,,LSEG,,,cross_reference,LSEG Quantitative Analytics Database Schema for Compustat North America Data 39 Field Type Nullable Description Item smallint N Item is the Compustat item; it cross-references CSNAItem where CSNAItem.Number = CSCoIFndQ.Item and Group_ = 219.,39
qa_database_schema_compustat_na_v1_1_5_2022_02_21,QA Database Schema - Compustat NA v1.1.5 (2022-02-21).pdf,CSCoIFndSA,Item,,,cross_reference,Item smallint N Item is the Compustat item; it cross-references CSNAItem where CSNAItem.Number = CSCoIFndSA.Item and Group_ = 220.,39
qa_database_schema_compustat_na_v1_1_5_2022_02_21,QA Database Schema - Compustat NA v1.1.5 (2022-02-21).pdf,,CSRIssueTyp,CSVSecurity,,cross_reference,CSRIssueTyp.TPCICD cross-references with CSVSecurity.TPCI.,48
qa_database_schema_compustat_na_v1_1_5_2022_02_21,QA Database Schema - Compustat NA v1.1.5 (2022-02-21).pdf,CSSecMDivFn,Item,,,cross_reference,Item smallint N Item is the Compustat item; it cross-references CSNAItem where CSNAItem.Number = CSSecMSptFn.Item and Group_ = 145.,55
qa_database_schema_compustat_na_v1_1_5_2022_02_21,QA Database Schema - Compustat NA v1.1.5 (2022-02-21).pdf,CSSecMDivFn,Item,,,cross_reference,Item smallint N Item is the Compustat item; it cross-references CSNAItem where CSNAItem.Number = CSSecMDivFn.Item and Group_ = 81.,55
qa_database_schema_compustat_na_v1_1_5_2022_02_21,QA Database Schema - Compustat NA v1.1.5 (2022-02-21).pdf,,CSVSecurity,CSRIssueTyp,,cross_reference,CSVSecurity.TPCI cross-references with CSRIssueTyp.TPCICD.,57
qa_database_schema_compustat_na_v1_1_5_2022_02_21,QA Database Schema - Compustat NA v1.1.5 (2022-02-21).pdf,CSBkCoAFntInd,Item,,,cross_reference,Item smallint N Item is the Compustat item; it cross-references CSNAItem where CSNAItem.Number = CSBkCoAFntInd.Item and Group_ = 246.,58
qa_database_schema_compustat_na_v1_1_5_2022_02_21,QA Database Schema - Compustat NA v1.1.5 (2022-02-21).pdf,CSBkCoAFndDC2,Item,,,cross_reference,Item smallint N Item is the Compustat item; it cross-references CSNAItem where CSNAItem.Number = CSBkCoAFndDC1.Item and Group_ = 231.,61
qa_database_schema_compustat_na_v1_1_5_2022_02_21,QA Database Schema - Compustat NA v1.1.5 (2022-02-21).pdf,CSBkCoAFndDC2,Item,,,cross_reference,Item smallint N Item is the Compustat item; it cross-references CSNAItem where CSNAItem.Number = CSBkCoAFndDC2.Item and Group_ = 232.,61
qa_database_schema_compustat_na_v1_1_5_2022_02_21,QA Database Schema - Compustat NA v1.1.5 (2022-02-21).pdf,CSBkCoAFnd2,Item,,,cross_reference,Item smallint N Item is the Compustat item; it cross-references CSNAItem where CSNAItem.Number = CSBkCoAFnd1.Item and Group_ = 233.,62
qa_database_schema_compustat_na_v1_1_5_2022_02_21,QA Database Schema - Compustat NA v1.1.5 (2022-02-21).pdf,CSBkCoAFnd2,Item,,,cross_reference,Item smallint N Item is the Compustat item; it cross-references CSNAItem where CSNAItem.Number = CSBkCoAFnd2.Item and Group_ = 234.,62
qa_database_schema_compustat_na_v1_1_5_2022_02_21,QA Database Schema - Compustat NA v1.1.5 (2022-02-21).pdf,CSBkCoIFntYTD,Item,,,cross_reference,Item smallint N Item is the Compustat item; it cross-references CSNAItem where CSNAItem.Number = CSBkCoIFntYTD.Item and Group_ = 240.,66
qa_database_schema_compustat_na_v1_1_5_2022_02_21,QA Database Schema - Compustat NA v1.1.5 (2022-02-21).pdf,Historical,Item,,,cross_reference,Item smallint N Item is the Compustat item; it cross-references CSNAItem where CSNAItem.Number = CSBkCoIFntQ.Item and Group_ = 241.,67
qa_database_schema_compustat_na_v1_1_5_2022_02_21,QA Database Schema - Compustat NA v1.1.5 (2022-02-21).pdf,Historical,Item,,,cross_reference,Item smallint N Item is the Compustat item; it cross-references CSNAItem where CSNAItem.Number = CSBkCoIFntSA.Item and Group_ = 242.,67
qa_database_schema_compustat_na_v1_1_5_2022_02_21,QA Database Schema - Compustat NA v1.1.5 (2022-02-21).pdf,Historical,Item,,,cross_reference,Item smallint N Item is the Compustat item; it cross-references CSNAItem where CSNAItem.Number = CSBkCoIFndQ.Item and Group_ = 247.,70
qa_database_schema_compustat_na_v1_1_5_2022_02_21,QA Database Schema - Compustat NA v1.1.5 (2022-02-21).pdf,CSBkCoIFndSA,Item,,,cross_reference,Item smallint N Item is the Compustat item; it cross-references CSNAItem where CSNAItem.Number = CSBkCoIFndYTD.Item and Group_ = 248.,71
qa_database_schema_compustat_na_v1_1_5_2022_02_21,QA Database Schema - Compustat NA v1.1.5 (2022-02-21).pdf,CSBkCoIFndSA,Item,,,cross_reference,Item smallint N Item is the Compustat item; it cross-references CSNAItem where CSNAItem.Number = CSBkCoIFndSA.Item and Group_ = 249.,71
qa_database_schema_compustat_na_v1_1_5_2022_02_21,QA Database Schema - Compustat NA v1.1.5 (2022-02-21).pdf,CSBkSecMDvFn,Item,,,cross_reference,Item smallint N Item is the Compustat item; it cross-references CSNAItem where CSNAItem.Number = CSBkSecMSSFn.Item and Group_ = 164.,74
qa_database_schema_compustat_na_v1_1_5_2022_02_21,QA Database Schema - Compustat NA v1.1.5 (2022-02-21).pdf,CSBkSecMDvFn,Item,,,cross_reference,Item smallint N Item is the Compustat item; it cross-references CSNAItem where CSNAItem.Number = CSBkSecMDvFn.Item and Group_ = 81.,74
qa_database_schema_compustat_na_v1_1_5_2022_02_21,QA Database Schema - Compustat NA v1.1.5 (2022-02-21).pdf,CSACoPnFndA,Item,,,cross_reference,Item smallint N Item is the Compustat item; it cross-references CSNAItem where CSNAItem.Number = CSACoPnFndA.Item and Group_ = 268.,78
qa_database_schema_compustat_na_v1_1_5_2022_02_21,QA Database Schema - Compustat NA v1.1.5 (2022-02-21).pdf,CSACoPnFntA,Item,,,cross_reference,Item smallint N Item is the Compustat item; it cross-references CSNAItem where CSNAItem.Number = CSACoPnFntA.Item and Group_ = 269.,79
qa_database_schema_compustat_na_v1_1_5_2022_02_21,QA Database Schema - Compustat NA v1.1.5 (2022-02-21).pdf,CSBkCoPnFntA,Item,,,cross_reference,Item smallint N Item is the Compustat item; it cross-references CSNAItem where CSNAItem.Number = CSBkCoPnFntA.Item and Group_ = 271.,80
qa_database_schema_compustat_na_v1_1_5_2022_02_21,QA Database Schema - Compustat NA v1.1.5 (2022-02-21).pdf,CSBkCoPnFndA,Item,,,cross_reference,Item smallint N Item is the Compustat item; it cross-references CSNAItem where CSNAItem.Number = CSBkCoPnFndA.Item and Group_ = 270.,81
qa_database_schema_compustat_na_v1_1_5_2022_02_21,QA Database Schema - Compustat NA v1.1.5 (2022-02-21).pdf,,Update,,,cross_reference,Update Cycle: Daily Adjusted: Yes Field Type Nullable Description KeyCode int N Item smallint N Item is the Compustat item; it cross-references CSNAItem where CSNAItem.Number = CSACoIndStQC.Item and Group_ = 251.,82
qa_database_schema_compustat_na_v1_1_5_2022_02_21,QA Database Schema - Compustat NA v1.1.5 (2022-02-21).pdf,CSACoIndStA,Item,,,cross_reference,Item smallint N Item is the Compustat item; it cross-references CSNAItem where CSNAItem.Number = CSACoIndStA.Item and Group_ = 252.,83
qa_database_schema_compustat_na_v1_1_5_2022_02_21,QA Database Schema - Compustat NA v1.1.5 (2022-02-21).pdf,CSACoIndFntQ,Item,,,cross_reference,Item smallint N Item is the Compustat item; it cross-references CSNAItem where CSNAItem.Number = CSACoIndFntQ.Item and Group_ = 253.,84
qa_database_schema_compustat_na_v1_1_5_2022_02_21,QA Database Schema - Compustat NA v1.1.5 (2022-02-21).pdf,,LSEG,,,cross_reference,LSEG Quantitative Analytics Database Schema for Compustat North America Data 85 Field Type Nullable Description Item smallint N Item is the Compustat item; it cross-references CSNAItem where CSNAItem.Number = CSACoIndFntYTD.Item and Group_ = 254.,85
qa_database_schema_compustat_na_v1_1_5_2022_02_21,QA Database Schema - Compustat NA v1.1.5 (2022-02-21).pdf,CSACoIndFntA,Item,,,cross_reference,Item smallint N Item is the Compustat item; it cross-references CSNAItem where CSNAItem.Number = CSACoIndFntA.Item and Group_ = 255.,85
qa_database_schema_compustat_na_v1_1_5_2022_02_21,QA Database Schema - Compustat NA v1.1.5 (2022-02-21).pdf,CSACoIndStYTD,Item,,,cross_reference,Item smallint N Item is the Compustat item; it cross-references CSNAItem where CSNAItem.Number = CSACoIndStYTD.Item and Group_ = 256.,86
qa_database_schema_compustat_na_v1_1_5_2022_02_21,QA Database Schema - Compustat NA v1.1.5 (2022-02-21).pdf,CSBkCoIndStQC,Item,,,cross_reference,Item smallint N Item is the Compustat item; it cross-references CSNAItem where CSNAItem.Number = CSBkCoIndFntA.Item and Group_ = 262.,87
qa_database_schema_compustat_na_v1_1_5_2022_02_21,QA Database Schema - Compustat NA v1.1.5 (2022-02-21).pdf,,Update,,,cross_reference,Update Cycle: Daily Adjusted: Yes Field Type Nullable Description KeyCode int N Item smallint N Item is the Compustat item; it cross-references CSNAItem where CSNAItem.Number = CSBkCoIndStQC.Item and Group_ = 256.,87
qa_database_schema_compustat_na_v1_1_5_2022_02_21,QA Database Schema - Compustat NA v1.1.5 (2022-02-21).pdf,CSBkCoIndFntQ,Item,,,cross_reference,Item smallint N Item is the Compustat item; it cross-references CSNAItem where CSNAItem.Number = CSBkCoIndStA.Item and Group_ = 259.,89
qa_database_schema_compustat_na_v1_1_5_2022_02_21,QA Database Schema - Compustat NA v1.1.5 (2022-02-21).pdf,CSBkCoIndFntQ,Item,,,cross_reference,Item smallint N Item is the Compustat item; it cross-references CSNAItem where CSNAItem.Number = CSBkCoIndFntQ.Item and Group_ = 260.,89
qa_database_schema_compustat_na_v1_1_5_2022_02_21,QA Database Schema - Compustat NA v1.1.5 (2022-02-21).pdf,Historical,ITEM,,,cross_reference,ITEM smallint N Item is the Compustat item; it cross-references CSNAItem where CSNAItem.Number = CSBKCOINDFNTYTD.Item and Group_ = 261.,90
qa_database_schema_compustat_na_v1_1_5_2022_02_21,QA Database Schema - Compustat NA v1.1.5 (2022-02-21).pdf,CSBkCoIndStYTD,ITEM,,,cross_reference,ITEM smallint N Item is the Compustat item; it cross-references CSNAItem where CSNAItem.Number = CSBkCoIndStYTD.Item and Group_ = 263.,91
qa_database_schema_compustat_na_v1_1_5_2022_02_21,QA Database Schema - Compustat NA v1.1.5 (2022-02-21).pdf,CSBkCoIndStYTD,ITEM,CSNAItem,,cross_reference,ITEM smallint N ITEM can be cross-referenced with CSNAItem where – CSNAItem.group_ = 276 (CSBnkAFnd1 and CSBnkIAFnd1) – CSNAItem.group_ = 278 (CSBnkAFnd2 and CSBnkIAFnd2) – CSNAItem.group_ = 288 (CSBnkBkAFnd1 and CSBnkBkIAFnd1) – CSNAItem.group_ = 289 (CSBnkBkAFnd2 and CSBnkBkIAFnd2) VALUE_ float Y VALUE_ is the raw value provided by Compustat.,94
qa_database_schema_compustat_na_v1_1_5_2022_02_21,QA Database Schema - Compustat NA v1.1.5 (2022-02-21).pdf,CSBkCoIndStYTD,ITEM,CSNAItem,,cross_reference,ITEM smallint N ITEM can be cross-referenced with CSNAItem where CSNAItem.GName = ‘bank_afnddc1’ or ‘bank_ afnddc2’.,95
qa_database_schema_compustat_na_v1_1_5_2022_02_21,QA Database Schema - Compustat NA v1.1.5 (2022-02-21).pdf,CSBkCoIndStYTD,ITEM,CSNAItem,,cross_reference,ITEM smallint N ITEM can be cross-referenced with CSNAItem where CSNAItem.GName = ‘bank_afntind’.,95
qa_database_schema_compustat_na_v1_1_5_2022_02_21,QA Database Schema - Compustat NA v1.1.5 (2022-02-21).pdf,CSBkCoIndStYTD,ITEM,CSNAItem,,cross_reference,ITEM smallint N ITEM can be cross-referenced with CSNAItem where – CSNAItem.group_ = 283 (CSBnkIFndQ and CSBnkIIFndQ) – CSNAItem.group_ = 294 (CSBnkBkIFndQ and CSBnkBkIIFndQ) VALUE_ float Y VALUE_ is the raw value provided by Compustat.,96
qa_database_schema_compustat_na_v1_1_5_2022_02_21,QA Database Schema - Compustat NA v1.1.5 (2022-02-21).pdf,CSBkCoIndStYTD,ITEM,CSNAItem,,cross_reference,"ITEM smallint N ITEM can be cross-referenced with CSNAItem where – CSNAItem. group_ = 284 (CSBnkIFndYTD and CSBnkIIFndYTD) Indexes Index Fields pkey_[table name] (Clustered) GVKEY, DATADATE, CONSOL, FYR, DATAFMT, ITEM [table name]_1 GVKEY, CONSOL, DATAFMT, ITEM, DATADATE [table name]_2 GVKEY, ITEM, DATADATE",96
qa_database_schema_compustat_na_v1_1_5_2022_02_21,QA Database Schema - Compustat NA v1.1.5 (2022-02-21).pdf,CSBkCoIndStYTD,ITEM,CSNAItem,,cross_reference,ITEM smallint N ITEM can be cross-referenced with CSNAItem where CSNAItem.GName = ‘bank_ifntq’.,97
qa_database_schema_compustat_na_v1_1_5_2022_02_21,QA Database Schema - Compustat NA v1.1.5 (2022-02-21).pdf,CSBkCoIndStYTD,ITEM,CSNAItem,,cross_reference,ITEM smallint N ITEM can be cross-referenced with CSNAItem where CSNAItem.GName = ‘bank_ifntytd’.,98
qa_database_schema_compustat_na_v1_1_5_2022_02_21,QA Database Schema - Compustat NA v1.1.5 (2022-02-21).pdf,CSBnkAnn,ITEM,CSBnkItem,,cross_reference,ITEM smallint N Item cross-references with CSBnkItem where Item = CSBnkItem.Number and CSBnkItem.Group_ = 5.,99
qa_database_schema_compustat_na_v1_1_5_2022_02_21,QA Database Schema - Compustat NA v1.1.5 (2022-02-21).pdf,,LSEG,CSFYE,,cross_reference,"LSEG Quantitative Analytics Database Schema for Compustat North America Data 100 NOTE For items on a fiscal basis, cross-reference Date_ with CSFYE where Code = CSFYE.Code, Date_ = CSFYE.Date_, and CSFYE.Type_ = 5.",100
qa_database_schema_compustat_na_v1_1_5_2022_02_21,QA Database Schema - Compustat NA v1.1.5 (2022-02-21).pdf,,LSEG,CSCode,,cross_reference,"LSEG Quantitative Analytics Database Schema for Compustat North America Data 101 Field Type Nullable Description – 6 = Increasing share count on split and decreasing on reverse split, pay date – 7 = Decreasing on split and increasing on reverse split, pay date CODENUMB smallint Y CodeNumb cross-references with CSCode for translation (see CSCode notes for example of usage).",101
qa_database_schema_compustat_na_v1_1_5_2022_02_21,QA Database Schema - Compustat NA v1.1.5 (2022-02-21).pdf,CSBnkQtr,ITEM,CSBnkItem,,cross_reference,ITEM smallint N Item cross-references with CSBnkItem where Item = CSBnkItem.Number and CSBnkItem.Group_ = 5.,101
qa_database_schema_compustat_na_v1_1_5_2022_02_21,QA Database Schema - Compustat NA v1.1.5 (2022-02-21).pdf,,NOTE,CSFYE,,cross_reference,"NOTE For items on a fiscal basis, cross-reference Date_ with CSFYE where Code = CSFYE.Code and Date_ = CSFYE.Date_ and CSFYE.Type_ = 6.",101
qa_database_schema_compustat_na_v1_1_5_2022_02_21,QA Database Schema - Compustat NA v1.1.5 (2022-02-21).pdf,CSADIdxQtr,ITEM,,,cross_reference,ITEM smallint N Item is the Compustat item; it cross-references CSNAItem where CSNAItem.Number = CSADIdxAnn.Item and Group_ = 179.,105
qa_database_schema_compustat_na_v1_1_5_2022_02_21,QA Database Schema - Compustat NA v1.1.5 (2022-02-21).pdf,CSADIdxQtr,ITEM,,,cross_reference,ITEM smallint N Item is the Compustat item; it cross-references CSNAItem where CSNAItem.Number = CSADIdxQtr.Item and Group_ = 180.,105
qa_database_schema_compustat_na_v1_1_5_2022_02_21,QA Database Schema - Compustat NA v1.1.5 (2022-02-21).pdf,CSICoAFndDC2,ITEM,,,cross_reference,ITEM smallint N Item is the Compustat item; it cross-references CSNAItem where CSNAItem.Number = CSICoAFndDC1.Item and Group_ = 202.,110
qa_database_schema_compustat_na_v1_1_5_2022_02_21,QA Database Schema - Compustat NA v1.1.5 (2022-02-21).pdf,CSICoAFndDC2,ITEM,,,cross_reference,ITEM smallint N Item is the Compustat item; it cross-references CSNAItem where CSNAItem.Number = CSICoAFndDC2.Item and Group_ = 203.,110
qa_database_schema_compustat_na_v1_1_5_2022_02_21,QA Database Schema - Compustat NA v1.1.5 (2022-02-21).pdf,CSICoAFnd2,ITEM,,,cross_reference,ITEM smallint N Item is the Compustat item; it cross-references CSNAItem where CSNAItem.Number = CSICoAFnd1.Item and Group_ = 204.,111
qa_database_schema_compustat_na_v1_1_5_2022_02_21,QA Database Schema - Compustat NA v1.1.5 (2022-02-21).pdf,CSICoAFnd2,ITEM,,,cross_reference,ITEM smallint N Item is the Compustat item; it cross-references CSNAItem where CSNAItem.Number = CSICoAFnd2.Item and Group_ = 205.,111
qa_database_schema_compustat_na_v1_1_5_2022_02_21,QA Database Schema - Compustat NA v1.1.5 (2022-02-21).pdf,Footnotes,ITEM,,,cross_reference,ITEM smallint N Item is the Compustat item; it cross-references CSNAItem where CSNAItem.Number = CSICoIFntYTD.Item and Group_ = 211.,116
qa_database_schema_compustat_na_v1_1_5_2022_02_21,QA Database Schema - Compustat NA v1.1.5 (2022-02-21).pdf,Footnotes,ITEM,,,cross_reference,ITEM smallint N Item is the Compustat item; it cross-references CSNAItem where CSNAItem.Number = CSICoIFntQ.Item and Group_ = 212.,116
qa_database_schema_compustat_na_v1_1_5_2022_02_21,QA Database Schema - Compustat NA v1.1.5 (2022-02-21).pdf,CSICoIFntSA,ITEM,,,cross_reference,ITEM smallint N Item is the Compustat item; it cross-references CSNAItem where CSNAItem.Number = CSICoIFntSA.Item and Group_ = 213.,117
qa_database_schema_compustat_na_v1_1_5_2022_02_21,QA Database Schema - Compustat NA v1.1.5 (2022-02-21).pdf,CSICoAFntIND,ITEM,,,cross_reference,ITEM smallint N Item is the Compustat item; it cross-references CSNAItem where CSNAItem.Number = CSICoAFntIND.Item and Group_ = 217.,119
qa_database_schema_compustat_na_v1_1_5_2022_02_21,QA Database Schema - Compustat NA v1.1.5 (2022-02-21).pdf,CSICoIFndQ,ITEM,,,cross_reference,ITEM smallint N Item is the Compustat item; it cross-references CSNAItem where CSNAItem.Number = CSICoIFndQ.Item and Group_ = 218.,120
qa_database_schema_compustat_na_v1_1_5_2022_02_21,QA Database Schema - Compustat NA v1.1.5 (2022-02-21).pdf,Date,ITEM,,,cross_reference,ITEM smallint N Item is the Compustat item; it cross-references CSNAItem where CSNAItem.Number = CSICoIFndYTD.Item and Group_ = 219.,121
qa_database_schema_compustat_na_v1_1_5_2022_02_21,QA Database Schema - Compustat NA v1.1.5 (2022-02-21).pdf,CSICoIFndSA,ITEM,,,cross_reference,ITEM smallint N Item is the Compustat item; it cross-references CSNAItem where CSNAItem.Number = CSICoIFndSA.Item and Group_ = 220.,122
qa_database_schema_compustat_na_v1_1_5_2022_02_21,QA Database Schema - Compustat NA v1.1.5 (2022-02-21).pdf,CSISecMSptFn,ITEM,,,cross_reference,ITEM smallint N Item is the Compustat item; it cross-references CSNAItem where CSNAItem.Number = CSISecMSptFn.Item and Group_ = 145.,124
qa_database_schema_compustat_na_v1_1_5_2022_02_21,QA Database Schema - Compustat NA v1.1.5 (2022-02-21).pdf,,LSEG,,,cross_reference,LSEG Quantitative Analytics Database Schema for Compustat North America Data 125 Field Type Nullable Description ITEM smallint N Item is the Compustat item; it cross-references CSNAItem where CSNAItem.Number = CSISecMDivFN.Item and Group_ = 88 VALUE_ varchar(9) Y Value_ is the raw value provided by Compustat.,125
qa_database_schema_compustat_na_v1_1_5_2022_02_21,QA Database Schema - Compustat NA v1.1.5 (2022-02-21).pdf,Historical,ITEM,,,cross_reference,ITEM smallint N Item is the Compustat item; it cross-references CSNAItem where CSNAItem.Number = CSIBkCoAFntInd.Item and Group_ = 246.,126
qa_database_schema_compustat_na_v1_1_5_2022_02_21,QA Database Schema - Compustat NA v1.1.5 (2022-02-21).pdf,CSIBkCoAFndDC1,ITEM,,,cross_reference,ITEM smallint N Item is the Compustat item; it cross-references CSNAItem where CSNAItem.Number = CSIBkCoAFndDC1.Item and Group_ = 231.,129
qa_database_schema_compustat_na_v1_1_5_2022_02_21,QA Database Schema - Compustat NA v1.1.5 (2022-02-21).pdf,CSIBkCoAFnd1,ITEM,,,cross_reference,ITEM smallint N Item is the Compustat item; it cross-references CSNAItem where CSNAItem.Number = CSIBkCoAFndDC2.Item and Group_ = 232.,130
qa_database_schema_compustat_na_v1_1_5_2022_02_21,QA Database Schema - Compustat NA v1.1.5 (2022-02-21).pdf,CSIBkCoAFnd1,ITEM,,,cross_reference,ITEM smallint N Item is the Compustat item; it cross-references CSNAItem where CSNAItem.Number = CSIBkCoAFnd1.Item and Group_ = 233.,130
qa_database_schema_compustat_na_v1_1_5_2022_02_21,QA Database Schema - Compustat NA v1.1.5 (2022-02-21).pdf,CSIBkCoAFnd2,ITEM,,,cross_reference,ITEM smallint N Item is the Compustat item; it cross-references CSNAItem where CSNAItem.Number = CSIBkCoAFnd2.Item and Group_ = 234.,131
qa_database_schema_compustat_na_v1_1_5_2022_02_21,QA Database Schema - Compustat NA v1.1.5 (2022-02-21).pdf,CSIBkCoIFntYTD,ITEM,,,cross_reference,ITEM smallint N Item is the Compustat item; it cross-references CSNAItem where CSNAItem.Number = CSIBkCoIFntYTD.Item and Group_ = 240.,134
qa_database_schema_compustat_na_v1_1_5_2022_02_21,QA Database Schema - Compustat NA v1.1.5 (2022-02-21).pdf,CSIBkCoIFntQ,ITEM,,,cross_reference,ITEM SMALLINT N Item is the Compustat item; it cross-references CSNAItem where CSNAItem.Number = CSIBkCoIFntQ.Item and Group_ = 241.,135
qa_database_schema_compustat_na_v1_1_5_2022_02_21,QA Database Schema - Compustat NA v1.1.5 (2022-02-21).pdf,CSIBkCoIFntSA,ITEM,,,cross_reference,ITEM smallint N Item is the Compustat item; it cross-references CSNAItem where CSNAItem.Number = CSIBkCoIFntSA.Item and Group_ = 242.,136
qa_database_schema_compustat_na_v1_1_5_2022_02_21,QA Database Schema - Compustat NA v1.1.5 (2022-02-21).pdf,CSIBkCoIFndQ,ITEM,,,cross_reference,ITEM smallint N Item is the Compustat item; it cross-references CSNAItem where CSNAItem.Number = CSIBkCoIFndQ.Item and Group_ = 247.,138
qa_database_schema_compustat_na_v1_1_5_2022_02_21,QA Database Schema - Compustat NA v1.1.5 (2022-02-21).pdf,CSIBkCoIFndYTD,ITEM,,,cross_reference,ITEM smallint N Item is the Compustat item; it cross-references CSNAItem where CSNAItem.Number = CSIBkCoIFndYTD.Item and Group_ = 248 VALUE_ float Y Value_ is the raw value provided by Compustat.,139
qa_database_schema_compustat_na_v1_1_5_2022_02_21,QA Database Schema - Compustat NA v1.1.5 (2022-02-21).pdf,Historical,Item,,,cross_reference,Item smallint N Item is the Compustat item; it cross-references CSNAItem where CSNAItem.Number = CSIBkCoIFndSA.Item and Group_ = 249.,140
qa_database_schema_compustat_na_v1_1_5_2022_02_21,QA Database Schema - Compustat NA v1.1.5 (2022-02-21).pdf,CSIBkSecMSSFn,ITEM,,,cross_reference,ITEM smallint N Item is the Compustat item; it cross-references CSNAItem where CSNAItem.Number = CSIBkSecMSSFn.Item and Group_ = 164.,142
qa_database_schema_compustat_na_v1_1_5_2022_02_21,QA Database Schema - Compustat NA v1.1.5 (2022-02-21).pdf,,LSEG,,,cross_reference,LSEG Quantitative Analytics Database Schema for Compustat North America Data 143 Field Type Nullable Description ITEM smallint N Item is the Compustat item; it cross-references CSNAItem where CSNAItem.Number = CSIBkSecMDvFn.Item and Group_ = 163.,143
qa_database_schema_compustat_na_v1_1_5_2022_02_21,QA Database Schema - Compustat NA v1.1.5 (2022-02-21).pdf,Footnotes,ITEM,,,cross_reference,ITEM smallint N Item is the Compustat item; it cross-references CSNAItem where CSNAItem.Number = CSIACoPnFntA.Item and Group_ = 269.,146
qa_database_schema_compustat_na_v1_1_5_2022_02_21,QA Database Schema - Compustat NA v1.1.5 (2022-02-21).pdf,CSIACoPnFndA,ITEM,,,cross_reference,ITEM smallint N Item is the Compustat item; it cross-references CSNAItem where CSNAItem.Number = CSIACoPnFndA.Item and Group_ = 268.,148
qa_database_schema_compustat_na_v1_1_5_2022_02_21,QA Database Schema - Compustat NA v1.1.5 (2022-02-21).pdf,CSIBkCoPnFntA,ITEM,,,cross_reference,ITEM smallint N Item is the Compustat item; it cross-references CSNAItem where CSNAItem.Number.Number = CSIBkCoPnFntA.Item and Group_ = 271.,149
qa_database_schema_compustat_na_v1_1_5_2022_02_21,QA Database Schema - Compustat NA v1.1.5 (2022-02-21).pdf,CSIBkCoPnFndA,ITEM,,,cross_reference,ITEM smallint N Item is the Compustat item; it cross-references CSNAItem where CSNAItem.Number = CSIBkCoPnFndA.Item and Group_ = 270.,150
qa_database_schema_compustat_na_v1_1_5_2022_02_21,QA Database Schema - Compustat NA v1.1.5 (2022-02-21).pdf,CSIACoIndStQC,ITEM,,,cross_reference,ITEM smallint N Item is the Compustat item; it cross-references CSNAItem where CSNAItem.Number = CSIACoIndFntA.Item and Group_ = 271.,151
qa_database_schema_compustat_na_v1_1_5_2022_02_21,QA Database Schema - Compustat NA v1.1.5 (2022-02-21).pdf,,Update,,,cross_reference,Update Cycle: Daily Adjusted: Yes Field Type Nullable Description KEYCODE int N ITEM smallint N Item is the Compustat item; it cross-references CSNAItem where CSNAItem.Number = CSIACoIndStQC.Item and Group_ = 251.,151
qa_database_schema_compustat_na_v1_1_5_2022_02_21,QA Database Schema - Compustat NA v1.1.5 (2022-02-21).pdf,CSIACoIndFntQ,ITEM,,,cross_reference,ITEM smallint N Item is the Compustat item; it cross-references CSNAItem where CSNAItem.Number = CSIACoIndStA.Item and Group_ = 252.,153
qa_database_schema_compustat_na_v1_1_5_2022_02_21,QA Database Schema - Compustat NA v1.1.5 (2022-02-21).pdf,CSIACoIndFntQ,ITEM,,,cross_reference,ITEM smallint N Item is the Compustat item; it cross-references CSNAItem where CSNAItem.Number = CSIACoIndFntQ.Item and Group_ = 253.,153
qa_database_schema_compustat_na_v1_1_5_2022_02_21,QA Database Schema - Compustat NA v1.1.5 (2022-02-21).pdf,Footnotes,ITEM,,,cross_reference,ITEM smallint N Item is the Compustat item; it cross-references CSNAItem where CSNAItem.Number = CSIACoIndFntYTD.Item and Group_ = 254.,154
qa_database_schema_compustat_na_v1_1_5_2022_02_21,QA Database Schema - Compustat NA v1.1.5 (2022-02-21).pdf,CSIACoIndStYTD,ITEM,,,cross_reference,ITEM smallint N Item is the Compustat item; it cross-references CSNAItem where CSNAItem.Number = CSIACoIndStYTD.Item and Group_ = 256.,155
qa_database_schema_compustat_na_v1_1_5_2022_02_21,QA Database Schema - Compustat NA v1.1.5 (2022-02-21).pdf,CSIBkCoINDSTQC,ITEM,,,cross_reference,ITEM smallint N Item is the Compustat item; it cross-references CSNAItem where CSNAItem.Number = CSIBkCoINDFNTA.Item and Group_ = 262.,156
qa_database_schema_compustat_na_v1_1_5_2022_02_21,QA Database Schema - Compustat NA v1.1.5 (2022-02-21).pdf,,Update,,,cross_reference,Update Cycle: Daily Adjusted: Yes Field Type Nullable Description KEYCODE int N ITEM smallint N Item is the Compustat item; it cross-references CSNAItem where CSNAItem.Number = CSIBkCoINDSTQC.Item and Group_ = 256.,156
qa_database_schema_compustat_na_v1_1_5_2022_02_21,QA Database Schema - Compustat NA v1.1.5 (2022-02-21).pdf,Historical,ITEM,,,cross_reference,ITEM smallint N Item is the Compustat item; it cross-references CSNAItem where CSNAItem.Number = CSIBkCoINDFNTQ.Item and Group_ = 260.,158
qa_database_schema_compustat_na_v1_1_5_2022_02_21,QA Database Schema - Compustat NA v1.1.5 (2022-02-21).pdf,CSIBkCoINDSTA,ITEM,,,cross_reference,ITEM smallint N Item is the Compustat item; it cross-references CSNAItem where CSNAItem.Number = CSIBkCoINDFNTYTD.Item and Group_ = 261.,159
qa_database_schema_compustat_na_v1_1_5_2022_02_21,QA Database Schema - Compustat NA v1.1.5 (2022-02-21).pdf,CSIBkCoINDSTA,ITEM,,,cross_reference,ITEM smallint N Item is the Compustat item; it cross-references CSNAItem where CSNAItem.Number = CSIBkCoINDSTA.Item and Group_ = 259.,159
qa_database_schema_compustat_na_v1_1_5_2022_02_21,QA Database Schema - Compustat NA v1.1.5 (2022-02-21).pdf,Historical,ITEM,,,cross_reference,ITEM smallint N Item is the Compustat item; it cross-references CSNAItem where CSNAItem.Number = CSIBkCoINDSTYTD.Item and Group_ = 263.,160
qa_database_schema_compustat_na_v1_1_5_2022_02_21,QA Database Schema - Compustat NA v1.1.5 (2022-02-21).pdf,CSPITDFndC,ITEM,,,cross_reference,ITEM int N Item cross references CSPITItem where item = CSPITItem.number.,165
qa_database_schema_compustat_na_v1_1_5_2022_02_21,QA Database Schema - Compustat NA v1.1.5 (2022-02-21).pdf,CSPITDFndC,ITEM,,,cross_reference,ITEM int N Item cross references CSPITItem where item = CSPITItem.number.,165
qa_database_schema_compustat_na_v1_1_5_2022_02_21,QA Database Schema - Compustat NA v1.1.5 (2022-02-21).pdf,Canadian,ITEM,,,cross_reference,ITEM int N Item cross references CSPITItem where item = CSPITItem.number.,166
qa_database_schema_compustat_na_v1_1_5_2022_02_21,QA Database Schema - Compustat NA v1.1.5 (2022-02-21).pdf,Canadian,ITEM,,,cross_reference,ITEM int N Item cross references CSPITItem where item = CSPITItem.number.,166
qa_database_schema_compustat_na_v1_1_5_2022_02_21,QA Database Schema - Compustat NA v1.1.5 (2022-02-21).pdf,CSPITFnC,ITEM,,,cross_reference,ITEM int N Item cross references CSPITItem where item = CSPITItem.number.,167
qa_database_schema_compustat_na_v1_1_5_2022_02_21,QA Database Schema - Compustat NA v1.1.5 (2022-02-21).pdf,CSPITFnC,ITEM,,,cross_reference,ITEM int N Item cross references CSPITItem where item = CSPITItem.number.,167
qa_database_schema_compustat_na_v1_1_5_2022_02_21,QA Database Schema - Compustat NA v1.1.5 (2022-02-21).pdf,Canadian,EXCH,CSCode,,cross_reference,EXCH smallint Y Exch can be cross-referenced with CSCode where Exch = CSCode.code and CSCode.number = 115.,170
qa_database_schema_compustat_na_v1_1_5_2022_02_21,QA Database Schema - Compustat NA v1.1.5 (2022-02-21).pdf,Canadian,EXCH,CSCode,,cross_reference,EXCH smallint Y Exch can be cross-referenced with CSCode where Exch = CSCode.code and CSCode.number = 115.,170
qa_database_schema_compustat_na_v1_1_5_2022_02_21,QA Database Schema - Compustat NA v1.1.5 (2022-02-21).pdf,CSPITPQtr,UPDQ,,,cross_reference,"UPDQ smallint Y Updq is the update code, and cross-references CSCode where Updq = CSCode.code and CSCode.number = 58.",172
qa_database_schema_compustat_na_v1_1_5_2022_02_21,QA Database Schema - Compustat NA v1.1.5 (2022-02-21).pdf,CSPITPQtr,SRCQ,,,cross_reference,"SRCQ smallint Y Srcq is the source document, and cross-references CSCode where Srcq = CSCode.code and CSCode.number = 61.",172
qa_database_schema_compustat_na_v1_1_5_2022_02_21,QA Database Schema - Compustat NA v1.1.5 (2022-02-21).pdf,,See,,,cross_reference,See Srcq for the cross-reference.,172
qa_database_schema_compustat_na_v1_1_5_2022_02_21,QA Database Schema - Compustat NA v1.1.5 (2022-02-21).pdf,CSPITPQtr,SCFQ,,,cross_reference,"SCFQ smallint Y Scfq is the Cash Flow Format, it cross-references CSCode where Scfq = CSCode.code and CSCode.number = 9.",173
qa_database_schema_compustat_na_v1_1_5_2022_02_21,QA Database Schema - Compustat NA v1.1.5 (2022-02-21).pdf,CSPITPQtrC,UPDQ,,,cross_reference,"UPDQ smallint Y Updq is the update code, and cross-references CSCode where Updq = CSCode.code and CSCode.number = 58.",174
qa_database_schema_compustat_na_v1_1_5_2022_02_21,QA Database Schema - Compustat NA v1.1.5 (2022-02-21).pdf,CSPITPQtrC,SRCQ,,,cross_reference,"SRCQ smallint Y Srcq is the source document, and cross-references CSCode where Srcq = CSCode.code and CSCode.number = 61.",174
qa_database_schema_compustat_na_v1_1_5_2022_02_21,QA Database Schema - Compustat NA v1.1.5 (2022-02-21).pdf,,See,,,cross_reference,See Srcq for the cross-reference.,174
qa_database_schema_compustat_na_v1_1_5_2022_02_21,QA Database Schema - Compustat NA v1.1.5 (2022-02-21).pdf,CSPITPQtrC,SCFQ,,,cross_reference,"SCFQ smallint Y Scfq is the Cash Flow Format, it cross-references CSCode where Scfq = CSCode.code and CSCode.number = 9.",174
qa_database_schema_compustat_na_v1_1_5_2022_02_21,QA Database Schema - Compustat NA v1.1.5 (2022-02-21).pdf,CSBFtn,ITEM,CSBItem_csbitem,,cross_reference,ITEM smallint N Item cross references with CSBItem_csbitem:_Compustat_AFR where Item = CSBItem.Number.,175
qa_database_schema_compustat_na_v1_1_5_2022_02_21,QA Database Schema - Compustat NA v1.1.5 (2022-02-21).pdf,CSBData,DATE_,CSBPrD,,cross_reference,DATE_ smalldatetime N Date_ cross references with CSBPrD where Code = CSBPrD.Code and Date_ = CSBPrD.EndDate.,175
qa_database_schema_compustat_na_v1_1_5_2022_02_21,QA Database Schema - Compustat NA v1.1.5 (2022-02-21).pdf,,Update,CSBItem_csbitem,,cross_reference,Update Cycle: Monthly (vendor releases 1st week of the month) Adjusted: N/A Field Type Nullable Description ITEM smallint N Item cross references with CSBItem_csbitem:_Compustat_AFR where Item = CSBItem.Number.,175
qa_database_schema_compustat_na_v1_1_5_2022_02_21,QA Database Schema - Compustat NA v1.1.5 (2022-02-21).pdf,CSBItem,NUMBER,,,cross_reference,NUMBER smallint Y Number is used to cross-reference all the supporting CSB* tables where Item occurs.,176
qa_database_schema_compustat_na_v1_1_5_2022_02_21,QA Database Schema - Compustat NA v1.1.5 (2022-02-21).pdf,,Update,,,cross_reference,Update Cycle: N/A Adjusted: N/A Field Type Nullable Description ITEM smallint N Item cross references CSPItem where Item = CSPItem.Desc_.,178
qa_database_schema_compustat_na_v1_1_5_2022_02_21,QA Database Schema - Compustat NA v1.1.5 (2022-02-21).pdf,CSPDesc,VALUE_,,,cross_reference,VALUE_ varchar(10) N Value_ cross references CSP*DATA on value_ = CSP*DATA.Value_and CSPItem.Desc_ = CSP*DATA.item.,178
qa_database_schema_compustat_na_v1_1_5_2022_02_21,QA Database Schema - Compustat NA v1.1.5 (2022-02-21).pdf,CSPNData,ITEM,,,cross_reference,ITEM smallint N Item cross references CSPItem where Item = CSPItem.number.,179
qa_database_schema_compustat_na_v1_1_5_2022_02_21,QA Database Schema - Compustat NA v1.1.5 (2022-02-21).pdf,CSPNData,DATE_,CSBPrD,,cross_reference,DATE_ smalldatetime N Date_ cross references with CSBPrD where Code = CSBPrD.Code and Date_ = CSBPrD.EndDate.,179
qa_database_schema_compustat_na_v1_1_5_2022_02_21,QA Database Schema - Compustat NA v1.1.5 (2022-02-21).pdf,CSPSData,ITEM,,,cross_reference,ITEM smallint N Item cross references CSPItem where Item = CSPItem.number.,180
qa_database_schema_compustat_na_v1_1_5_2022_02_21,QA Database Schema - Compustat NA v1.1.5 (2022-02-21).pdf,CSPSData,DATE_,CSBPrD,,cross_reference,DATE_ smalldatetime N Date_ cross references with CSBPrD where Code = CSBPrD.Code and Date_ = CSBPrD.EndDate.,180
qa_database_schema_compustat_na_v1_1_5_2022_02_21,QA Database Schema - Compustat NA v1.1.5 (2022-02-21).pdf,CSCdnPDE,ITEM,CSItem,,cross_reference,ITEM smallint N Item cross-references with CSItem where Item = CSItem.Number and CSItem.Group_ = 3.,181
qa_database_schema_compustat_na_v1_1_5_2022_02_21,QA Database Schema - Compustat NA v1.1.5 (2022-02-21).pdf,CSCdnPDE,ITEM,CSItem,,cross_reference,ITEM smallint N Item cross-references with CSItem where Item = CSItem.Number and CSItem.Group_ = 4.,181
qa_database_schema_compustat_na_v1_1_5_2022_02_21,QA Database Schema - Compustat NA v1.1.5 (2022-02-21).pdf,,For,CSFYE,,cross_reference,"For items on a fiscal basis, cross-reference Date_ with CSFYE where Code = CSFYE.Code and Date_ = CSFYE.Date_ and CSFYE.Type_ = 2.",181
qa_database_schema_compustat_na_v1_1_5_2022_02_21,QA Database Schema - Compustat NA v1.1.5 (2022-02-21).pdf,CSIndPDE,ITEM,CSItem,,cross_reference,ITEM smallint N Item cross-references with CSItem where Item = CSItem.Number and CSItem.Group_ = 4.,182
qa_database_schema_compustat_na_v1_1_5_2022_02_21,QA Database Schema - Compustat NA v1.1.5 (2022-02-21).pdf,,NOTE,CSFYE,,cross_reference,"NOTE For items on a fiscal basis, cross-reference Date_ with CSFYE where Code = CSFYE.Code and Date_ = CSFYE.Date_ and CSFYE.Type_ = 2.",182
qa_database_schema_compustat_na_v1_1_5_2022_02_21,QA Database Schema - Compustat NA v1.1.5 (2022-02-21).pdf,CSResPDE,ITEM,CSItem,,cross_reference,ITEM smallint N Item cross-references with CSItem where Item = CSItem.Number and CSItem.Group_ = 3.,188
qa_database_schema_compustat_na_v1_1_5_2022_02_21,QA Database Schema - Compustat NA v1.1.5 (2022-02-21).pdf,,NOTE,CSFYE,,cross_reference,"NOTE For items on a fiscal basis, cross-reference Date_ with CSFYE where Code = CSFYE.Code and Date_ = CSFYE.Date_ and CSFYE.Type_ = 2.",188
qa_database_schema_core_tables_v1_1_2024_02_28,QA Database Schema - Core Tables v1.1 (2024-02-28).pdf,,,GSECMSTRX,,join_hint,"MSCIV2 Sample Query that utilizes time series mapping SELECT A.SECCODE,A.ID,A.NAME,B.VENTYPE, B.RANK,B.STARTDATE AS MAPSTART, B.ENDDATE AS MAPEND,C.SECID,D.DATE_,D.VALUE_ AS MKTCAP FROM GSECMSTRX A JOIN GSECMAPX B ON A.SECCODE=B.SECCODE AND B.VENTYPE='48' --MSCI2 MAPPING JOIN MS2SECINFO C ON B.VENCODE=C.SECID JOIN MS2SECFDLY D ON D.SECID = C.SECID AND D.ITEM = 713 --UNADJUSTED MARKET CAP AND D.DATE_ BETWEEN B.STARTDATE AND B.ENDDATE --TIME SERIES ENABLED.",5
qa_database_schema_core_tables_v1_1_2024_02_28,QA Database Schema - Core Tables v1.1 (2024-02-28).pdf,,,QAI,,join_hint,"SELECT CASE O.UID WHEN 1 THEN 'DBO' WHEN 5 THEN 'PRC' ELSE '' END AS SCHEMA_OWNER , O.NAME AS TABLE_NAME , I.ROWS AS TABLE_ROWCOUNT FROM QAI..SYSOBJECTS O JOIN QAI..SYSINDEXES I ON O.ID = I.ID WHERE O.XTYPE = 'U' AND I.INDID < 2 AND O.NAME NOT LIKE '%_CHANGES' AND I.ROWS > 0 ORDER BY O.NAME NOTE If your database is not named QAI, replace all occurrences of ""QAI"" in the query above with the name of your database.",6
qa_database_schema_core_tables_v1_1_2024_02_28,QA Database Schema - Core Tables v1.1 (2024-02-28).pdf,,Cross,prc,,cross_reference,Cross-reference with prc.PRCISS where prc.PRCISR.isrcode = prc.PRCISS.isrcode.,14
qa_database_schema_core_tables_v1_1_2024_02_28,QA Database Schema - Core Tables v1.1 (2024-02-28).pdf,,Cross,Prc,,cross_reference,Cross-reference with Prc.PrcIsr where Prc.PrcIss.isrcode = Prc.PrcIsr.isrcode.,15
qa_database_schema_core_tables_v1_1_2024_02_28,QA Database Schema - Core Tables v1.1 (2024-02-28).pdf,GSecSdlChg,Code,,,cross_reference,"Code cross-references the pricing universe tables where prc.PrcIss.Code = SecMstrX.SecCode and prc.PrcIss.Type_ = 1; or, where prc.PrcIss.Code = GSecMstrX.SecCode and prc.PrcIss.Type_ = 6.",15
qa_database_schema_core_tables_v1_1_2024_02_28,QA Database Schema - Core Tables v1.1 (2024-02-28).pdf,,This,,,cross_reference,This field is cross-referenced by TMCRegnCntryMap.,18
qa_database_schema_core_tables_v1_1_2024_02_28,QA Database Schema - Core Tables v1.1 (2024-02-28).pdf,,This,,,cross_reference,This field cross-references SDInfo_v.,19
qa_database_schema_core_tables_v1_1_2024_02_28,QA Database Schema - Core Tables v1.1 (2024-02-28).pdf,,Where,,,cross_reference,"Where ExchCode is not 0, this field cross-references SDExchInfo_v to provide additional information on an associated exchange.",19
qa_database_schema_core_tables_v1_1_2024_02_28,QA Database Schema - Core Tables v1.1 (2024-02-28).pdf,,For,,,cross_reference,"For your convenience all delivered vendor exchange information is available here; however, not all exchange information cross-references SDDates_v.",19
qa_database_schema_core_tables_v1_1_2024_02_28,QA Database Schema - Core Tables v1.1 (2024-02-28).pdf,,This,SDDates_v,,cross_reference,This field cross-references with SDDates_v.,20
qa_database_schema_core_tables_v1_1_2024_02_28,QA Database Schema - Core Tables v1.1 (2024-02-28).pdf,,,,,join_hint,"For an illustration of how to interpret the data in this field, see Create Joins to Return Descriptions of Special Dates on page 20.",20
qa_database_schema_core_tables_v1_1_2024_02_28,QA Database Schema - Core Tables v1.1 (2024-02-28).pdf,,,Ds2Exchange,,join_hint,"Example 1 SELECT A.ExchIntCode, A.ExchName, B.Desc_, C.* FROM Ds2Exchange A LEFT JOIN Ds2XRef B ON B.Code=A.ExchIntCode AND B.Type_=1017 LEFT JOIN SDExchInfo_V C ON C.ExchCode=B.Desc_ Create Joins to Return Descriptions of Special Dates These sample queries join SDInfo_v and SDDates_v to return the special date description for a given date and code.",20
qa_database_schema_core_tables_v1_1_2024_02_28,QA Database Schema - Core Tables v1.1 (2024-02-28).pdf,,,SDINFO_V,,join_hint,SELECT * FROM SDINFO_V A JOIN SDDATES_V B ON A.CODE=B.CODE,20
qa_database_schema_core_tables_v1_1_2024_02_28,QA Database Schema - Core Tables v1.1 (2024-02-28).pdf,,,SDINFO_V,,join_hint,"SELECT * FROM SDINFO_V A JOIN SDDATES_V B ON A.CODE=B.CODE WHERE EXCHCODE=371 AND B.DATE_='2019-12-12' Code Name Code Date_ ExchCode 530 Our Lady of Guadalupe Day 530 2019-12-12 00:00:00.000 371 Create Joins to Return Descriptions and Exchange Information for Special Dates These sample queries join SDInfo_v, SDDates_v, and SDExchInfo_v to return the special date description and, if available, exchange information for a given date and code.",21
qa_database_schema_core_tables_v1_1_2024_02_28,QA Database Schema - Core Tables v1.1 (2024-02-28).pdf,,,SDINFO_V,,join_hint,SELECT * FROM SDINFO_V A JOIN SDDATES_V B ON A.CODE=B.CODE JOIN SDEXCHINFO_V C ON B.EXCHCODE=C.EXCHCODE WHERE A.CODE=34 AND B.DATE_='2001-12-12' AND B.EXCHCODE=0 Example 5 This query returns the name of the holiday and the exchange information for the exchange that observes the holiday.,21
qa_database_schema_core_tables_v1_1_2024_02_28,QA Database Schema - Core Tables v1.1 (2024-02-28).pdf,,,SDINFO_V,,join_hint,SELECT * FROM SDINFO_V A JOIN SDDATES_V B ON A.CODE=B.CODE JOIN SDEXCHINFO_V C ON B.EXCHCODE=C.EXCHCODE WHERE B.EXCHCODE=371 AND B.DATE_='2019-12-12',21
qa_database_schema_core_tables_v1_1_2024_02_28,QA Database Schema - Core Tables v1.1 (2024-02-28).pdf,,,SDINFO_V,,join_hint,"SELECT * FROM SDINFO_V I JOIN SDDATES_V D ON I.CODE = D.CODE JOIN SDEXCHINFO_V E ON D.EXCHCODE = E.EXCHCODE WHERE E.EXCHCODE = 305 --LONDON AND I.CODE <> 289 --WEEKENDS AND YEAR(D.DATE_) IN (2006, 2007) ORDER BY D.DATE_",22
qa_database_schema_core_tables_v1_1_2024_02_28,QA Database Schema - Core Tables v1.1 (2024-02-28).pdf,,Adjusted,Update_Log,,cross_reference,Adjusted: N/A Indexes Index Fields pkey_update_status (Clustered) TableName Field Type Nullable Description TableName varchar(101) N TableName cross-references with Update_Log.,24
qa_database_schema_core_tables_v1_1_2024_02_28,QA Database Schema - Core Tables v1.1 (2024-02-28).pdf,,Update,,,cross_reference,"Update Cycle: Infrequent, as needed Adjusted: N/A Indexes Index Fields pkey_UpdIdCode (clustered) UpdateId UpdIdCode_1 (non-clustered) UpdateName Field Type Nullable Description UpdateId smallint N UpdateId cross-references PriUpdStatus.",25
qa_database_schema_core_tables_v1_1_2024_02_28,QA Database Schema - Core Tables v1.1 (2024-02-28).pdf,,Update,UPDPrimStatus,,cross_reference,"Update Cycle: Infrequent, as needed Adjusted: N/A Indexes Index Fields pkey_UPDPrimCode (clustered) UpdateID Field Type Nullable Description UpdateID smallint N UpdateID cross-references with UPDPrimStatus.",27
qa_database_schema_core_tables_v1_1_2024_02_28,QA Database Schema - Core Tables v1.1 (2024-02-28).pdf,UPDPrimCode,Exchange,Ds2Exchange,,cross_reference,"Exchange varchar(3) Y For Datastream2, Exchange cross-references with Ds2Exchange.DsExchCode.",27
qa_database_schema_core_tables_v1_1_2024_02_28,QA Database Schema - Core Tables v1.1 (2024-02-28).pdf,,UpdateErrors,ErrorInfo,,cross_reference,UpdateErrors.ErrorCode cross-references with ErrorInfo.ErrorCode.,28
qa_database_schema_core_tables_v1_1_2024_02_28,QA Database Schema - Core Tables v1.1 (2024-02-28).pdf,,QFS,the,,cross_reference,QFS – 3 = Compustat – 4 = Compustat AFR – 5 = First Call – 6 = Compustat Back Data – 7 = I/B/E/S Global History – 8 = I/B/E/S Global QFS – 9 = Compustat Preliminary – 10 = Compustat Daily VendorCode int N VendorCode cross-references with the entire specific vendor primary *INFO* table where VendorCode = *INFO*.Code.,30
qa_database_schema_core_tables_v1_1_2024_02_28,QA Database Schema - Core Tables v1.1 (2024-02-28).pdf,,,vw_securityMasterX,,join_hint,"Example Use Case select m.id,m.sedol,m.name,p.* from vw_securityMasterX m join vw_securityMappingX p on p.seccode = m.seccode and p.ventype = 33 -- Datastream and p.typ = m.typ where m.id = '@HONDA9'",33
qa_database_schema_credit_default_swap_v1_1_2023_02_09,QA Database Schema - Credit Default Swap v1.1 (2023-02-09).pdf,,This,TRCDSDesc,,cross_reference,This field cross-references with TRCDSDesc where Type_ = 1.,6
qa_database_schema_credit_default_swap_v1_1_2023_02_09,QA Database Schema - Credit Default Swap v1.1 (2023-02-09).pdf,,This,TRCDSDesc,,cross_reference,This field cross-references with TRCDSDesc where Type_ = 2.,6
qa_database_schema_credit_default_swap_v1_1_2023_02_09,QA Database Schema - Credit Default Swap v1.1 (2023-02-09).pdf,TRCDSMap,PrcIsrCode,,,cross_reference,PrcIsrCode int Y PrcIsrCode cross-references to prc.PRCISR where PRCISRCODE = prc.PRCISR.IsrCode.,7
qa_database_schema_data_explorers_v1_0_4_2022_02_22,QA Database Schema - Data Explorers v1.0.4 (2022-02-22).pdf,,DXLDivReqData,DXLDesc,,cross_reference,DXLDivReqData.ISO3CurCode cross-references with DXLDesc.Code where Type_ = 1.,7
qa_database_schema_data_explorers_v1_0_4_2022_02_22,QA Database Schema - Data Explorers v1.0.4 (2022-02-22).pdf,,DXLDivReqData,DXLCode,,cross_reference,DXLDivReqData.LicFlag cross-references with DXLCode.Code where Type_ = 8.,8
qa_database_schema_data_explorers_v1_0_4_2022_02_22,QA Database Schema - Data Explorers v1.0.4 (2022-02-22).pdf,,DXLMktSummData,DXLCode,,cross_reference,DXLMktSummData.MarketCode cross-references with DXLCode.Code where Type_ = 3.,9
qa_database_schema_data_explorers_v1_0_4_2022_02_22,QA Database Schema - Data Explorers v1.0.4 (2022-02-22).pdf,,DXLMktSummData,DXLCode,,cross_reference,DXLMktSummData.AssetClassCode cross-references with DXLCode.Code where Type_ = 4.,10
qa_database_schema_data_explorers_v1_0_4_2022_02_22,QA Database Schema - Data Explorers v1.0.4 (2022-02-22).pdf,,DXLMktSummData,DXLCode,,cross_reference,DXLMktSummData.LicFlag cross-references with DXLCode.Code where Type_ = 8.,10
qa_database_schema_data_explorers_v1_0_4_2022_02_22,QA Database Schema - Data Explorers v1.0.4 (2022-02-22).pdf,DXLSecInfo,DataRegionCode,the,,cross_reference,DataRegionCode is derived from the file name and can be one the following valid values: – 1 = All regions – 2 = Asia (excluding Japan) – 3 = Australasia – 4 = Europe – 5 = Japan – 6 = North America – 7 = Others DXLSecInfo.DataRegionCode cross-references with DXLCode.Code where Type_ = 1.,11
qa_database_schema_data_explorers_v1_0_4_2022_02_22,QA Database Schema - Data Explorers v1.0.4 (2022-02-22).pdf,,DXLSecInfo,DXLCode,,cross_reference,DXLSecInfo.MarketCode cross-references with DXLCode.Code where Type_ = 3.,11
qa_database_schema_data_explorers_v1_0_4_2022_02_22,QA Database Schema - Data Explorers v1.0.4 (2022-02-22).pdf,,DXLSecInfo,DXLCode,,cross_reference,DXLSecInfo.AssetClassCode cross-references with DXLCode.Code where Type_ = 4.,11
qa_database_schema_data_explorers_v1_0_4_2022_02_22,QA Database Schema - Data Explorers v1.0.4 (2022-02-22).pdf,,DXLSecSummData,DXLCode,,cross_reference,DXLSecSummData.LicFlag cross-references with DXLCode.Code where Type_ = 8.,12
qa_database_schema_data_explorers_v1_0_4_2022_02_22,QA Database Schema - Data Explorers v1.0.4 (2022-02-22).pdf,,DXLSectSummData,DXLCode,,cross_reference,DXLSectSummData.LicFlag cross-references with DXLCode.Code where Type_ = 8.,13
qa_database_schema_datastream_v1_3_2_2025_04_14,QA Database Schema - Datastream v1.3.2 (2025-04-14).pdf,,Ds2Company,DS2XRef,,cross_reference,Ds2Company.CmpyCtryCode cross-references with DS2XRef.Code where Type_ = 1006.,10
qa_database_schema_datastream_v1_3_2_2025_04_14,QA Database Schema - Datastream v1.3.2 (2025-04-14).pdf,,To,DS2XRef,,cross_reference,"To get descriptions for the three-letter country codes, cross-reference with DS2XRef.Code where Type_ = 1004.",10
qa_database_schema_datastream_v1_3_2_2025_04_14,QA Database Schema - Datastream v1.3.2 (2025-04-14).pdf,,Cross,Ds2XRef,,cross_reference,Cross-reference TypeCode with Ds2XRef.Code where Type_ = 2.,12
qa_database_schema_datastream_v1_3_2_2025_04_14,QA Database Schema - Datastream v1.3.2 (2025-04-14).pdf,,Cross,DS2XRef,,cross_reference,Cross-reference PrimISOCurrCode with DS2XRef.Code where Type_ = 3.,12
qa_database_schema_datastream_v1_3_2_2025_04_14,QA Database Schema - Datastream v1.3.2 (2025-04-14).pdf,Ds2CusipChg,InfoCode,DS2CtryQtInfo,,cross_reference,InfoCode cross-references with DS2CtryQtInfo.,12
qa_database_schema_datastream_v1_3_2_2025_04_14,QA Database Schema - Datastream v1.3.2 (2025-04-14).pdf,,Cross,Ds2Region,,cross_reference,Cross-reference ExchCtryCode with Ds2Region.Region.,12
qa_database_schema_datastream_v1_3_2_2025_04_14,QA Database Schema - Datastream v1.3.2 (2025-04-14).pdf,DS2ExchQtInfo,InfoCode,DS2CtryQtInfo,,cross_reference,InfoCode cross-references with DS2CtryQtInfo.,13
qa_database_schema_datastream_v1_3_2_2025_04_14,QA Database Schema - Datastream v1.3.2 (2025-04-14).pdf,,Cross,Ds2Exchange,,cross_reference,Cross-reference ExchIntCode with Ds2Exchange.,13
qa_database_schema_datastream_v1_3_2_2025_04_14,QA Database Schema - Datastream v1.3.2 (2025-04-14).pdf,,Cross,Ds2Xref,,cross_reference,Cross-reference LicFlag with Ds2Xref.Code where Type_ = 1002.,13
qa_database_schema_datastream_v1_3_2_2025_04_14,QA Database Schema - Datastream v1.3.2 (2025-04-14).pdf,,Cross,Ds2Xref,,cross_reference,Cross-reference LicFlagC with Ds2Xref.Code where Type_ = 1003.,14
qa_database_schema_datastream_v1_3_2_2025_04_14,QA Database Schema - Datastream v1.3.2 (2025-04-14).pdf,Ds2MnemChg,InfoCode,DS2CtryQtInfo,,cross_reference,InfoCode cross-references with DS2CtryQtInfo.,14
qa_database_schema_datastream_v1_3_2_2025_04_14,QA Database Schema - Datastream v1.3.2 (2025-04-14).pdf,Ds2MnemChg,InfoCode,DS2CtryQtInfo,,cross_reference,InfoCode cross-references with DS2CtryQtInfo.,14
qa_database_schema_datastream_v1_3_2_2025_04_14,QA Database Schema - Datastream v1.3.2 (2025-04-14).pdf,Ds2QtNameChg,InfoCode,DS2CtryQtInfo,,cross_reference,InfoCode cross-references with DS2CtryQtInfo.,15
qa_database_schema_datastream_v1_3_2_2025_04_14,QA Database Schema - Datastream v1.3.2 (2025-04-14).pdf,DS2PrimExchQtChg,ExchIntCode,DS2Exchange,,cross_reference,ExchIntCode cross-references with DS2Exchange.,15
qa_database_schema_datastream_v1_3_2_2025_04_14,QA Database Schema - Datastream v1.3.2 (2025-04-14).pdf,,Cross,Ds2Xref,,cross_reference,Cross-reference LicFlag with Ds2Xref.Code where Type_ = 1002.,15
qa_database_schema_datastream_v1_3_2_2025_04_14,QA Database Schema - Datastream v1.3.2 (2025-04-14).pdf,Ds2QtNameChg,InfoCode,DS2CtryQtInfo,,cross_reference,InfoCode cross-references with DS2CtryQtInfo.,15
qa_database_schema_datastream_v1_3_2_2025_04_14,QA Database Schema - Datastream v1.3.2 (2025-04-14).pdf,,LSEG,DS2XRef,,cross_reference,LSEG Quantitative Analytics Database Schema for Datastream 16 Field Type Nullable Description Ds2Region.ISOCurrCode cross-references with DS2XRef.Code where Type_ = 3.,16
qa_database_schema_datastream_v1_3_2_2025_04_14,QA Database Schema - Datastream v1.3.2 (2025-04-14).pdf,,Cross,Ds2XRef,,cross_reference,Cross-reference ISOCurrCode with Ds2XRef.Code where Type_ = 3.,16
qa_database_schema_datastream_v1_3_2_2025_04_14,QA Database Schema - Datastream v1.3.2 (2025-04-14).pdf,,Cross,Ds2Exchange,,cross_reference,Cross-reference PrimExchMnem with Ds2Exchange.ExchMnem.,16
qa_database_schema_datastream_v1_3_2_2025_04_14,QA Database Schema - Datastream v1.3.2 (2025-04-14).pdf,Ds2SedolChg,InfoCode,DS2CtryQtInfo,,cross_reference,InfoCode cross-references with DS2CtryQtInfo.,16
qa_database_schema_datastream_v1_3_2_2025_04_14,QA Database Schema - Datastream v1.3.2 (2025-04-14).pdf,Ds2StatusChg,InfoCode,DS2CtryQtInfo,,cross_reference,InfoCode cross-references with DS2CtryQtInfo.,17
qa_database_schema_datastream_v1_3_2_2025_04_14,QA Database Schema - Datastream v1.3.2 (2025-04-14).pdf,Ds2XRef,Code,other,,cross_reference,Code is cross-referenced from other Datastream (version 2) tables.,17
qa_database_schema_datastream_v1_3_2_2025_04_14,QA Database Schema - Datastream v1.3.2 (2025-04-14).pdf,Ds2Adj,InfoCode,DS2CtryQtInfo,,cross_reference,InfoCode cross-references with DS2CtryQtInfo.,18
qa_database_schema_datastream_v1_3_2_2025_04_14,QA Database Schema - Datastream v1.3.2 (2025-04-14).pdf,,Cross,Ds2Xref,,cross_reference,Cross-reference LicFlag with Ds2Xref.Code where Type_ = 1002.,19
qa_database_schema_datastream_v1_3_2_2025_04_14,QA Database Schema - Datastream v1.3.2 (2025-04-14).pdf,,Cross,Ds2XRef,,cross_reference,Cross-reference EventStatusCode with Ds2XRef.Code where Type_ = 7.,19
qa_database_schema_datastream_v1_3_2_2025_04_14,QA Database Schema - Datastream v1.3.2 (2025-04-14).pdf,Ds2CapEvent,ResInfoCode,DS2CtryQtInfo,,cross_reference,ResInfoCode cross-references with DS2CtryQtInfo.InfoCode.,19
qa_database_schema_datastream_v1_3_2_2025_04_14,QA Database Schema - Datastream v1.3.2 (2025-04-14).pdf,,Cross,Ds2Xref,,cross_reference,Cross-reference LicFlag with Ds2Xref.Code where Type_ = 1002.,20
qa_database_schema_datastream_v1_3_2_2025_04_14,QA Database Schema - Datastream v1.3.2 (2025-04-14).pdf,DS2Div,InfoCode,DS2CtryQtInfo,,cross_reference,InfoCode cross-references with DS2CtryQtInfo.,20
qa_database_schema_datastream_v1_3_2_2025_04_14,QA Database Schema - Datastream v1.3.2 (2025-04-14).pdf,,Cross,Ds2XRef,,cross_reference,Cross-reference ISOCurrCode with Ds2XRef.Code where Type_ = 3.,20
qa_database_schema_datastream_v1_3_2_2025_04_14,QA Database Schema - Datastream v1.3.2 (2025-04-14).pdf,,Cross,Ds2XRef,,cross_reference,Cross-reference LicFlag with Ds2XRef.Code where Type_ = 1002.,21
qa_database_schema_datastream_v1_3_2_2025_04_14,QA Database Schema - Datastream v1.3.2 (2025-04-14).pdf,,DivTypeCode,,,cross_reference,DivTypeCode cross-references DS2XRef.Code where Type_ = 8.,21
qa_database_schema_datastream_v1_3_2_2025_04_14,QA Database Schema - Datastream v1.3.2 (2025-04-14).pdf,Ds2NumShares,InfoCode,DS2CtryQtInfo,,cross_reference,InfoCode cross-references with DS2CtryQtInfo.,22
qa_database_schema_datastream_v1_3_2_2025_04_14,QA Database Schema - Datastream v1.3.2 (2025-04-14).pdf,,Cross,Ds2Xref,,cross_reference,Cross-reference LicFlag with Ds2Xref.Code where Type_ = 1002.,22
qa_database_schema_datastream_v1_3_2_2025_04_14,QA Database Schema - Datastream v1.3.2 (2025-04-14).pdf,Ds2NumShares,InfoCode,DS2CtryQtInfo,,cross_reference,InfoCode cross-references with DS2CtryQtInfo.,22
qa_database_schema_datastream_v1_3_2_2025_04_14,QA Database Schema - Datastream v1.3.2 (2025-04-14).pdf,,Cross,Ds2Xref,,cross_reference,Cross-reference LicFlag with Ds2Xref.Code where Type_ = 1002.,22
qa_database_schema_datastream_v1_3_2_2025_04_14,QA Database Schema - Datastream v1.3.2 (2025-04-14).pdf,Ds2ShareHldgs,InfoCode,DS2CtryQtInfo,,cross_reference,InfoCode cross-references with DS2CtryQtInfo.,23
qa_database_schema_datastream_v1_3_2_2025_04_14,QA Database Schema - Datastream v1.3.2 (2025-04-14).pdf,,Cross,Ds2Xref,,cross_reference,Cross-reference LicFlag with Ds2Xref.Code where Type_ = 1002.,23
qa_database_schema_datastream_v1_3_2_2025_04_14,QA Database Schema - Datastream v1.3.2 (2025-04-14).pdf,,Cross,Ds2XRef,,cross_reference,Cross-reference FromCurrCode with Ds2XRef.Code where Type_ = 3.,25
qa_database_schema_datastream_v1_3_2_2025_04_14,QA Database Schema - Datastream v1.3.2 (2025-04-14).pdf,,Cross,Ds2XRef,,cross_reference,Cross-reference ToCurrCode with Ds2XRef.Code where Type_ = 3.,25
qa_database_schema_datastream_v1_3_2_2025_04_14,QA Database Schema - Datastream v1.3.2 (2025-04-14).pdf,,Cross,Ds2XRef,,cross_reference,Cross-reference SourceCode with Ds2XRef.Code where Type_ = 4.,25
qa_database_schema_datastream_v1_3_2_2025_04_14,QA Database Schema - Datastream v1.3.2 (2025-04-14).pdf,,Cross,Ds2XRef,,cross_reference,Cross-reference RateTypeCode with Ds2XRef.Code where Type_ = 5.,25
qa_database_schema_datastream_v1_3_2_2025_04_14,QA Database Schema - Datastream v1.3.2 (2025-04-14).pdf,,Cross,DS2FxCode,,cross_reference,Cross-reference ExRateIntCode with DS2FxCode.,25
qa_database_schema_datastream_v1_3_2_2025_04_14,QA Database Schema - Datastream v1.3.2 (2025-04-14).pdf,,Cross,Ds2Xref,,cross_reference,Cross-reference LicFlag with Ds2Xref.Code where Type_ = 1023.,25
qa_database_schema_datastream_v1_3_2_2025_04_14,QA Database Schema - Datastream v1.3.2 (2025-04-14).pdf,Ds2PrimQtPrc,InfoCode,DS2CtryQtInfo,,cross_reference,InfoCode cross-references with DS2CtryQtInfo.,25
qa_database_schema_datastream_v1_3_2_2025_04_14,QA Database Schema - Datastream v1.3.2 (2025-04-14).pdf,,Cross,Ds2Xref,,cross_reference,Cross-reference LicFlag with Ds2Xref.Code where Type_ = 1002.,25
qa_database_schema_datastream_v1_3_2_2025_04_14,QA Database Schema - Datastream v1.3.2 (2025-04-14).pdf,Ds2PrimQtRI,InfoCode,DS2CtryQtInfo,,cross_reference,InfoCode cross-references with DS2CtryQtInfo.,26
qa_database_schema_datastream_v1_3_2_2025_04_14,QA Database Schema - Datastream v1.3.2 (2025-04-14).pdf,,Cross,Ds2Exchange,,cross_reference,Cross-reference ExchIntCode with Ds2Exchange.,26
qa_database_schema_datastream_v1_3_2_2025_04_14,QA Database Schema - Datastream v1.3.2 (2025-04-14).pdf,,Cross,Ds2Xref,,cross_reference,Cross-reference ISOCurrCode with Ds2Xref.Code where Type_ = 3.,26
qa_database_schema_datastream_v1_3_2_2025_04_14,QA Database Schema - Datastream v1.3.2 (2025-04-14).pdf,Ds2PrimQtPrc,RefPrcTypCode,Ds2XRef,,cross_reference,RefPrcTypCode cross-references with Ds2XRef where Type_ = 1000.,26
qa_database_schema_datastream_v1_3_2_2025_04_14,QA Database Schema - Datastream v1.3.2 (2025-04-14).pdf,,Cross,Ds2Xref,,cross_reference,Cross-reference LicFlag with Ds2Xref.Code where Type_ = 1002.,26
qa_database_schema_datastream_v1_3_2_2025_04_14,QA Database Schema - Datastream v1.3.2 (2025-04-14).pdf,Ds2PrimQtRI,InfoCode,DS2CtryQtInfo,,cross_reference,InfoCode cross-references with DS2CtryQtInfo.,26
qa_database_schema_datastream_v1_3_2_2025_04_14,QA Database Schema - Datastream v1.3.2 (2025-04-14).pdf,,Cross,Ds2Exchange,,cross_reference,Cross-reference ExchIntCode with Ds2Exchange.,26
qa_database_schema_datastream_v1_3_2_2025_04_14,QA Database Schema - Datastream v1.3.2 (2025-04-14).pdf,,Cross,Ds2Xref,,cross_reference,Cross-reference LicFlag with Ds2Xref.Code where Type_ = 1002.,26
qa_database_schema_datastream_v1_3_2_2025_04_14,QA Database Schema - Datastream v1.3.2 (2025-04-14).pdf,DS2ScdQtRI,InfoCode,DS2CtryQtInfo,,cross_reference,InfoCode cross-references with DS2CtryQtInfo.,27
qa_database_schema_datastream_v1_3_2_2025_04_14,QA Database Schema - Datastream v1.3.2 (2025-04-14).pdf,,Cross,Ds2Exchange,,cross_reference,Cross-reference ExchIntCode with Ds2Exchange.,27
qa_database_schema_datastream_v1_3_2_2025_04_14,QA Database Schema - Datastream v1.3.2 (2025-04-14).pdf,,Cross,Ds2XRef,,cross_reference,Cross-reference ISOCurrCode with Ds2XRef.Code where Type_ = 3.,27
qa_database_schema_datastream_v1_3_2_2025_04_14,QA Database Schema - Datastream v1.3.2 (2025-04-14).pdf,DS2ScdQtPrc,RefPrcTypCode,Ds2XRef,,cross_reference,RefPrcTypCode cross-references with Ds2XRef where Type_ = 1000.,27
qa_database_schema_datastream_v1_3_2_2025_04_14,QA Database Schema - Datastream v1.3.2 (2025-04-14).pdf,,Cross,Ds2Xref,,cross_reference,Cross-reference LicFlag with Ds2Xref.Code where Type_ = 1002.,27
qa_database_schema_datastream_v1_3_2_2025_04_14,QA Database Schema - Datastream v1.3.2 (2025-04-14).pdf,DS2ScdQtRI,InfoCode,DS2CtryQtInfo,,cross_reference,InfoCode cross-references with DS2CtryQtInfo.,27
qa_database_schema_datastream_v1_3_2_2025_04_14,QA Database Schema - Datastream v1.3.2 (2025-04-14).pdf,,Cross,Ds2Exchange,,cross_reference,Cross-reference ExchIntCode with Ds2Exchange.,27
qa_database_schema_datastream_v1_3_2_2025_04_14,QA Database Schema - Datastream v1.3.2 (2025-04-14).pdf,,Cross,Ds2Xref,,cross_reference,Cross-reference LicFlag with Ds2Xref.Code where Type_ = 1002.,27
qa_database_schema_datastream_v1_3_2_2025_04_14,QA Database Schema - Datastream v1.3.2 (2025-04-14).pdf,,Cross,Ds2Region,,cross_reference,Cross-reference Region with Ds2Region.Region.,29
qa_database_schema_datastream_v1_3_2_2025_04_14,QA Database Schema - Datastream v1.3.2 (2025-04-14).pdf,,Source,Ds2XRef,,cross_reference,Source cross-references with Ds2XRef.Code where Type_ = 4.,29
qa_database_schema_datastream_v1_3_2_2025_04_14,QA Database Schema - Datastream v1.3.2 (2025-04-14).pdf,,Cross,Ds2XRef,,cross_reference,Cross-reference ISOCurrencyCode with Ds2XRef.Code where Type_ = 3.,29
qa_database_schema_datastream_v1_3_2_2025_04_14,QA Database Schema - Datastream v1.3.2 (2025-04-14).pdf,,Cross,Ds2Xref,,cross_reference,Cross-reference LicFlag with Ds2Xref.Code where Type_ = 1002.,29
qa_database_schema_datastream_v1_3_2_2025_04_14,QA Database Schema - Datastream v1.3.2 (2025-04-14).pdf,,Cross,DS2DataType,,cross_reference,Cross-reference DataTypeMnem with DS2DataType.,29
qa_database_schema_datastream_v1_3_2_2025_04_14,QA Database Schema - Datastream v1.3.2 (2025-04-14).pdf,,Cross,Ds2Xref,,cross_reference,Cross-reference LicFlag with Ds2Xref.Code where Type_ = 1002.,30
qa_database_schema_datastream_v1_3_2_2025_04_14,QA Database Schema - Datastream v1.3.2 (2025-04-14).pdf,,Cross,Ds2Xref,,cross_reference,Cross-reference LicFlag with Ds2Xref.Code where Type_ = 1002.,30
qa_database_schema_datastream_v1_3_2_2025_04_14,QA Database Schema - Datastream v1.3.2 (2025-04-14).pdf,,Cross,DS2DataType,,cross_reference,Cross-reference DataTypeMnem with DS2DataType.,30
qa_database_schema_datastream_v1_3_2_2025_04_14,QA Database Schema - Datastream v1.3.2 (2025-04-14).pdf,,Cross,Ds2XRef,,cross_reference,Cross-reference ISOCurrCode with Ds2XRef.Code where Type_ = 3.,30
qa_database_schema_datastream_v1_3_2_2025_04_14,QA Database Schema - Datastream v1.3.2 (2025-04-14).pdf,,Cross,Ds2Xref,,cross_reference,Cross-reference LicFlag with Ds2Xref.Code where Type_ = 1002.,30
qa_database_schema_datastream_v1_3_2_2025_04_14,QA Database Schema - Datastream v1.3.2 (2025-04-14).pdf,,This,DS2XRef,,cross_reference,This field cross-references with DS2XRef.Code where Type_ = 1010.,32
qa_database_schema_datastream_v1_3_2_2025_04_14,QA Database Schema - Datastream v1.3.2 (2025-04-14).pdf,,This,DS2XRef,,cross_reference,This field cross-references with DS2XRef.Code where Type_ = 1010.,33
qa_database_schema_datastream_v1_3_2_2025_04_14,QA Database Schema - Datastream v1.3.2 (2025-04-14).pdf,,This,DS2XRef,,cross_reference,This field cross-references with DS2XRef.Code where Type_ = 1010.,33
qa_database_schema_datastream_v1_3_2_2025_04_14,QA Database Schema - Datastream v1.3.2 (2025-04-14).pdf,,This,DS2XRef,,cross_reference,This field cross-references with DS2XRef.Code where Type_ = 1010.,33
qa_database_schema_datastream_v1_3_2_2025_04_14,QA Database Schema - Datastream v1.3.2 (2025-04-14).pdf,,Ds2IndexList,DS2XRef,,cross_reference,Ds2IndexList.IndexListIntCode cross-references with DS2XRef.Code where Type_ = 1001.,34
qa_database_schema_datastream_v1_3_2_2025_04_14,QA Database Schema - Datastream v1.3.2 (2025-04-14).pdf,,This,DS2XRef,,cross_reference,This field cross-references with DS2XRef.Code where Type_ = 1012.,34
qa_database_schema_datastream_v1_3_2_2025_04_14,QA Database Schema - Datastream v1.3.2 (2025-04-14).pdf,,This,DSFutCalcSerInfo,,cross_reference,This field cross-references with DSFutCalcSerInfo.CalcSeriesCode.,36
qa_database_schema_datastream_v1_3_2_2025_04_14,QA Database Schema - Datastream v1.3.2 (2025-04-14).pdf,,This,DSFutItem,,cross_reference,This field cross-references with DSFutItem.Item.,36
qa_database_schema_datastream_v1_3_2_2025_04_14,QA Database Schema - Datastream v1.3.2 (2025-04-14).pdf,,This,,,cross_reference,This field is cross-referenced by other Datastream Futures tables.,36
qa_database_schema_datastream_v1_3_2_2025_04_14,QA Database Schema - Datastream v1.3.2 (2025-04-14).pdf,,This,,,cross_reference,This field is cross-referenced by other Datastream Futures tables.,36
qa_database_schema_datastream_v1_3_2_2025_04_14,QA Database Schema - Datastream v1.3.2 (2025-04-14).pdf,Information,ISOCurrCode,DSFutDesc,,cross_reference,ISOCurrCode cross-references with DSFutDesc.Code where DSFutDesc.Type_ = 2.,36
qa_database_schema_datastream_v1_3_2_2025_04_14,QA Database Schema - Datastream v1.3.2 (2025-04-14).pdf,Information,RollMethodCode,DSFutCode,,cross_reference,RollMethodCode cross-references with DSFutCode.Code where DSFutCode.Type_ = 4.,36
qa_database_schema_datastream_v1_3_2_2025_04_14,QA Database Schema - Datastream v1.3.2 (2025-04-14).pdf,,Cross,DSFutCode,,cross_reference,Cross-reference PositionFwdCode with DSFutCode.Code where DSFutCode.Type_ = 5.,36
qa_database_schema_datastream_v1_3_2_2025_04_14,QA Database Schema - Datastream v1.3.2 (2025-04-14).pdf,,This,DSFutCalcSerInfo,,cross_reference,This field cross-references with DSFutCalcSerInfo.CalcSeriesCode.,37
qa_database_schema_datastream_v1_3_2_2025_04_14,QA Database Schema - Datastream v1.3.2 (2025-04-14).pdf,,This,DSFutCalcSerInfo,,cross_reference,This field cross-references with DSFutCalcSerInfo.CalcSeriesCode.,37
qa_database_schema_datastream_v1_3_2_2025_04_14,QA Database Schema - Datastream v1.3.2 (2025-04-14).pdf,,This,DSFutCalcSerInfo,,cross_reference,This field cross-references with DSFutCalcSerInfo.ClsCode.,37
qa_database_schema_datastream_v1_3_2_2025_04_14,QA Database Schema - Datastream v1.3.2 (2025-04-14).pdf,,This,DSFutContr,,cross_reference,This field cross-references with DSFutContr.ContrCode.,37
qa_database_schema_datastream_v1_3_2_2025_04_14,QA Database Schema - Datastream v1.3.2 (2025-04-14).pdf,,Cross,DSFutDesc,,cross_reference,Cross-reference TrdPlatformCode with DSFutDesc.Code where DSFutDesc.Type_ = 4.,37
qa_database_schema_datastream_v1_3_2_2025_04_14,QA Database Schema - Datastream v1.3.2 (2025-04-14).pdf,DSFutCode,Code,other,,cross_reference,Code is cross-referenced from other Datastream tables.,38
qa_database_schema_datastream_v1_3_2_2025_04_14,QA Database Schema - Datastream v1.3.2 (2025-04-14).pdf,,This,DSFutClass,,cross_reference,This field cross-references with DSFutClass.ContrCode.,38
qa_database_schema_datastream_v1_3_2_2025_04_14,QA Database Schema - Datastream v1.3.2 (2025-04-14).pdf,,Cross,DSFutCode,,cross_reference,Cross-reference SrcCode with DSFutCode.Code where DSFutCode.Type_ = 1.,38
qa_database_schema_datastream_v1_3_2_2025_04_14,QA Database Schema - Datastream v1.3.2 (2025-04-14).pdf,,Cross,DSFutCode,,cross_reference,Cross-reference UndrInstrCode with DSFutCode.Code where DSFutCode.Type_ = 2.,38
qa_database_schema_datastream_v1_3_2_2025_04_14,QA Database Schema - Datastream v1.3.2 (2025-04-14).pdf,,This,DSFutItem,,cross_reference,This field cross-references with DSFutItem.Item.,38
qa_database_schema_datastream_v1_3_2_2025_04_14,QA Database Schema - Datastream v1.3.2 (2025-04-14).pdf,,This,DSFutItem,,cross_reference,This field cross-references with DSFutItem.Item.,39
qa_database_schema_datastream_v1_3_2_2025_04_14,QA Database Schema - Datastream v1.3.2 (2025-04-14).pdf,DSFutContrInfo,ISOCurrCode,DSFutDesc,,cross_reference,ISOCurrCode cross-references with DSFutDesc.Code where DSFutDesc.Type_ = 2.,39
qa_database_schema_datastream_v1_3_2_2025_04_14,QA Database Schema - Datastream v1.3.2 (2025-04-14).pdf,,Cross,DSFutCode,,cross_reference,Cross-reference UnitCode with DSFutCode.Code where Type_ = 3.,39
qa_database_schema_datastream_v1_3_2_2025_04_14,QA Database Schema - Datastream v1.3.2 (2025-04-14).pdf,,To,DSFutCode,,cross_reference,"To identify the report type, cross-reference RepMnemCode with DSFutCode where RepMnemCode = DSFutCode.Code and Type_ = 6.",40
qa_database_schema_datastream_v1_3_2_2025_04_14,QA Database Schema - Datastream v1.3.2 (2025-04-14).pdf,DSFutDesc,Code,other,,cross_reference,Code is cross-referenced from other Datastream tables.,41
qa_database_schema_datastream_v1_3_2_2025_04_14,QA Database Schema - Datastream v1.3.2 (2025-04-14).pdf,,This,other,,cross_reference,This field is cross-referenced from other tables.,41
qa_database_schema_datastream_v1_3_2_2025_04_14,QA Database Schema - Datastream v1.3.2 (2025-04-14).pdf,,Cross,DSFutCode,,cross_reference,Cross-reference DataTypeCode with DSFutCode.Code where Type_ = 8.,41
qa_database_schema_datastream_v1_3_2_2025_04_14,QA Database Schema - Datastream v1.3.2 (2025-04-14).pdf,,This,DSFutCalcSerInfo,,cross_reference,This field cross-references with DSFutCalcSerInfo.ClsCode.,41
qa_database_schema_datastream_v1_3_2_2025_04_14,QA Database Schema - Datastream v1.3.2 (2025-04-14).pdf,,Cross,DSFutCode,,cross_reference,Cross-reference UndrInstrCode with DSFutCode.Code where Type_ = 2.,42
qa_database_schema_datastream_v1_3_2_2025_04_14,QA Database Schema - Datastream v1.3.2 (2025-04-14).pdf,,DSCmCode,This,,cross_reference,DSCmCode: Datastream Commodities Integer Codes This table contains definitions for integer code fields cross-referenced from other Datastream commodities tables.,43
qa_database_schema_datastream_v1_3_2_2025_04_14,QA Database Schema - Datastream v1.3.2 (2025-04-14).pdf,DSCmDesc,Code,other,,cross_reference,Code is cross-referenced from other Datastream tables.,43
qa_database_schema_datastream_v1_3_2_2025_04_14,QA Database Schema - Datastream v1.3.2 (2025-04-14).pdf,,DSCmDesc,This,,cross_reference,DSCmDesc: Datastream Commodities Character Codes This table contains definitions for varchar code fields cross-referenced from other Datastream commodities tables.,43
qa_database_schema_datastream_v1_3_2_2025_04_14,QA Database Schema - Datastream v1.3.2 (2025-04-14).pdf,DSCmDesc,Code,other,,cross_reference,Code is cross-referenced from other Datastream tables.,43
qa_database_schema_datastream_v1_3_2_2025_04_14,QA Database Schema - Datastream v1.3.2 (2025-04-14).pdf,,Cross,DSCmInfo,,cross_reference,Cross-reference ComCode with DSCmInfo.,43
qa_database_schema_datastream_v1_3_2_2025_04_14,QA Database Schema - Datastream v1.3.2 (2025-04-14).pdf,,Cross,DSCmLicFlagCode,,cross_reference,Cross-reference LicFlag with DSCmLicFlagCode.,44
qa_database_schema_datastream_v1_3_2_2025_04_14,QA Database Schema - Datastream v1.3.2 (2025-04-14).pdf,,This,,,cross_reference,This field is cross-referenced by other Datastream Commodities tables.,44
qa_database_schema_datastream_v1_3_2_2025_04_14,QA Database Schema - Datastream v1.3.2 (2025-04-14).pdf,,Cross,DSCmCode,,cross_reference,Cross-reference CreatorCode with DSCmCode.Code where Type_ = 1.,44
qa_database_schema_datastream_v1_3_2_2025_04_14,QA Database Schema - Datastream v1.3.2 (2025-04-14).pdf,DSCmInfo,ComType,DSCmDesc,,cross_reference,"ComType varchar(12) Y For a spot commodity, ComType indicates the first-level sector. in this case, cross-reference ComType with DSCmDesc.Code where Type_ = 2.",44
qa_database_schema_datastream_v1_3_2_2025_04_14,QA Database Schema - Datastream v1.3.2 (2025-04-14).pdf,,In,DSCmDesc,,cross_reference,"In this case, cross-reference ComType with DSCmDesc.Code where Type_ = 1.",44
qa_database_schema_datastream_v1_3_2_2025_04_14,QA Database Schema - Datastream v1.3.2 (2025-04-14).pdf,,Cross,DSCmDesc,,cross_reference,Cross-reference ISCCur with DSCmDesc.Code where Type_ = 3.,44
qa_database_schema_datastream_v1_3_2_2025_04_14,QA Database Schema - Datastream v1.3.2 (2025-04-14).pdf,,Cross,DSCmDesc,,cross_reference,Cross-reference UnitCode with DSCmDesc.Code where Type_ = 4.,44
qa_database_schema_datastream_v1_3_2_2025_04_14,QA Database Schema - Datastream v1.3.2 (2025-04-14).pdf,,This,,,cross_reference,This field cross-references DSCmDesc.Code where Type_ = 5.,44
qa_database_schema_datastream_v1_3_2_2025_04_14,QA Database Schema - Datastream v1.3.2 (2025-04-14).pdf,,This,,,cross_reference,This field cross-references DSCmDesc.Code where Type_ = 6.,44
qa_database_schema_datastream_v1_3_2_2025_04_14,QA Database Schema - Datastream v1.3.2 (2025-04-14).pdf,,Cross,DSCmLicFlagCode,,cross_reference,Cross-reference LicFlag with DSCmLicFlagCode.,45
qa_database_schema_datastream_v1_3_2_2025_04_14,QA Database Schema - Datastream v1.3.2 (2025-04-14).pdf,,Cross,DSCmCode,,cross_reference,"Cross-reference ProviderId with DSCmCode.Code where Type_ = 5, then translate by cross-referencing the value in Desc_ with DSCmCode.Code where Type_ = 1.",45
qa_database_schema_datastream_v1_3_2_2025_04_14,QA Database Schema - Datastream v1.3.2 (2025-04-14).pdf,,Cross,DSCmCode,,cross_reference,Cross-reference LDBId with DSCmCode.Code where Type_ = 4.,45
qa_database_schema_datastream_v1_3_2_2025_04_14,QA Database Schema - Datastream v1.3.2 (2025-04-14).pdf,,This,,,cross_reference,This field is cross-referenced by other Datastream Commodities tables.,45
qa_database_schema_datastream_v1_3_2_2025_04_14,QA Database Schema - Datastream v1.3.2 (2025-04-14).pdf,,Cross,DSCmInfo,,cross_reference,Cross-reference ComCode with DSCmInfo.,45
qa_database_schema_datastream_v1_3_2_2025_04_14,QA Database Schema - Datastream v1.3.2 (2025-04-14).pdf,,Cross,DSCmInfo,,cross_reference,Cross-reference ComCode with DSCmInfo.,46
qa_database_schema_datastream_v1_3_2_2025_04_14,QA Database Schema - Datastream v1.3.2 (2025-04-14).pdf,,Cross,DSCmLicFlagCode,,cross_reference,Cross-reference LicFlag with DSCmLicFlagCode.,46
qa_database_schema_datastream_v1_3_2_2025_04_14,QA Database Schema - Datastream v1.3.2 (2025-04-14).pdf,,Cross,EcoInfo,,cross_reference,Cross-reference this field with EcoInfo.,47
qa_database_schema_datastream_v1_3_2_2025_04_14,QA Database Schema - Datastream v1.3.2 (2025-04-14).pdf,,Use,EcoClsLvlMap,,cross_reference,Use this field to cross-reference this table from the EcoClsLvlMap table.,47
qa_database_schema_datastream_v1_3_2_2025_04_14,QA Database Schema - Datastream v1.3.2 (2025-04-14).pdf,,Use,EcoClsLvlMap,,cross_reference,Use this field to cross-reference this table from the EcoClsLvlMap table.,48
qa_database_schema_datastream_v1_3_2_2025_04_14,QA Database Schema - Datastream v1.3.2 (2025-04-14).pdf,EcoCode,Code,other,,cross_reference,Code is cross-referenced from other Datastream tables.,48
qa_database_schema_datastream_v1_3_2_2025_04_14,QA Database Schema - Datastream v1.3.2 (2025-04-14).pdf,,Cross,EcoInfo,,cross_reference,Cross-reference this field with EcoInfo.,48
qa_database_schema_datastream_v1_3_2_2025_04_14,QA Database Schema - Datastream v1.3.2 (2025-04-14).pdf,,Cross,EcoCode,,cross_reference,Cross-reference MktCode with EcoCode.Code where Type_ = 5.,49
qa_database_schema_datastream_v1_3_2_2025_04_14,QA Database Schema - Datastream v1.3.2 (2025-04-14).pdf,,Cross,EcoCode,,cross_reference,Cross-reference CurrCode with EcoCode.Code where Type_ = 3.,49
qa_database_schema_datastream_v1_3_2_2025_04_14,QA Database Schema - Datastream v1.3.2 (2025-04-14).pdf,,Cross,EcoCode,,cross_reference,Cross-reference AdjCode with EcoCode.Code where Type_ = 1.,49
qa_database_schema_datastream_v1_3_2_2025_04_14,QA Database Schema - Datastream v1.3.2 (2025-04-14).pdf,,Cross,EcoCode,,cross_reference,Cross-reference StatCode with EcoCode.Code where Type_ = 9.,49
qa_database_schema_datastream_v1_3_2_2025_04_14,QA Database Schema - Datastream v1.3.2 (2025-04-14).pdf,,Cross,EcoCode,,cross_reference,Cross-reference SeriesTypeCode with EcoCode.Code where Type_ = 7.,49
qa_database_schema_datastream_v1_3_2_2025_04_14,QA Database Schema - Datastream v1.3.2 (2025-04-14).pdf,,Cross,EcoCode,,cross_reference,Cross-reference FreqCode with EcoCode.Code where Type_ = 4.,49
qa_database_schema_datastream_v1_3_2_2025_04_14,QA Database Schema - Datastream v1.3.2 (2025-04-14).pdf,,Cross,EcoCode,,cross_reference,Cross-reference CnvCode with EcoCode where Type_ = 2.,50
qa_database_schema_datastream_v1_3_2_2025_04_14,QA Database Schema - Datastream v1.3.2 (2025-04-14).pdf,,Cross,EcoClsCode,,cross_reference,Cross-reference ClsType1 with EcoClsCode.ClsID.,50
qa_database_schema_datastream_v1_3_2_2025_04_14,QA Database Schema - Datastream v1.3.2 (2025-04-14).pdf,,Cross,EcoInfo,,cross_reference,Cross-reference this field with EcoInfo.,50
qa_database_schema_datastream_v1_3_2_2025_04_14,QA Database Schema - Datastream v1.3.2 (2025-04-14).pdf,,,vw_securityMasterX,,join_hint,"Example Use Case: Searching for vendor ID of a given QAID select ms.id, map.SecCode, map.Typ, map.Rank, map.Exchange, map.VenCode from vw_securityMasterX ms join vw_Ds2mapping map on map.SecCode = ms.SecCode and map.Typ = ms.Typ where ms.id = 'TOC' --THOMSON REUTERS and map.Exchange = 1 --select the US traded security",51
qa_database_schema_datastream_v1_3_2_2025_04_14,QA Database Schema - Datastream v1.3.2 (2025-04-14).pdf,,,vw_Ds2fxCross,,join_hint,"Example Use Case: Retrieving the FX spot history between two currencies select exratedate, fromCurrCode, toCurrcode, rateType, midRate, bidRate, offerRate from vw_Ds2fxCross where rateType = 'SPOT' and fromcurrcode = 'USD' and toCurrCode = 'EUR' Example Use Case: Converting a stock’s price history into another currency select p.InfoCode, p.DsCode, fx.exratedate, fx.fromCurrCode, fx.toCurrcode, fx.rateType, fx.midRate, p.Close_ as Close_BaseCurr, p.Close_ / fx.midRate as Close_CAD from vw_Ds2Pricing p join vw_Ds2fxCross fx on fx.exratedate = p.MarketDate and fx.rateType = 'SPOT' and fx.fromcurrcode = p.currency and fx.toCurrCode = 'CAD' where p.InfoCode = 66353 -- THOMSON REUTERS (NYS) and p.AdjType = 2 -- split & spinoff adjusted and p.IsPrimExchQt = 'Y' -- primary exchange pricing",55
qa_database_schema_deals_m_and_a_v1_0_8_2025_06_27,QA Database Schema - Deals M and A v1.0.8 (2025-06-27).pdf,,DLAdvisor,DLCode,,cross_reference,DLAdvisor.AssetClassCode cross-references with DLCode.Code where Type_ = 1.,8
qa_database_schema_deals_m_and_a_v1_0_8_2025_06_27,QA Database Schema - Deals M and A v1.0.8 (2025-06-27).pdf,,DLAdvisor,DLCode,,cross_reference,DLAdvisor.PrimRoleCode cross-references with DLCode.Code where Type_ = 2.,8
qa_database_schema_deals_m_and_a_v1_0_8_2025_06_27,QA Database Schema - Deals M and A v1.0.8 (2025-06-27).pdf,,DLAdvisor,DLCode,,cross_reference,DLAdvisor.AdvRoleCode cross-references with DLCode.Code where Type_ = 3.,8
qa_database_schema_deals_m_and_a_v1_0_8_2025_06_27,QA Database Schema - Deals M and A v1.0.8 (2025-06-27).pdf,,DLAdvisor,DLCode,,cross_reference,DLAdvisor.LicFlag cross-references with DLCode.Code where Type_ = 15.,8
qa_database_schema_deals_m_and_a_v1_0_8_2025_06_27,QA Database Schema - Deals M and A v1.0.8 (2025-06-27).pdf,,DLAdvisorsFee,DLCode,,cross_reference,DLAdvisorsFee.PrimRoleCode cross-references with DLCode.Code where Type_ = 2.,9
qa_database_schema_deals_m_and_a_v1_0_8_2025_06_27,QA Database Schema - Deals M and A v1.0.8 (2025-06-27).pdf,,DLAdvisorsFee,DLCode,,cross_reference,DLAdvisorsFee.AdvRoleCode cross-references with DLCode.Code where Type_ = 3.,9
qa_database_schema_deals_m_and_a_v1_0_8_2025_06_27,QA Database Schema - Deals M and A v1.0.8 (2025-06-27).pdf,,DLAdvisorsFee,DLCode,,cross_reference,DLAdvisorsFee.FeesCode cross-references with DLCode.Code where Type_ = 14.,9
qa_database_schema_deals_m_and_a_v1_0_8_2025_06_27,QA Database Schema - Deals M and A v1.0.8 (2025-06-27).pdf,,DLAdvisorsFee,DLCode,,cross_reference,DLAdvisorsFee.LicFlag cross-references with DLCode.Code where Type_ = 15.,9
qa_database_schema_deals_m_and_a_v1_0_8_2025_06_27,QA Database Schema - Deals M and A v1.0.8 (2025-06-27).pdf,,DLAdvSubRole,DLCode,,cross_reference,DLAdvSubRole.AdvSubRoleCode cross-references with DLCode.Code where Type_ = 13.,9
qa_database_schema_deals_m_and_a_v1_0_8_2025_06_27,QA Database Schema - Deals M and A v1.0.8 (2025-06-27).pdf,,LSEG,DLCode,,cross_reference,LSEG Quantitative Analytics Database Schema for Deals M&A 10 CORPORATE Field Type Nullable Description DLAdvSubRole.PrimRoleCode cross-references with DLCode.Code where Type_ = 2.,10
qa_database_schema_deals_m_and_a_v1_0_8_2025_06_27,QA Database Schema - Deals M and A v1.0.8 (2025-06-27).pdf,,DLAdvSubRole,DLCode,,cross_reference,DLAdvSubRole.AdvRoleCode cross-references with DLCode.Code where Type_ = 3.,10
qa_database_schema_deals_m_and_a_v1_0_8_2025_06_27,QA Database Schema - Deals M and A v1.0.8 (2025-06-27).pdf,,DLAdvSubRole,DLCode,,cross_reference,DLAdvSubRole.LicFlag cross-references with DLCode.Code where Type_ = 15.,10
qa_database_schema_deals_m_and_a_v1_0_8_2025_06_27,QA Database Schema - Deals M and A v1.0.8 (2025-06-27).pdf,,DLConsidDesc,DLCode,,cross_reference,DLConsidDesc.LicFlag cross-references with DLCode.Code where Type_ = 15.,10
qa_database_schema_deals_m_and_a_v1_0_8_2025_06_27,QA Database Schema - Deals M and A v1.0.8 (2025-06-27).pdf,,DLDealDesc,DLCode,,cross_reference,DLDealDesc.LicFlag cross-references with DLCode.Code where Type_= 15.,11
qa_database_schema_deals_m_and_a_v1_0_8_2025_06_27,QA Database Schema - Deals M and A v1.0.8 (2025-06-27).pdf,,LSEG,DLDesc,,cross_reference,LSEG Quantitative Analytics Database Schema for Deals M&A 12 CORPORATE Field Type Nullable Description DLFinAdvInfo.NatCode cross-references with DLDesc.Code where Type_ = 14.,12
qa_database_schema_deals_m_and_a_v1_0_8_2025_06_27,QA Database Schema - Deals M and A v1.0.8 (2025-06-27).pdf,,DLOrgChg,DLDesc,,cross_reference,DLOrgChg.PrimSICCode cross-references with DLDesc.Code where Type_ = 27.,14
qa_database_schema_deals_m_and_a_v1_0_8_2025_06_27,QA Database Schema - Deals M and A v1.0.8 (2025-06-27).pdf,,DLOrgChg,DLDesc,,cross_reference,DLOrgChg.MacIndCode cross-references with DLDesc.Code where Type_ = 24.,14
qa_database_schema_deals_m_and_a_v1_0_8_2025_06_27,QA Database Schema - Deals M and A v1.0.8 (2025-06-27).pdf,,DLOrgChg,DLDesc,,cross_reference,DLOrgChg.MidIndCode cross-references with DLDesc.Code where Type_ = 25.,14
qa_database_schema_deals_m_and_a_v1_0_8_2025_06_27,QA Database Schema - Deals M and A v1.0.8 (2025-06-27).pdf,,LSEG,DLDesc,,cross_reference,LSEG Quantitative Analytics Database Schema for Deals M&A 15 CORPORATE Field Type Nullable Description DLOrgChg.NatCode cross-references with DLDesc.Code where Type_ = 14.,15
qa_database_schema_deals_m_and_a_v1_0_8_2025_06_27,QA Database Schema - Deals M and A v1.0.8 (2025-06-27).pdf,,DLOrgChg,DLDesc,,cross_reference,DLOrgChg.ExchCode cross-references with DLDesc.Code where Type_ = 6.,15
qa_database_schema_deals_m_and_a_v1_0_8_2025_06_27,QA Database Schema - Deals M and A v1.0.8 (2025-06-27).pdf,,DLOrgChg,DLDesc,,cross_reference,DLOrgChg.PrimNatRegCode cross-references with DLDesc.Code where Type_ = 13.,15
qa_database_schema_deals_m_and_a_v1_0_8_2025_06_27,QA Database Schema - Deals M and A v1.0.8 (2025-06-27).pdf,,DLOrgChg,DLDesc,,cross_reference,DLOrgChg.PubStatCode cross-references with DLDesc.Code where Type_ = 18.,15
qa_database_schema_deals_m_and_a_v1_0_8_2025_06_27,QA Database Schema - Deals M and A v1.0.8 (2025-06-27).pdf,,DLOrgChg,DLDesc,,cross_reference,DLOrgChg.PrimNAICCode cross-references with DLDesc.Code where Type_ = 12.,15
qa_database_schema_deals_m_and_a_v1_0_8_2025_06_27,QA Database Schema - Deals M and A v1.0.8 (2025-06-27).pdf,,DLOrgChg,DLDesc,,cross_reference,DLOrgChg.PubMidCode cross-references with DLDesc.Code where Type_ = 17.,15
qa_database_schema_deals_m_and_a_v1_0_8_2025_06_27,QA Database Schema - Deals M and A v1.0.8 (2025-06-27).pdf,,DLPriPlyrs,DLCode,,cross_reference,DLPriPlyrs.AssetClassCode cross-references with DLCode.Code where Type_ = 1.,16
qa_database_schema_deals_m_and_a_v1_0_8_2025_06_27,QA Database Schema - Deals M and A v1.0.8 (2025-06-27).pdf,,DLPriPlyrs,DLCode,,cross_reference,DLPriPlyrs.PrimRoleCode cross-references with DLCode.Code where Type_ = 2.,16
qa_database_schema_deals_m_and_a_v1_0_8_2025_06_27,QA Database Schema - Deals M and A v1.0.8 (2025-06-27).pdf,,DLPriPlyrs,DLCode,,cross_reference,DLPriPlyrs.LicFlag cross-references with DLCode.Code where Type_ = 15.,17
qa_database_schema_deals_m_and_a_v1_0_8_2025_06_27,QA Database Schema - Deals M and A v1.0.8 (2025-06-27).pdf,,DLRelDeal,DLDesc,,cross_reference,DLRelDeal.RelDealFormCode cross-references with DLDesc.Code where Type_ = 9.,17
qa_database_schema_deals_m_and_a_v1_0_8_2025_06_27,QA Database Schema - Deals M and A v1.0.8 (2025-06-27).pdf,,DLRelDeal,DLDesc,,cross_reference,DLRelDeal.RelDealStatCode cross-references with DLDesc.Code where Type_ = 22.,17
qa_database_schema_deals_m_and_a_v1_0_8_2025_06_27,QA Database Schema - Deals M and A v1.0.8 (2025-06-27).pdf,,DLRelDeal,DLCode,,cross_reference,DLRelDeal.LicFlag cross-references with DLCode.Code where Type_ = 15.,17
qa_database_schema_deals_m_and_a_v1_0_8_2025_06_27,QA Database Schema - Deals M and A v1.0.8 (2025-06-27).pdf,,DLTransInfo,DLCode,,cross_reference,DLTransInfo.AssetClassCode cross-references with DLCode.Code where Type_ = 1.,18
qa_database_schema_deals_m_and_a_v1_0_8_2025_06_27,QA Database Schema - Deals M and A v1.0.8 (2025-06-27).pdf,,DLTransInfo,DLDesc,,cross_reference,DLTransInfo.CurrCode cross-references with DLDesc.Code where Type_ = 5.,18
qa_database_schema_deals_m_and_a_v1_0_8_2025_06_27,QA Database Schema - Deals M and A v1.0.8 (2025-06-27).pdf,,DLTransInfo,DLDesc,,cross_reference,DLTransInfo.DealAttCode cross-references with DLDesc.Code where Type_ = 2.,18
qa_database_schema_deals_m_and_a_v1_0_8_2025_06_27,QA Database Schema - Deals M and A v1.0.8 (2025-06-27).pdf,,DLTransInfo,DLDesc,,cross_reference,DLTransInfo.SubStatusCode cross-references with DLDesc.Code where Type_ = 22.,18
qa_database_schema_deals_m_and_a_v1_0_8_2025_06_27,QA Database Schema - Deals M and A v1.0.8 (2025-06-27).pdf,,DLTransInfo,DLDesc,,cross_reference,DLTransInfo.StatusCode cross-references with DLDesc.Code where Type_ = 23.,18
qa_database_schema_deals_m_and_a_v1_0_8_2025_06_27,QA Database Schema - Deals M and A v1.0.8 (2025-06-27).pdf,,DLTransInfo,DLDesc,,cross_reference,DLTransInfo.InitReceptCode cross-references with DLDesc.Code where Type_ = 10.,18
qa_database_schema_deals_m_and_a_v1_0_8_2025_06_27,QA Database Schema - Deals M and A v1.0.8 (2025-06-27).pdf,,DLTransInfo,DLDesc,,cross_reference,DLTransInfo.OutcomeCode cross-references with DLDesc.Code where Type_ = 16.,18
qa_database_schema_deals_m_and_a_v1_0_8_2025_06_27,QA Database Schema - Deals M and A v1.0.8 (2025-06-27).pdf,,DLTransInfo,DLDesc,,cross_reference,DLTransInfo.MATypeCode cross-references with DLDesc.Code where Type_ = 11.,18
qa_database_schema_deals_m_and_a_v1_0_8_2025_06_27,QA Database Schema - Deals M and A v1.0.8 (2025-06-27).pdf,,DLTransInfo,DLCode,,cross_reference,DLTransInfo.VCTypeCode cross-references with DLCode.Code where Type_ = 7.,18
qa_database_schema_deals_m_and_a_v1_0_8_2025_06_27,QA Database Schema - Deals M and A v1.0.8 (2025-06-27).pdf,,DLTransInfo,DLDesc,,cross_reference,DLTransInfo.DealTypeCode cross-references with DLDesc.Code where Type_ = 26.,18
qa_database_schema_deals_m_and_a_v1_0_8_2025_06_27,QA Database Schema - Deals M and A v1.0.8 (2025-06-27).pdf,,DLTransInfo,DLDesc,,cross_reference,DLTransInfo.TransformCode cross-references with DLDesc.Code where Type_ = 9.,18
qa_database_schema_deals_m_and_a_v1_0_8_2025_06_27,QA Database Schema - Deals M and A v1.0.8 (2025-06-27).pdf,,DLTransInfo,DLCode,,cross_reference,DLTransInfo.LicFlag cross-references with DLCode.Code where Type_ = 15.,19
qa_database_schema_deals_m_and_a_v1_0_8_2025_06_27,QA Database Schema - Deals M and A v1.0.8 (2025-06-27).pdf,,DLVarcharData,DLCode,,cross_reference,DLVarcharData.LicFlag cross-references with DLCode.Code where Type_ = 15.,19
qa_database_schema_deals_m_and_a_v1_0_8_2025_06_27,QA Database Schema - Deals M and A v1.0.8 (2025-06-27).pdf,,DLAdvisor,DLCode,,cross_reference,DLAdvisor.LicFlag cross-references with DLCode.Code where Type_ = 15.,20
qa_database_schema_deals_m_and_a_v1_0_8_2025_06_27,QA Database Schema - Deals M and A v1.0.8 (2025-06-27).pdf,,Cross,the,,cross_reference,Cross references the following tables: DLCode where Type_ = 26 DLDesc where Type_ = 26 FilingDate datetime Y The first date in which a company files a registration statement with the Securities and Exchange Commission (SEC).,22
qa_database_schema_deals_m_and_a_v1_0_8_2025_06_27,QA Database Schema - Deals M and A v1.0.8 (2025-06-27).pdf,,Cross,DLCode,,cross_reference,Cross references the DLCode table where Type_ = 17.,22
qa_database_schema_deals_m_and_a_v1_0_8_2025_06_27,QA Database Schema - Deals M and A v1.0.8 (2025-06-27).pdf,,Cross,DLCode,,cross_reference,Cross references the DLCode table where Type_ = 18.,22
qa_database_schema_deals_m_and_a_v1_0_8_2025_06_27,QA Database Schema - Deals M and A v1.0.8 (2025-06-27).pdf,,Cross,DLCode,,cross_reference,Cross references the DLCode table where Type_ = 19.,22
qa_database_schema_deals_m_and_a_v1_0_8_2025_06_27,QA Database Schema - Deals M and A v1.0.8 (2025-06-27).pdf,,Cross,DLCode,,cross_reference,Cross references the DLCode table where Type_ = 20.,22
qa_database_schema_deals_m_and_a_v1_0_8_2025_06_27,QA Database Schema - Deals M and A v1.0.8 (2025-06-27).pdf,,Cross,DLCode,,cross_reference,Cross references the DLCode table where Type_ = 29.,22
qa_database_schema_deals_m_and_a_v1_0_8_2025_06_27,QA Database Schema - Deals M and A v1.0.8 (2025-06-27).pdf,,Cross,DLCode,,cross_reference,Cross references the DLCode table where Type_ = 21.,22
qa_database_schema_deals_m_and_a_v1_0_8_2025_06_27,QA Database Schema - Deals M and A v1.0.8 (2025-06-27).pdf,,Cross,DLCode,,cross_reference,Cross references the DLCode table where Type_ = 22.,22
qa_database_schema_deals_m_and_a_v1_0_8_2025_06_27,QA Database Schema - Deals M and A v1.0.8 (2025-06-27).pdf,,Cross,DLCode,,cross_reference,Cross references the DLCode table where Type_ = 30.,22
qa_database_schema_deals_m_and_a_v1_0_8_2025_06_27,QA Database Schema - Deals M and A v1.0.8 (2025-06-27).pdf,,Cross,DLCode,,cross_reference,Cross references the DLCode table where Type_ = 31.,23
qa_database_schema_deals_m_and_a_v1_0_8_2025_06_27,QA Database Schema - Deals M and A v1.0.8 (2025-06-27).pdf,,Cross,DLCode,,cross_reference,Cross references the DLCode table where Type_ = 32.,23
qa_database_schema_deals_m_and_a_v1_0_8_2025_06_27,QA Database Schema - Deals M and A v1.0.8 (2025-06-27).pdf,,Cross,DLCode,,cross_reference,Cross references the DLCode table where Type_ = 25.,23
qa_database_schema_deals_m_and_a_v1_0_8_2025_06_27,QA Database Schema - Deals M and A v1.0.8 (2025-06-27).pdf,,Cross,,,cross_reference,Cross references the following tables: DLCode where Type_ = 16 DLDesc where Type_ = 14 IssuerMacroIndCode smallint Y Issuer/Borrower Macro Industry (Code).,23
qa_database_schema_deals_m_and_a_v1_0_8_2025_06_27,QA Database Schema - Deals M and A v1.0.8 (2025-06-27).pdf,,Cross,,,cross_reference,Cross references the following tables: DLCode where Type_ = 24 DLDesc where Type_ = 24.,23
qa_database_schema_deals_m_and_a_v1_0_8_2025_06_27,QA Database Schema - Deals M and A v1.0.8 (2025-06-27).pdf,,Cross,DLCode,,cross_reference,Cross references the DLCode table where Type_ = 27.,23
qa_database_schema_deals_m_and_a_v1_0_8_2025_06_27,QA Database Schema - Deals M and A v1.0.8 (2025-06-27).pdf,,Cross,DLCode,,cross_reference,Cross references the DLCode table where Type_ = 28.,23
qa_database_schema_deals_m_and_a_v1_0_8_2025_06_27,QA Database Schema - Deals M and A v1.0.8 (2025-06-27).pdf,,Cross,DLCode,,cross_reference,Cross references the DLCode table where Type_ = 15.,23
qa_database_schema_esg_v1_0_8_2022_04_11,QA Database Schema - ESG v1.0.8 (2022-04-11).pdf,A4CmpFData,DFlag,,,cross_reference,DFlag cross-references A4Code where DFlag= A4Code.Code and A4Code.Type_ = 6.,8
qa_database_schema_esg_v1_0_8_2022_04_11,QA Database Schema - ESG v1.0.8 (2022-04-11).pdf,,To,A4Desc_,,cross_reference,"To translate A4Code.Desc_, cross-reference A4Code.Desc_ with A4Desc_.Code where A4Desc_.Type_ = 10.",8
qa_database_schema_esg_v1_0_8_2022_04_11,QA Database Schema - ESG v1.0.8 (2022-04-11).pdf,A4CmpIData,DFlag,,,cross_reference,DFlag cross-references A4Code where DFlag= A4Code.Code and A4Code.Type_ = 6.,9
qa_database_schema_esg_v1_0_8_2022_04_11,QA Database Schema - ESG v1.0.8 (2022-04-11).pdf,,To,A4Desc_,,cross_reference,"To translate A4Code.Desc_, cross-reference A4Code.Desc_ with A4Desc_.Code where A4Desc_.Type_ = 10.",9
qa_database_schema_esg_v1_0_8_2022_04_11,QA Database Schema - ESG v1.0.8 (2022-04-11).pdf,A4CmpSData,DFlag,,,cross_reference,DFlag cross-references A4Code where DFlag= A4Code.Code and A4Code.Type_ = 6.,10
qa_database_schema_esg_v1_0_8_2022_04_11,QA Database Schema - ESG v1.0.8 (2022-04-11).pdf,,To,A4Desc_,,cross_reference,"To translate A4Code.Desc_, cross-reference A4Code.Desc_ with A4Desc_.Code where A4Desc_.Type_ = 10.",10
qa_database_schema_esg_v1_0_8_2022_04_11,QA Database Schema - ESG v1.0.8 (2022-04-11).pdf,A4IndAggrData,DFlag,,,cross_reference,DFlag cross-references A4Code where DFlag= A4Code.Code and A4Code.Type_ = 6.,12
qa_database_schema_esg_v1_0_8_2022_04_11,QA Database Schema - ESG v1.0.8 (2022-04-11).pdf,,To,A4Desc_,,cross_reference,"To translate A4Code.Desc_, cross-reference A4Code.Desc_ with A4Desc_.Code where A4Desc_.Type_ = 10.",12
qa_database_schema_esg_v1_0_8_2022_04_11,QA Database Schema - ESG v1.0.8 (2022-04-11).pdf,,A4Item,A4Code,,cross_reference,A4Item.FileCode cross-references with A4Code.Code where Type_ = 1.,13
qa_database_schema_esg_v1_0_8_2022_04_11,QA Database Schema - ESG v1.0.8 (2022-04-11).pdf,,A4Item,A4Code,,cross_reference,A4Item.DataTypeCode cross-references with A4Code.Code where Type_ = 3.,13
qa_database_schema_esg_v1_0_8_2022_04_11,QA Database Schema - ESG v1.0.8 (2022-04-11).pdf,,A4Item,A4Code,,cross_reference,A4Item.DataTypeCode cross-references with A4Code.Code where Type_ = 4.,13
qa_database_schema_esg_v1_0_8_2022_04_11,QA Database Schema - ESG v1.0.8 (2022-04-11).pdf,A4MemIData,DFlag,,,cross_reference,DFlag cross-references A4Code where DFlag= A4Code.Code and A4Code.Type_ = 6.,14
qa_database_schema_esg_v1_0_8_2022_04_11,QA Database Schema - ESG v1.0.8 (2022-04-11).pdf,,To,A4Desc_,,cross_reference,"To translate A4Code.Desc_, cross-reference A4Code.Desc_ with A4Desc_.Code where A4Desc_.Type_ = 10.",14
qa_database_schema_esg_v1_0_8_2022_04_11,QA Database Schema - ESG v1.0.8 (2022-04-11).pdf,A4MemIData,DFlag,,,cross_reference,DFlag cross-references A4Code where DFlag= A4Code.Code and A4Code.Type_ = 6.,14
qa_database_schema_esg_v1_0_8_2022_04_11,QA Database Schema - ESG v1.0.8 (2022-04-11).pdf,,To,A4Desc_,,cross_reference,"To translate A4Code.Desc_, cross-reference A4Code.Desc_ with A4Desc_.Code where A4Desc_.Type_ = 10.",14
qa_database_schema_esg_v1_0_8_2022_04_11,QA Database Schema - ESG v1.0.8 (2022-04-11).pdf,A4MemSData,DFlag,,,cross_reference,DFlag cross-references A4Code where DFlag= A4Code.Code and A4Code.Type_ = 6.,15
qa_database_schema_esg_v1_0_8_2022_04_11,QA Database Schema - ESG v1.0.8 (2022-04-11).pdf,,To,A4Desc_,,cross_reference,"To translate A4Code.Desc_, cross-reference A4Code.Desc_ with A4Desc_.Code where A4Desc_.Type_ = 10.",15
qa_database_schema_esg_version_2_v1_1_2_2022_09_12,QA Database Schema - ESG Version 2 v1.1.2 (2022-09-12).pdf,,Cross,ESGDesc,,cross_reference,Cross-reference SICCode with ESGDesc.Code where Type_ = 2.,7
qa_database_schema_esg_version_2_v1_1_2_2022_09_12,QA Database Schema - ESG Version 2 v1.1.2 (2022-09-12).pdf,,Cross,ESGDesc,,cross_reference,Cross-reference NAICSCode with ESGDesc.Code where Type_ = 1.,7
qa_database_schema_esg_version_2_v1_1_2_2022_09_12,QA Database Schema - ESG Version 2 v1.1.2 (2022-09-12).pdf,,Cross,ESGCode,,cross_reference,Cross-reference DataTypeCode with ESGCode.Code where Type_ = 2.,7
qa_database_schema_esg_version_2_v1_1_2_2022_09_12,QA Database Schema - ESG Version 2 v1.1.2 (2022-09-12).pdf,,Cross,ESGCode,,cross_reference,Cross-reference FileCode with ESGCode.Code where Type_ = 1.,7
qa_database_schema_esg_version_2_v1_1_2_2022_09_12,QA Database Schema - ESG Version 2 v1.1.2 (2022-09-12).pdf,,Cross,ESGCode,,cross_reference,Cross-reference TableCode with ESGCode.Code where Type_ = 3.,7
qa_database_schema_esg_version_2_v1_1_2_2022_09_12,QA Database Schema - ESG Version 2 v1.1.2 (2022-09-12).pdf,,LSEG,ESGCode,,cross_reference,LSEG Quantitative Analytics ESG Version 2 8 CORPORATE Field Type Nullable Description – 2: Indicator – 3: Category Score – 4: Score Cross-reference HeirarchyCode with ESGCode.Code where Type_ = 4.,8
qa_database_schema_esg_version_2_v1_1_2_2022_09_12,QA Database Schema - ESG Version 2 v1.1.2 (2022-09-12).pdf,,Cross,ESGCode,,cross_reference,Cross-reference PillarItem with ESGCode.Code where Type_ = 5.,8
qa_database_schema_esg_version_2_v1_1_2_2022_09_12,QA Database Schema - ESG Version 2 v1.1.2 (2022-09-12).pdf,,Cross,ESGItem,,cross_reference,Cross-reference CatItem with ESGItem.Item.,8
qa_database_schema_esg_version_2_v1_1_2_2022_09_12,QA Database Schema - ESG Version 2 v1.1.2 (2022-09-12).pdf,ESGItem,RegLicFlag,ESGCode,,cross_reference,RegLicFlag can take one of the following values: – 1: BMR – 2: SFDR – 3: Both BMR & SFDR Cross-reference RegLicFlag with ESGCode.Code where Type_ = 6.,8
qa_database_schema_esg_version_2_v1_1_2_2022_09_12,QA Database Schema - ESG Version 2 v1.1.2 (2022-09-12).pdf,,To,ESGDesc,,cross_reference,"To translate ESGCode.Desc_, cross-reference ESGCode.Desc_ with ESGDesc.Code where ESGDesc.Type_ = 7.",8
qa_database_schema_esg_version_2_v1_1_2_2022_09_12,QA Database Schema - ESG Version 2 v1.1.2 (2022-09-12).pdf,,Cross,ESGItem,,cross_reference,Cross-reference Item with ESGItem.Item.,9
qa_database_schema_esg_version_2_v1_1_2_2022_09_12,QA Database Schema - ESG Version 2 v1.1.2 (2022-09-12).pdf,,Cross,ESGDesc,,cross_reference,Cross-reference ISOCurrCode with ESGDesc.Code where Type_ = 6.,9
qa_database_schema_esg_version_2_v1_1_2_2022_09_12,QA Database Schema - ESG Version 2 v1.1.2 (2022-09-12).pdf,,Cross,ESGItem,,cross_reference,Cross-reference Item with ESGItem.Item.,10
qa_database_schema_esg_version_2_v1_1_2_2022_09_12,QA Database Schema - ESG Version 2 v1.1.2 (2022-09-12).pdf,,Cross,ESGDesc,,cross_reference,Cross-reference ISOCurrCode with ESGDesc.Code where Type_ = 6.,10
qa_database_schema_esg_version_2_v1_1_2_2022_09_12,QA Database Schema - ESG Version 2 v1.1.2 (2022-09-12).pdf,,Cross,ESGItem,,cross_reference,Cross-reference Item with ESGItem.Item.,10
qa_database_schema_esg_version_2_v1_1_2_2022_09_12,QA Database Schema - ESG Version 2 v1.1.2 (2022-09-12).pdf,,Cross,ESGDesc,,cross_reference,Cross-reference ISOCurrCode with ESGDesc.Code where Type_ = 6.,10
qa_database_schema_esg_version_2_v1_1_2_2022_09_12,QA Database Schema - ESG Version 2 v1.1.2 (2022-09-12).pdf,,Cross,ESGItem,,cross_reference,Cross-reference Item with ESGItem.Item.,11
qa_database_schema_esg_version_2_v1_1_2_2022_09_12,QA Database Schema - ESG Version 2 v1.1.2 (2022-09-12).pdf,,Cross,ESGDesc,,cross_reference,Cross-reference ISOCurrCode with ESGDesc.Code where Type_ = 6.,11
qa_database_schema_esg_version_2_v1_1_2_2022_09_12,QA Database Schema - ESG Version 2 v1.1.2 (2022-09-12).pdf,,Cross,ESGItem,,cross_reference,Cross-reference Item with ESGItem.Item.,11
qa_database_schema_esg_version_2_v1_1_2_2022_09_12,QA Database Schema - ESG Version 2 v1.1.2 (2022-09-12).pdf,,Cross,ESGDesc,,cross_reference,Cross-reference ISOCurrCode with ESGDesc.Code where Type_ = 6.,11
qa_database_schema_esg_version_2_v1_1_2_2022_09_12,QA Database Schema - ESG Version 2 v1.1.2 (2022-09-12).pdf,,Cross,ESGItem,,cross_reference,Cross-reference Item with ESGItem.Item.,11
qa_database_schema_esg_version_2_v1_1_2_2022_09_12,QA Database Schema - ESG Version 2 v1.1.2 (2022-09-12).pdf,,Cross,ESGDesc,,cross_reference,Cross-reference ISOCurrCode with ESGDesc.Code where Type_ = 6.,12
qa_database_schema_esg_version_2_v1_1_2_2022_09_12,QA Database Schema - ESG Version 2 v1.1.2 (2022-09-12).pdf,,Cross,ESGItem,,cross_reference,Cross-reference Item with ESGItem.Item.,12
qa_database_schema_esg_version_2_v1_1_2_2022_09_12,QA Database Schema - ESG Version 2 v1.1.2 (2022-09-12).pdf,,Cross,ESGCode,,cross_reference,Cross-reference ScaleCode with ESGCode.Code where Type_ = 7.,12
qa_database_schema_esg_version_2_v1_1_2_2022_09_12,QA Database Schema - ESG Version 2 v1.1.2 (2022-09-12).pdf,,Cross,ESGCode,,cross_reference,Cross-reference UnitCode with ESGCode.Code where Type_ = 8.,12
qa_database_schema_esg_version_2_v1_1_2_2022_09_12,QA Database Schema - ESG Version 2 v1.1.2 (2022-09-12).pdf,,Cross,ESGItem,,cross_reference,Cross-reference Item with ESGItem.Item.,12
qa_database_schema_esg_version_2_v1_1_2_2022_09_12,QA Database Schema - ESG Version 2 v1.1.2 (2022-09-12).pdf,,Cross,ESGItem,,cross_reference,Cross-reference Item with ESGItem.Item.,14
qa_database_schema_esg_version_2_v1_1_2_2022_09_12,QA Database Schema - ESG Version 2 v1.1.2 (2022-09-12).pdf,,Cross,ESGItem,,cross_reference,Cross-reference Item with ESGItem.Item.,14
qa_database_schema_esg_version_2_v1_1_2_2022_09_12,QA Database Schema - ESG Version 2 v1.1.2 (2022-09-12).pdf,,Cross,ESGDesc,,cross_reference,Cross-reference CoverageFlg with ESGDesc.Code where Type_ = 3.,15
qa_database_schema_fixed_income_ejv_v1_0_8_2023_03_30,QA Database Schema - Fixed Income EJV v1.0.8 (2023-03-30).pdf,,For,FIEJVSecInfo,,cross_reference,"For FI EJV, VenCode cross references with FIEJVSecInfo.InstrCode.",9
qa_database_schema_fixed_income_ejv_v1_0_8_2023_03_30,QA Database Schema - Fixed Income EJV v1.0.8 (2023-03-30).pdf,,To,FIEJVDesc,,cross_reference,"To get descriptions for the field values, cross-reference with FIEJVDesc.Code where Type_ = 43.",35
qa_database_schema_fixed_income_ejv_v1_0_8_2023_03_30,QA Database Schema - Fixed Income EJV v1.0.8 (2023-03-30).pdf,,To,FIEJVDesc,,cross_reference,"To get descriptions for the field values, cross-reference with FIEJVDesc.Code where Type_ = 10.",37
qa_database_schema_fixed_income_ejv_v1_0_8_2023_03_30,QA Database Schema - Fixed Income EJV v1.0.8 (2023-03-30).pdf,,To,FIEJVDesc,,cross_reference,"To get descriptions for the field values, cross-reference with FIEJVDesc.Code where Type_ = 10.",37
qa_database_schema_fixed_income_ejv_v1_0_8_2023_03_30,QA Database Schema - Fixed Income EJV v1.0.8 (2023-03-30).pdf,,To,FIEJVDesc,,cross_reference,"To get descriptions for the field values, cross-reference with FIEJVDesc.Code where Type_ = 52.",63
qa_database_schema_fixed_income_ejv_v1_0_8_2023_03_30,QA Database Schema - Fixed Income EJV v1.0.8 (2023-03-30).pdf,,To,FIEJVDesc,,cross_reference,"To get descriptions for the field values, cross-reference with FIEJVDesc.Code where Type_ = 52.",64
qa_database_schema_fixed_income_ejv_v1_0_8_2023_03_30,QA Database Schema - Fixed Income EJV v1.0.8 (2023-03-30).pdf,,To,FIEJVDesc,,cross_reference,"To get descriptions for the field values, cross-reference with FIEJVDesc.Code where Type_ = 33.",67
qa_database_schema_fixed_income_ejv_v1_0_8_2023_03_30,QA Database Schema - Fixed Income EJV v1.0.8 (2023-03-30).pdf,,To,FIEJVDesc,,cross_reference,"To get descriptions for the field values, cross-reference with FIEJVDesc.Code where Type_ = 33.",67
qa_database_schema_fixed_income_ejv_v1_0_8_2023_03_30,QA Database Schema - Fixed Income EJV v1.0.8 (2023-03-30).pdf,FIEJVPrcDly,PrcSrcCode,FIEJVPrcDesc,,cross_reference,PrcSrcCode cross-references with FIEJVPrcDesc on FIEJVPrcDesc.Code = FIEJVPrcDly.PrcSrcCode where Type_ = 1.,69
qa_database_schema_hanweck_options_data_v1_0_4_2022_04_13,QA Database Schema - Hanweck Options Data v1.0.4 (2022-04-13).pdf,OVSBasketInfo,DelivTypeCode,OVSCode,,cross_reference,DelivTypeCode tinyint N DelivTypeCode can be one of the following deliverable types: – 1 = Stock – 2 = Cash – 3 = Rights – 4 = Warrants OVSBasketInfo.DelivTypeCode cross-references with OVSCode.Code where Type_ = 7.,6
qa_database_schema_hanweck_options_data_v1_0_4_2022_04_13,QA Database Schema - Hanweck Options Data v1.0.4 (2022-04-13).pdf,,OVSBasketInfo,OVSCode,,cross_reference,OVSBasketInfo.OpraRootCode cross-references with OVSCode.Code where Type_ = 6.,6
qa_database_schema_hanweck_options_data_v1_0_4_2022_04_13,QA Database Schema - Hanweck Options Data v1.0.4 (2022-04-13).pdf,OVSOptChg,PutCallCode,OVSDesc,,cross_reference,"PutCallCode char(1) N PutCallCode is the put or call indicator, which can be: – P = Put – C = Call OVSOptChg.PutCallCode cross-references with OVSDesc.Code where Type_ = 3.",10
qa_database_schema_hanweck_options_data_v1_0_4_2022_04_13,QA Database Schema - Hanweck Options Data v1.0.4 (2022-04-13).pdf,,LSEG,OVSDesc,,cross_reference,LSEG Quantitative Analytics Database Schema for Hanweck Options 11 CORPORATE Field Type Nullable Description – BINY = Binary – CEBO = Credit Event Binary Options – SDO = Special Dated Option OVSOptChg.OptTypeCode cross-references with OVSDesc.Code where Type_ = 2.,11
qa_database_schema_hanweck_options_data_v1_0_4_2022_04_13,QA Database Schema - Hanweck Options Data v1.0.4 (2022-04-13).pdf,OVSOptChg,ExerciseCode,OVSDesc,,cross_reference,"ExerciseCode char(1) N ExerciseCode is the exercise style code, which can be: – A = American – E = European OVSOptChg.ExerciseCode cross-references with OVSDesc.Code where Type_ = 4.",11
qa_database_schema_hanweck_options_data_v1_0_4_2022_04_13,QA Database Schema - Hanweck Options Data v1.0.4 (2022-04-13).pdf,OVSOptChg,UdlTypeCode,OVSDesc,,cross_reference,"UdlTypeCode char(1) Y UdlTypeCode is the underlying security type, which can be: – E = Equity – I = Index OVSOptChg.UdlTypeCode cross-references with OVSDesc.Code where Type_ = 5.",11
qa_database_schema_hanweck_options_data_v1_0_4_2022_04_13,QA Database Schema - Hanweck Options Data v1.0.4 (2022-04-13).pdf,OVSOptInfo,PutCallCode,OVSDesc,,cross_reference,"PutCallCode char(1) N PutCallCode is the put or call indicator, which can be: – P = Put – C = Call OVSOptInfo.PutCallCode cross-references with OVSDesc.Code where Type_ = 3.",11
qa_database_schema_hanweck_options_data_v1_0_4_2022_04_13,QA Database Schema - Hanweck Options Data v1.0.4 (2022-04-13).pdf,,LSEG,OVSDesc,,cross_reference,"LSEG Quantitative Analytics Database Schema for Hanweck Options 12 CORPORATE Field Type Nullable Description OptTypeCode varchar(4) Y OptTypeCode is the option type, which can be: – STAN = Standard – BINY = Binary – CEBO = Credit Event Binary Options – SDO = Special Dated Option OVSOptInfo.OptTypeCode cross-references with OVSDesc.Code where Type_ = 2.",12
qa_database_schema_hanweck_options_data_v1_0_4_2022_04_13,QA Database Schema - Hanweck Options Data v1.0.4 (2022-04-13).pdf,OVSOptInfo,ExerciseCode,OVSDesc,,cross_reference,"ExerciseCode char(1) N ExerciseCode is the exercise style code, which can be: – A = American – E = European OVSOptInfo.ExerciseCode cross-references with OVSDesc.Code where Type_ = 4.",12
qa_database_schema_hanweck_options_data_v1_0_4_2022_04_13,QA Database Schema - Hanweck Options Data v1.0.4 (2022-04-13).pdf,OVSOptInfo,UdlTypeCode,OVSDesc,,cross_reference,"UdlTypeCode char(1) Y UdlTypeCode is the underlying security type, which can be: – E = Equity – I = Index OVSOptInfo.UdlTypeCode cross-references with OVSDesc.Code where Type_ = 5.",12
qa_database_schema_hanweck_options_data_v1_0_4_2022_04_13,QA Database Schema - Hanweck Options Data v1.0.4 (2022-04-13).pdf,,OVSOptPrc,OVSCode,,cross_reference,OVSOptPrc.ExchCode cross-references with OVSCode.Code where Type_ = 9.,12
qa_database_schema_hanweck_options_data_v1_0_4_2022_04_13,QA Database Schema - Hanweck Options Data v1.0.4 (2022-04-13).pdf,,OVSRate,OVSCode,,cross_reference,OVSRate.RateCode cross-references with OVSCode.Code where Type_ = 4.,13
qa_database_schema_hanweck_options_data_v1_0_4_2022_04_13,QA Database Schema - Hanweck Options Data v1.0.4 (2022-04-13).pdf,,OVSSecAdj,OVSCode,,cross_reference,OVSSecAdj.AdjTypeCode cross-references with OVSCode.Code where Type_ = 5.,13
qa_database_schema_hanweck_options_data_v1_0_4_2022_04_13,QA Database Schema - Hanweck Options Data v1.0.4 (2022-04-13).pdf,,OVSSecCorpAct,OVSCode,,cross_reference,OVSSecCorpAct.EventTypeCode cross-references with OVSCode.Code where Type_ = 2.,14
qa_database_schema_hanweck_options_data_v1_0_4_2022_04_13,QA Database Schema - Hanweck Options Data v1.0.4 (2022-04-13).pdf,,OVSSecCorpAct,OVSCode,,cross_reference,OVSSecCorpAct.SuplPymtTypeCode cross-references with OVSCode.Code where Type_ = 3.,14
qa_database_schema_hanweck_options_data_v1_0_4_2022_04_13,QA Database Schema - Hanweck Options Data v1.0.4 (2022-04-13).pdf,,OVSSecCorpAct,OVSDesc,,cross_reference,OVSSecCorpAct.DivFreqCode cross-references with OVSDesc.Code where Type_ = 6.,14
qa_database_schema_hanweck_options_data_v1_0_4_2022_04_13,QA Database Schema - Hanweck Options Data v1.0.4 (2022-04-13).pdf,,OVSSecCorpAct,OVSDesc,,cross_reference,OVSSecCorpAct.IADMethodCode cross-references with OVSDesc.Code where Type_ = 1.,15
qa_database_schema_hanweck_options_data_v1_0_4_2022_04_13,QA Database Schema - Hanweck Options Data v1.0.4 (2022-04-13).pdf,,OVSSecHVol,OVSCode,,cross_reference,OVSSecHVol.VolTypeCode cross-references with OVSCode.Code where Type_ = 1.,15
qa_database_schema_ibes_estimates_version_2_v1_8_6_2025_05_29,QA Database Schema - IBES Estimates Version 2 - v1.8.6 (2025-05-29).pdf,,,vw_SecurityMasterX,,join_hint,"If you haven’t installed the views, please contact us via one of the methods listed under Get Support. select A.ID, A.Name, C.QuotePermID, C.InstrPermID, C.OrgPermID, B.EstPermID from vw_SecurityMasterX A join vw_IBES2Mapping B on B.SecCode=A.SecCode and B.Typ=A.Typ join TREInfo C on C.EstPermID=B.EstPermID where A.ID in ('AAPL','@HONDA9')",8
qa_database_schema_ibes_estimates_version_2_v1_8_6_2025_05_29,QA Database Schema - IBES Estimates Version 2 - v1.8.6 (2025-05-29).pdf,,This,TRECode,Code,cross_reference,"This field cross-references with the Code field in the TRECode table for the following descriptions: measure code (CodeType = 4), measure name (CodeType = 5).",9
qa_database_schema_ibes_estimates_version_2_v1_8_6_2025_05_29,QA Database Schema - IBES Estimates Version 2 - v1.8.6 (2025-05-29).pdf,,This,TRECode,Code,cross_reference,This field cross-references with the Code field in the TRECode table for the following description: CodeType=2.,10
qa_database_schema_ibes_estimates_version_2_v1_8_6_2025_05_29,QA Database Schema - IBES Estimates Version 2 - v1.8.6 (2025-05-29).pdf,,This,TRECode,Code,cross_reference,"This field cross-references with the Code field in the TRECode table for the following descriptions: currency name (CodeType = 6), ISO3 code (CodeType = 7), and ISO numeric code (CodeType = 8).",10
qa_database_schema_ibes_estimates_version_2_v1_8_6_2025_05_29,QA Database Schema - IBES Estimates Version 2 - v1.8.6 (2025-05-29).pdf,,This,TRECode,Code,cross_reference,"This field cross-references with the Code field in the TRECode table for the following descriptions: currency name (CodeType = 6), ISO3 code (CodeType = 7), and ISO numeric code (CodeType = 8).",10
qa_database_schema_ibes_estimates_version_2_v1_8_6_2025_05_29,QA Database Schema - IBES Estimates Version 2 - v1.8.6 (2025-05-29).pdf,,This,TRECode,Code,cross_reference,"This field cross-references with the Code field in the TRECode table for the following descriptions: currency name (CodeType = 6), ISO3 code (CodeType = 7), and ISO numeric code (CodeType = 8).",11
qa_database_schema_ibes_estimates_version_2_v1_8_6_2025_05_29,QA Database Schema - IBES Estimates Version 2 - v1.8.6 (2025-05-29).pdf,,This,TRECode,Code,cross_reference,This field cross-references with the Code field in the TRECode table for the following description: CodeType=2.,11
qa_database_schema_ibes_estimates_version_2_v1_8_6_2025_05_29,QA Database Schema - IBES Estimates Version 2 - v1.8.6 (2025-05-29).pdf,,This,TRECode,Code,cross_reference,"This field cross-references with the Code field in the TRECode table for the following descriptions: currency name (CodeType = 6), ISO3 code (CodeType = 7), and ISO numeric code (CodeType = 8).",12
qa_database_schema_ibes_estimates_version_2_v1_8_6_2025_05_29,QA Database Schema - IBES Estimates Version 2 - v1.8.6 (2025-05-29).pdf,,This,TRECode,Code,cross_reference,"This field cross-references with the Code field in the TRECode table for the following descriptions: currency name (CodeType = 6), ISO3 code (CodeType = 7), and ISO numeric code (CodeType = 8).",12
qa_database_schema_ibes_estimates_version_2_v1_8_6_2025_05_29,QA Database Schema - IBES Estimates Version 2 - v1.8.6 (2025-05-29).pdf,,This,TRECode,Code,cross_reference,"This field cross-references with the Code field in the TRECode table for the following descriptions: currency name (CodeType = 6), ISO3 code (CodeType = 7), and ISO numeric code (CodeType = 8).",12
qa_database_schema_ibes_estimates_version_2_v1_8_6_2025_05_29,QA Database Schema - IBES Estimates Version 2 - v1.8.6 (2025-05-29).pdf,,This,TRECode,Code,cross_reference,"This field cross-references with the Code field in the TRECode table for the following descriptions: measure code (CodeType = 4), measure name (CodeType = 5).",13
qa_database_schema_ibes_estimates_version_2_v1_8_6_2025_05_29,QA Database Schema - IBES Estimates Version 2 - v1.8.6 (2025-05-29).pdf,,This,TRECode,Code,cross_reference,This field cross-references with the Code field in the TRECode table for the following description: CodeType=2.,13
qa_database_schema_ibes_estimates_version_2_v1_8_6_2025_05_29,QA Database Schema - IBES Estimates Version 2 - v1.8.6 (2025-05-29).pdf,,This,TRECode,Code,cross_reference,"This field cross-references with the Code field in the TRECode table for the following descriptions: currency name (CodeType = 6), ISO3 code (CodeType = 7), and ISO numeric code (CodeType = 8).",14
qa_database_schema_ibes_estimates_version_2_v1_8_6_2025_05_29,QA Database Schema - IBES Estimates Version 2 - v1.8.6 (2025-05-29).pdf,,This,TRECode,Code,cross_reference,"This field cross-references with the Code field in the TRECode table for the following descriptions: currency name (CodeType = 6), ISO3 code (CodeType = 7), and ISO numeric code (CodeType = 8).",14
qa_database_schema_ibes_estimates_version_2_v1_8_6_2025_05_29,QA Database Schema - IBES Estimates Version 2 - v1.8.6 (2025-05-29).pdf,,This,TRECode,Code,cross_reference,"This field cross-references with the Code field in the TRECode table for the following descriptions: currency name (CodeType = 6), ISO3 code (CodeType = 7), and ISO numeric code (CodeType = 8).",14
qa_database_schema_ibes_estimates_version_2_v1_8_6_2025_05_29,QA Database Schema - IBES Estimates Version 2 - v1.8.6 (2025-05-29).pdf,,This,TRECode,Code,cross_reference,"This field cross-references with the Code field in the TRECode table for the following descriptions: measure code (CodeType = 4), measure name (CodeType = 5).",15
qa_database_schema_ibes_estimates_version_2_v1_8_6_2025_05_29,QA Database Schema - IBES Estimates Version 2 - v1.8.6 (2025-05-29).pdf,,This,TRECode,Code,cross_reference,This field cross-references with the Code field in the TRECode table for the following description: CodeType=2.,15
qa_database_schema_ibes_estimates_version_2_v1_8_6_2025_05_29,QA Database Schema - IBES Estimates Version 2 - v1.8.6 (2025-05-29).pdf,,This,TRECode,Code,cross_reference,"This field cross-references with the Code field in the TRECode table for the following descriptions: measure code (CodeType = 4), measure name (CodeType = 5).",16
qa_database_schema_ibes_estimates_version_2_v1_8_6_2025_05_29,QA Database Schema - IBES Estimates Version 2 - v1.8.6 (2025-05-29).pdf,,This,TRECode,Code,cross_reference,This field cross-references with the Code field in the TRECode table for the following description: CodeType=2.,16
qa_database_schema_ibes_estimates_version_2_v1_8_6_2025_05_29,QA Database Schema - IBES Estimates Version 2 - v1.8.6 (2025-05-29).pdf,,This,TRECode,Code,cross_reference,"This field cross-references with the Code field in the TRECode table for the following descriptions: currency name (CodeType = 6), ISO3 code (CodeType = 7), and ISO numeric code (CodeType = 8).",17
qa_database_schema_ibes_estimates_version_2_v1_8_6_2025_05_29,QA Database Schema - IBES Estimates Version 2 - v1.8.6 (2025-05-29).pdf,,This,TRECode,Code,cross_reference,"This field cross-references with the Code field in the TRECode table for the following descriptions: currency name (CodeType = 6), ISO3 code (CodeType = 7), and ISO numeric code (CodeType = 8).",17
qa_database_schema_ibes_estimates_version_2_v1_8_6_2025_05_29,QA Database Schema - IBES Estimates Version 2 - v1.8.6 (2025-05-29).pdf,,This,TRECode,Code,cross_reference,This field cross-references with the Code field in the TRECode table for the following description: CodeType=2.,20
qa_database_schema_ibes_estimates_version_2_v1_8_6_2025_05_29,QA Database Schema - IBES Estimates Version 2 - v1.8.6 (2025-05-29).pdf,TREDetPer,DomainAction,mean,,cross_reference,"DomainAction tinyint No Domain actions represent the state of the content item, triggered by real-world events (open, confirm, exclude from mean, etc.) This field cross-references with TRECode where CodeType=13.",20
qa_database_schema_ibes_estimates_version_2_v1_8_6_2025_05_29,QA Database Schema - IBES Estimates Version 2 - v1.8.6 (2025-05-29).pdf,,This,TRECode,Code,cross_reference,"This field cross-references with the Code field in the TRECode table for the following descriptions: currency name (CodeType = 6), ISO3 code (CodeType = 7), and ISO numeric code (CodeType = 8).",21
qa_database_schema_ibes_estimates_version_2_v1_8_6_2025_05_29,QA Database Schema - IBES Estimates Version 2 - v1.8.6 (2025-05-29).pdf,,This,TRECode,Code,cross_reference,"This field cross-references with the Code field in the TRECode table for the following descriptions: currency name (CodeType = 6), ISO3 code (CodeType = 7), and ISO numeric code (CodeType = 8).",21
qa_database_schema_ibes_estimates_version_2_v1_8_6_2025_05_29,QA Database Schema - IBES Estimates Version 2 - v1.8.6 (2025-05-29).pdf,,This,TRECode,Code,cross_reference,"This field cross-references with the Code field in the TRECode table for the following descriptions: currency name (CodeType = 6), ISO3 code (CodeType = 7), and ISO numeric code (CodeType = 8).",21
qa_database_schema_ibes_estimates_version_2_v1_8_6_2025_05_29,QA Database Schema - IBES Estimates Version 2 - v1.8.6 (2025-05-29).pdf,,This,TRECode,Code,cross_reference,"This field cross-references with the Code field in the TRECode table for the following descriptions: measure code (CodeType = 4), measure name (CodeType = 5).",22
qa_database_schema_ibes_estimates_version_2_v1_8_6_2025_05_29,QA Database Schema - IBES Estimates Version 2 - v1.8.6 (2025-05-29).pdf,,This,TRECode,Code,cross_reference,This field cross-references with the Code field in the TRECode table for the following description: CodeType=2.,22
qa_database_schema_ibes_estimates_version_2_v1_8_6_2025_05_29,QA Database Schema - IBES Estimates Version 2 - v1.8.6 (2025-05-29).pdf,TREDetHzn,DomainAction,mean,,cross_reference,"DomainAction tinyint No Domain actions represent the state of the content item, triggered by real-world events (open, confirm, exclude from mean, etc.) This field cross-references with TRECode where CodeType=13.",22
qa_database_schema_ibes_estimates_version_2_v1_8_6_2025_05_29,QA Database Schema - IBES Estimates Version 2 - v1.8.6 (2025-05-29).pdf,,This,TRECode,Code,cross_reference,"This field cross-references with the Code field in the TRECode table for the following descriptions: currency name (CodeType = 6), ISO3 code (CodeType = 7), and ISO numeric code (CodeType = 8).",23
qa_database_schema_ibes_estimates_version_2_v1_8_6_2025_05_29,QA Database Schema - IBES Estimates Version 2 - v1.8.6 (2025-05-29).pdf,,This,TRECode,Code,cross_reference,"This field cross-references with the Code field in the TRECode table for the following descriptions: currency name (CodeType = 6), ISO3 code (CodeType = 7), and ISO numeric code (CodeType = 8).",23
qa_database_schema_ibes_estimates_version_2_v1_8_6_2025_05_29,QA Database Schema - IBES Estimates Version 2 - v1.8.6 (2025-05-29).pdf,,This,TRECode,Code,cross_reference,"This field cross-references with the Code field in the TRECode table for the following descriptions: currency name (CodeType = 6), ISO3 code (CodeType = 7), and ISO numeric code (CodeType = 8).",23
qa_database_schema_ibes_estimates_version_2_v1_8_6_2025_05_29,QA Database Schema - IBES Estimates Version 2 - v1.8.6 (2025-05-29).pdf,,This,TRECode,Code,cross_reference,This field cross-references with the Code field in the TRECode table for the following description: CodeType=2.,24
qa_database_schema_ibes_estimates_version_2_v1_8_6_2025_05_29,QA Database Schema - IBES Estimates Version 2 - v1.8.6 (2025-05-29).pdf,TREDetAper,DomainAction,mean,,cross_reference,"DomainAction tinyint No Domain actions represent the state of the content item, triggered by real-world events (open, confirm, exclude from mean, etc.) This field cross-references with TRECode where CodeType=13.",24
qa_database_schema_ibes_estimates_version_2_v1_8_6_2025_05_29,QA Database Schema - IBES Estimates Version 2 - v1.8.6 (2025-05-29).pdf,,This,TRECode,Code,cross_reference,"This field cross-references with the Code field in the TRECode table for the following descriptions: currency name (CodeType = 6), ISO3 code (CodeType = 7), and ISO numeric code (CodeType = 8).",25
qa_database_schema_ibes_estimates_version_2_v1_8_6_2025_05_29,QA Database Schema - IBES Estimates Version 2 - v1.8.6 (2025-05-29).pdf,,This,TRECode,Code,cross_reference,"This field cross-references with the Code field in the TRECode table for the following descriptions: currency name (CodeType = 6), ISO3 code (CodeType = 7), and ISO numeric code (CodeType = 8).",25
qa_database_schema_ibes_estimates_version_2_v1_8_6_2025_05_29,QA Database Schema - IBES Estimates Version 2 - v1.8.6 (2025-05-29).pdf,,This,TRECode,Code,cross_reference,"This field cross-references with the Code field in the TRECode table for the following descriptions: currency name (CodeType = 6), ISO3 code (CodeType = 7), and ISO numeric code (CodeType = 8).",25
qa_database_schema_ibes_estimates_version_2_v1_8_6_2025_05_29,QA Database Schema - IBES Estimates Version 2 - v1.8.6 (2025-05-29).pdf,,This,TRECode,Code,cross_reference,This field cross-references with the Code field in the TRECode table for the following description: CodeType=2.,27
qa_database_schema_ibes_estimates_version_2_v1_8_6_2025_05_29,QA Database Schema - IBES Estimates Version 2 - v1.8.6 (2025-05-29).pdf,TREDetConfPer,DomainAction,mean,,cross_reference,"DomainAction tinyint No Domain actions represent the state of the content item, triggered by real-world events (open, confirm, exclude from mean, etc.) This field cross-references with TRECode where CodeType=13.",27
qa_database_schema_ibes_estimates_version_2_v1_8_6_2025_05_29,QA Database Schema - IBES Estimates Version 2 - v1.8.6 (2025-05-29).pdf,,This,TRECode,Code,cross_reference,This field cross-references with the Code field in the TRECode table for the following description: CodeType=2.,28
qa_database_schema_ibes_estimates_version_2_v1_8_6_2025_05_29,QA Database Schema - IBES Estimates Version 2 - v1.8.6 (2025-05-29).pdf,TREDetConfHzn,DomainAction,mean,,cross_reference,"DomainAction tinyint No Domain actions represent the state of the content item, triggered by real-world events (open, confirm, exclude from mean, etc.) This field cross-references with TRECode where CodeType=13.",28
qa_database_schema_ibes_estimates_version_2_v1_8_6_2025_05_29,QA Database Schema - IBES Estimates Version 2 - v1.8.6 (2025-05-29).pdf,,This,TRECode,Code,cross_reference,This field cross-references with the Code field in the TRECode table for the following description: CodeType=2.,29
qa_database_schema_ibes_estimates_version_2_v1_8_6_2025_05_29,QA Database Schema - IBES Estimates Version 2 - v1.8.6 (2025-05-29).pdf,TREDetConfAper,DomainAction,mean,,cross_reference,"DomainAction tinyint No Domain actions represent the state of the content item, triggered by real-world events (open, confirm, exclude from mean, etc.) This field cross-references with TRECode where CodeType=13.",29
qa_database_schema_ibes_estimates_version_2_v1_8_6_2025_05_29,QA Database Schema - IBES Estimates Version 2 - v1.8.6 (2025-05-29).pdf,,This,TRECode,Code,cross_reference,"This field cross-references with the Code field in the TRECode table for the following descriptions: measure code (CodeType = 4), measure name (CodeType = 5).",31
qa_database_schema_ibes_estimates_version_2_v1_8_6_2025_05_29,QA Database Schema - IBES Estimates Version 2 - v1.8.6 (2025-05-29).pdf,,This,TRECode,Code,cross_reference,This field cross-references with the Code field in the TRECode table for the following description: CodeType=2.,31
qa_database_schema_ibes_estimates_version_2_v1_8_6_2025_05_29,QA Database Schema - IBES Estimates Version 2 - v1.8.6 (2025-05-29).pdf,,This,TRECode,Code,cross_reference,"This field cross-references with the Code field in the TRECode table for the following descriptions: currency name (CodeType = 6), ISO3 code (CodeType = 7), and ISO numeric code (CodeType = 8).",32
qa_database_schema_ibes_estimates_version_2_v1_8_6_2025_05_29,QA Database Schema - IBES Estimates Version 2 - v1.8.6 (2025-05-29).pdf,,This,TRECode,Code,cross_reference,"This field cross-references with the Code field in the TRECode table for the following descriptions: currency name (CodeType = 6), ISO3 code (CodeType = 7), and ISO numeric code (CodeType = 8).",33
qa_database_schema_ibes_estimates_version_2_v1_8_6_2025_05_29,QA Database Schema - IBES Estimates Version 2 - v1.8.6 (2025-05-29).pdf,,This,TRECode,Code,cross_reference,"This field cross-references with the Code field in the TRECode table for the following descriptions: measure code (CodeType = 4), measure name (CodeType = 5).",33
qa_database_schema_ibes_estimates_version_2_v1_8_6_2025_05_29,QA Database Schema - IBES Estimates Version 2 - v1.8.6 (2025-05-29).pdf,,This,TRECode,Code,cross_reference,This field cross-references with the Code field in the TRECode table for the following description: CodeType=2.,34
qa_database_schema_ibes_estimates_version_2_v1_8_6_2025_05_29,QA Database Schema - IBES Estimates Version 2 - v1.8.6 (2025-05-29).pdf,,This,TRECode,Code,cross_reference,"This field cross-references with the Code field in the TRECode table for the following descriptions: currency name (CodeType = 6), ISO3 code (CodeType = 7), and ISO numeric code (CodeType = 8).",34
qa_database_schema_ibes_estimates_version_2_v1_8_6_2025_05_29,QA Database Schema - IBES Estimates Version 2 - v1.8.6 (2025-05-29).pdf,,This,TRECode,Code,cross_reference,"This field cross-references with the Code field in the TRECode table for the following descriptions: currency name (CodeType = 6), ISO3 code (CodeType = 7), and ISO numeric code (CodeType = 8).",35
qa_database_schema_ibes_estimates_version_2_v1_8_6_2025_05_29,QA Database Schema - IBES Estimates Version 2 - v1.8.6 (2025-05-29).pdf,,This,TRECode,Code,cross_reference,"This field cross-references with the Code field in the TRECode table for the following descriptions: measure code (CodeType = 4), measure name (CodeType = 5).",36
qa_database_schema_ibes_estimates_version_2_v1_8_6_2025_05_29,QA Database Schema - IBES Estimates Version 2 - v1.8.6 (2025-05-29).pdf,,This,TRECode,Code,cross_reference,This field cross-references with the Code field in the TRECode table for the following description: CodeType=2.,36
qa_database_schema_ibes_estimates_version_2_v1_8_6_2025_05_29,QA Database Schema - IBES Estimates Version 2 - v1.8.6 (2025-05-29).pdf,,This,TRECode,Code,cross_reference,"This field cross-references with the Code field in the TRECode table for the following descriptions: currency name (CodeType = 6), ISO3 code (CodeType = 7), and ISO numeric code (CodeType = 8).",36
qa_database_schema_ibes_estimates_version_2_v1_8_6_2025_05_29,QA Database Schema - IBES Estimates Version 2 - v1.8.6 (2025-05-29).pdf,,This,TRECode,Code,cross_reference,"This field cross-references with the Code field in the TRECode table for the following descriptions: currency name (CodeType = 6), ISO3 code (CodeType = 7), and ISO numeric code (CodeType = 8).",37
qa_database_schema_ibes_estimates_version_2_v1_8_6_2025_05_29,QA Database Schema - IBES Estimates Version 2 - v1.8.6 (2025-05-29).pdf,,This,TRECode,Code,cross_reference,"This field cross-references with the Code field in the TRECode table for the following descriptions: measure code (CodeType = 4), measure name (CodeType = 5).",38
qa_database_schema_ibes_estimates_version_2_v1_8_6_2025_05_29,QA Database Schema - IBES Estimates Version 2 - v1.8.6 (2025-05-29).pdf,,This,TRECode,Code,cross_reference,This field cross-references with the Code field in the TRECode table for the following description: CodeType=2.,38
qa_database_schema_ibes_estimates_version_2_v1_8_6_2025_05_29,QA Database Schema - IBES Estimates Version 2 - v1.8.6 (2025-05-29).pdf,,This,TRECode,Code,cross_reference,"This field cross-references with the Code field in the TRECode table for the following descriptions: measure code (CodeType = 4), measure name (CodeType = 5).",39
qa_database_schema_ibes_estimates_version_2_v1_8_6_2025_05_29,QA Database Schema - IBES Estimates Version 2 - v1.8.6 (2025-05-29).pdf,,This,TRECode,Code,cross_reference,This field cross-references with the Code field in the TRECode table for the following description: CodeType=2.,39
qa_database_schema_ibes_estimates_version_2_v1_8_6_2025_05_29,QA Database Schema - IBES Estimates Version 2 - v1.8.6 (2025-05-29).pdf,,This,TRECode,Code,cross_reference,"This field cross-references with the Code field in the TRECode table for the following descriptions: measure code (CodeType = 4), measure name (CodeType = 5).",40
qa_database_schema_ibes_estimates_version_2_v1_8_6_2025_05_29,QA Database Schema - IBES Estimates Version 2 - v1.8.6 (2025-05-29).pdf,,This,TRECode,Code,cross_reference,This field cross-references with the Code field in the TRECode table for the following description: CodeType=2.,40
qa_database_schema_ibes_estimates_version_2_v1_8_6_2025_05_29,QA Database Schema - IBES Estimates Version 2 - v1.8.6 (2025-05-29).pdf,TRERecDet,DomainAction,mean,,cross_reference,"DomainAction tinyint No Domain actions represent the state of the content item, triggered by real-world events (open, confirm, exclude from mean, etc.) This field cross-references with TRECode where CodeType=13.",41
qa_database_schema_ibes_estimates_version_2_v1_8_6_2025_05_29,QA Database Schema - IBES Estimates Version 2 - v1.8.6 (2025-05-29).pdf,TRERecDetConf,DomainAction,mean,,cross_reference,"DomainAction tinyint No Domain actions represent the state of the content item, triggered by real-world events (open, confirm, exclude from mean, etc.) This field cross-references with TRECode where CodeType=13.",43
qa_database_schema_ibes_estimates_version_2_v1_8_6_2025_05_29,QA Database Schema - IBES Estimates Version 2 - v1.8.6 (2025-05-29).pdf,,This,TRECode,Code,cross_reference,"This field cross-references with the Code field in the TRECode table for the following descriptions: measure code (CodeType = 4), measure name (CodeType = 5).",47
qa_database_schema_ibes_estimates_version_2_v1_8_6_2025_05_29,QA Database Schema - IBES Estimates Version 2 - v1.8.6 (2025-05-29).pdf,,This,TRECode,Code,cross_reference,This field cross-references with the Code field in the TRECode table for the following description: CodeType=2.,47
qa_database_schema_ibes_estimates_version_2_v1_8_6_2025_05_29,QA Database Schema - IBES Estimates Version 2 - v1.8.6 (2025-05-29).pdf,,This,TRECode,Code,cross_reference,"This field cross-references with the Code field in the TRECode table for the following descriptions: measure code (CodeType = 4), measure name (CodeType = 5).",48
qa_database_schema_ibes_estimates_version_2_v1_8_6_2025_05_29,QA Database Schema - IBES Estimates Version 2 - v1.8.6 (2025-05-29).pdf,,This,TRECode,Code,cross_reference,This field cross-references with the Code field in the TRECode table for the following description: CodeType=2.,48
qa_database_schema_ibes_estimates_version_2_v1_8_6_2025_05_29,QA Database Schema - IBES Estimates Version 2 - v1.8.6 (2025-05-29).pdf,,This,TRECode,Code,cross_reference,"This field cross-references with the Code field in the TRECode table for the following descriptions: measure code (CodeType = 4), measure name (CodeType = 5).",49
qa_database_schema_ibes_estimates_version_2_v1_8_6_2025_05_29,QA Database Schema - IBES Estimates Version 2 - v1.8.6 (2025-05-29).pdf,,This,TRECode,Code,cross_reference,This field cross-references with the Code field in the TRECode table for the following description: CodeType=2.,49
qa_database_schema_ibes_estimates_version_2_v1_8_6_2025_05_29,QA Database Schema - IBES Estimates Version 2 - v1.8.6 (2025-05-29).pdf,,This,TRECode,Code,cross_reference,"This field cross-references with the Code field in the TRECode table for the following descriptions: measure code (CodeType = 4), measure name (CodeType = 5).",51
qa_database_schema_ibes_estimates_version_2_v1_8_6_2025_05_29,QA Database Schema - IBES Estimates Version 2 - v1.8.6 (2025-05-29).pdf,,This,TRECode,Code,cross_reference,This field cross-references with the Code field in the TRECode table for the following description: CodeType=2.,52
qa_database_schema_ibes_estimates_version_2_v1_8_6_2025_05_29,QA Database Schema - IBES Estimates Version 2 - v1.8.6 (2025-05-29).pdf,TREOrgNotesPer,OrgNoteCategory,TRECode,Code,cross_reference,OrgNoteCategory char(2) No The company footnote category is represented by 2 characters: MS – Miscellaneous RP – Restated NE - Non-extraordinary Excluded NI - Non-extraordinary Included GF – Go-Forward GE – Go-Forward Non Extraordinary Excluded GI – Go-Forward Non Extraordinary Included This field cross-references with the Code field in the TRECode table for the following description: CodeType=17.,52
qa_database_schema_ibes_estimates_version_2_v1_8_6_2025_05_29,QA Database Schema - IBES Estimates Version 2 - v1.8.6 (2025-05-29).pdf,,This,TRECode,Code,cross_reference,"This field cross-references with the Code field in the TRECode table for the following descriptions: currency name (CodeType = 6), ISO3 code (CodeType = 7), and ISO numeric code (CodeType = 8).",52
qa_database_schema_ibes_estimates_version_2_v1_8_6_2025_05_29,QA Database Schema - IBES Estimates Version 2 - v1.8.6 (2025-05-29).pdf,,This,TRECode,Code,cross_reference,"This field cross-references with the Code field in the TRECode table for the following descriptions: currency name (CodeType = 6), ISO3 code (CodeType = 7), and ISO numeric code (CodeType = 8).",53
qa_database_schema_ibes_estimates_version_2_v1_8_6_2025_05_29,QA Database Schema - IBES Estimates Version 2 - v1.8.6 (2025-05-29).pdf,,This,TRECode,Code,cross_reference,"This field cross-references with the Code field in the TRECode table for the following descriptions: currency name (CodeType = 6), ISO3 code (CodeType = 7), and ISO numeric code (CodeType = 8).",53
qa_database_schema_ibes_estimates_version_2_v1_8_6_2025_05_29,QA Database Schema - IBES Estimates Version 2 - v1.8.6 (2025-05-29).pdf,,This,TRECode,Code,cross_reference,"This field cross-references with the Code field in the TRECode table for the following descriptions: measure code (CodeType = 4), measure name (CodeType = 5).",53
qa_database_schema_ibes_estimates_version_2_v1_8_6_2025_05_29,QA Database Schema - IBES Estimates Version 2 - v1.8.6 (2025-05-29).pdf,,This,TRECode,Code,cross_reference,This field cross-references with the Code field in the TRECode table for the following description: CodeType=2.,53
qa_database_schema_ibes_estimates_version_2_v1_8_6_2025_05_29,QA Database Schema - IBES Estimates Version 2 - v1.8.6 (2025-05-29).pdf,,This,TRECode,Code,cross_reference,"This field cross-references with the Code field in the TRECode table for the following descriptions: currency name (CodeType = 6), ISO3 code (CodeType = 7), and ISO numeric code (CodeType = 8).",54
qa_database_schema_ibes_estimates_version_2_v1_8_6_2025_05_29,QA Database Schema - IBES Estimates Version 2 - v1.8.6 (2025-05-29).pdf,,This,TRECode,Code,cross_reference,"This field cross-references with the Code field in the TRECode table for the following descriptions: currency name (CodeType = 6), ISO3 code (CodeType = 7), and ISO numeric code (CodeType = 8).",54
qa_database_schema_ibes_estimates_version_2_v1_8_6_2025_05_29,QA Database Schema - IBES Estimates Version 2 - v1.8.6 (2025-05-29).pdf,,This,TRECode,Code,cross_reference,"This field cross-references with the Code field in the TRECode table for the following descriptions: currency name (CodeType = 6), ISO3 code (CodeType = 7), and ISO numeric code (CodeType = 8).",55
qa_database_schema_ibes_estimates_version_2_v1_8_6_2025_05_29,QA Database Schema - IBES Estimates Version 2 - v1.8.6 (2025-05-29).pdf,,This,TRECode,Code,cross_reference,"This field cross-references with the Code field in the TRECode table for the following descriptions: measure code (CodeType = 4), measure name (CodeType = 5).",55
qa_database_schema_ibes_estimates_version_2_v1_8_6_2025_05_29,QA Database Schema - IBES Estimates Version 2 - v1.8.6 (2025-05-29).pdf,,This,TRECode,Code,cross_reference,This field cross-references with the Code field in the TRECode table for the following description: CodeType=2.,55
qa_database_schema_ibes_estimates_version_2_v1_8_6_2025_05_29,QA Database Schema - IBES Estimates Version 2 - v1.8.6 (2025-05-29).pdf,,This,TRECode,Code,cross_reference,"This field cross-references with the Code field in the TRECode table for the following descriptions: currency name (CodeType = 6), ISO3 code (CodeType = 7), and ISO numeric code (CodeType = 8).",56
qa_database_schema_ibes_estimates_version_2_v1_8_6_2025_05_29,QA Database Schema - IBES Estimates Version 2 - v1.8.6 (2025-05-29).pdf,,This,TRECode,Code,cross_reference,"This field cross-references with the Code field in the TRECode table for the following descriptions: currency name (CodeType = 6), ISO3 code (CodeType = 7), and ISO numeric code (CodeType = 8).",56
qa_database_schema_ibes_estimates_version_2_v1_8_6_2025_05_29,QA Database Schema - IBES Estimates Version 2 - v1.8.6 (2025-05-29).pdf,,This,TRECode,Code,cross_reference,"This field cross-references with the Code field in the TRECode table for the following descriptions: currency name (CodeType = 6), ISO3 code (CodeType = 7), and ISO numeric code (CodeType = 8).",56
qa_database_schema_ibes_estimates_version_2_v1_8_6_2025_05_29,QA Database Schema - IBES Estimates Version 2 - v1.8.6 (2025-05-29).pdf,,This,TRECode,Code,cross_reference,This field cross-references with the Code field in the TRECode table for the following description: CodeType=2.,57
qa_database_schema_ibes_estimates_version_2_v1_8_6_2025_05_29,QA Database Schema - IBES Estimates Version 2 - v1.8.6 (2025-05-29).pdf,,This,TRECode,Code,cross_reference,This field cross-references with the Code field in the TRECode table for the following description: CodeType=2.,60
qa_database_schema_ibes_estimates_version_2_v1_8_6_2025_05_29,QA Database Schema - IBES Estimates Version 2 - v1.8.6 (2025-05-29).pdf,,This,TRECode,Code,cross_reference,This field cross-references with the Code field in the TRECode table for the following description: CodeType=2.,61
qa_database_schema_ibes_estimates_version_2_v1_8_6_2025_05_29,QA Database Schema - IBES Estimates Version 2 - v1.8.6 (2025-05-29).pdf,,This,TRECode,,cross_reference,"This field cross-references with TRECode for the following descriptions: measure code (CodeType = 4), measure name (CodeType = 5).",70
qa_database_schema_ibes_estimates_version_2_v1_8_6_2025_05_29,QA Database Schema - IBES Estimates Version 2 - v1.8.6 (2025-05-29).pdf,,This,TRECode,Code,cross_reference,This field cross-references with the Code field in the TRECode table for the following description: CodeType=2.,70
qa_database_schema_ibes_estimates_version_2_v1_8_6_2025_05_29,QA Database Schema - IBES Estimates Version 2 - v1.8.6 (2025-05-29).pdf,,This,TRECode,Code,cross_reference,"This field cross-references with the Code field in the TRECode table for the following descriptions: currency name (CodeType = 6), ISO3 code (CodeType = 7), and ISO numeric code (CodeType = 8).",70
qa_database_schema_ibes_estimates_version_2_v1_8_6_2025_05_29,QA Database Schema - IBES Estimates Version 2 - v1.8.6 (2025-05-29).pdf,,This,TRECode,Code,cross_reference,"This field cross-references with the Code field in the TRECode table for the following descriptions: currency name (CodeType = 6), ISO3 code (CodeType = 7), and ISO numeric code (CodeType = 8).",71
qa_database_schema_ibes_estimates_version_2_v1_8_6_2025_05_29,QA Database Schema - IBES Estimates Version 2 - v1.8.6 (2025-05-29).pdf,,This,TRECode,Code,cross_reference,"This field cross-references with the Code field in the TRECode table for the following descriptions: currency name (CodeType = 6), ISO3 code (CodeType = 7), and ISO numeric code (CodeType = 8).",71
qa_database_schema_ibes_estimates_version_2_v1_8_6_2025_05_29,QA Database Schema - IBES Estimates Version 2 - v1.8.6 (2025-05-29).pdf,,This,TRECode,,cross_reference,"This field cross-references with TRECode for the following descriptions: measure code (CodeType = 4), measure name (CodeType = 5).",71
qa_database_schema_ibes_estimates_version_2_v1_8_6_2025_05_29,QA Database Schema - IBES Estimates Version 2 - v1.8.6 (2025-05-29).pdf,,This,TRECode,Code,cross_reference,This field cross-references with the Code field in the TRECode table for the following description: CodeType=2.,72
qa_database_schema_ibes_estimates_version_2_v1_8_6_2025_05_29,QA Database Schema - IBES Estimates Version 2 - v1.8.6 (2025-05-29).pdf,,This,TRECode,Code,cross_reference,"This field cross-references with the Code field in the TRECode table for the following descriptions: currency name (CodeType = 6), ISO3 code (CodeType = 7), and ISO numeric code (CodeType = 8).",72
qa_database_schema_ibes_estimates_version_2_v1_8_6_2025_05_29,QA Database Schema - IBES Estimates Version 2 - v1.8.6 (2025-05-29).pdf,,This,TRECode,Code,cross_reference,"This field cross-references with the Code field in the TRECode table for the following descriptions: currency name (CodeType = 6), ISO3 code (CodeType = 7), and ISO numeric code (CodeType = 8).",72
qa_database_schema_ibes_estimates_version_2_v1_8_6_2025_05_29,QA Database Schema - IBES Estimates Version 2 - v1.8.6 (2025-05-29).pdf,,This,TRECode,,cross_reference,"This field cross-references with TRECode for the following descriptions: measure code (CodeType = 4), measure name (CodeType = 5).",73
qa_database_schema_ibes_estimates_version_2_v1_8_6_2025_05_29,QA Database Schema - IBES Estimates Version 2 - v1.8.6 (2025-05-29).pdf,,This,TRECode,Code,cross_reference,This field cross-references with the Code field in the TRECode table for the following description: CodeType=2.,73
qa_database_schema_ibes_estimates_version_2_v1_8_6_2025_05_29,QA Database Schema - IBES Estimates Version 2 - v1.8.6 (2025-05-29).pdf,,This,TRECode,Code,cross_reference,This field cross-references with the Code field in the TRECode table for the following description: CodeType=2.,74
qa_database_schema_ibes_estimates_version_2_v1_8_6_2025_05_29,QA Database Schema - IBES Estimates Version 2 - v1.8.6 (2025-05-29).pdf,,This,TRECode,Code,cross_reference,"This field cross-references with the Code field in the TRECode table for the following descriptions: currency name (CodeType = 6), ISO3 code (CodeType = 7), and ISO numeric code (CodeType = 8).",75
qa_database_schema_ibes_estimates_version_2_v1_8_6_2025_05_29,QA Database Schema - IBES Estimates Version 2 - v1.8.6 (2025-05-29).pdf,,This,TRECode,Code,cross_reference,"This field cross-references with the Code field in the TRECode table for the following descriptions: currency name (CodeType = 6), ISO3 code (CodeType = 7), and ISO numeric code (CodeType = 8).",75
qa_database_schema_ibes_estimates_version_2_v1_8_6_2025_05_29,QA Database Schema - IBES Estimates Version 2 - v1.8.6 (2025-05-29).pdf,,This,TRECode,Code,cross_reference,"This field cross-references with the Code field in the TRECode table for the following descriptions: currency name (CodeType = 6), ISO3 code (CodeType = 7), and ISO numeric code (CodeType = 8).",75
qa_database_schema_ibes_estimates_version_2_v1_8_6_2025_05_29,QA Database Schema - IBES Estimates Version 2 - v1.8.6 (2025-05-29).pdf,,This,TRECode,Code,cross_reference,This field cross-references with the Code field in the TRECode table for the following description: CodeType=2.,76
qa_database_schema_ibes_estimates_version_2_v1_8_6_2025_05_29,QA Database Schema - IBES Estimates Version 2 - v1.8.6 (2025-05-29).pdf,,This,TRECode,Code,cross_reference,"This field cross-references with the Code field in the TRECode table for the following descriptions: measure code (CodeType = 4), measure name (CodeType = 5).",77
qa_database_schema_ibes_estimates_version_2_v1_8_6_2025_05_29,QA Database Schema - IBES Estimates Version 2 - v1.8.6 (2025-05-29).pdf,,This,TRECode,Code,cross_reference,This field cross-references with the Code field in the TRECode table for the following description: CodeType=2.,77
qa_database_schema_ibes_estimates_version_2_v1_8_6_2025_05_29,QA Database Schema - IBES Estimates Version 2 - v1.8.6 (2025-05-29).pdf,,This,TRECode,Code,cross_reference,"This field cross-references with the Code field in the TRECode table for the following descriptions: currency name (CodeType = 6), ISO3 code (CodeType = 7), and ISO numeric code (CodeType = 8).",78
qa_database_schema_ibes_estimates_version_2_v1_8_6_2025_05_29,QA Database Schema - IBES Estimates Version 2 - v1.8.6 (2025-05-29).pdf,,This,TRECode,Code,cross_reference,"This field cross-references with the Code field in the TRECode table for the following descriptions: currency name (CodeType = 6), ISO3 code (CodeType = 7), and ISO numeric code (CodeType = 8).",78
qa_database_schema_ibes_estimates_version_2_v1_8_6_2025_05_29,QA Database Schema - IBES Estimates Version 2 - v1.8.6 (2025-05-29).pdf,,This,TRECode,,cross_reference,"This field cross-references with TRECode for the following descriptions: currency name (CodeType = 6), ISO3 code (CodeType = 7), and ISO numeric code (CodeType = 8).",82
qa_database_schema_ibes_estimates_version_2_v1_8_6_2025_05_29,QA Database Schema - IBES Estimates Version 2 - v1.8.6 (2025-05-29).pdf,,This,TRECode,,cross_reference,"This field cross-references with TRECode for the following descriptions: currency name (CodeType = 6), ISO3 code (CodeType = 7), and ISO numeric code (CodeType = 8).",82
qa_database_schema_ibes_estimates_version_2_v1_8_6_2025_05_29,QA Database Schema - IBES Estimates Version 2 - v1.8.6 (2025-05-29).pdf,,This,TRECode,,cross_reference,"This field cross-references with TRECode for the following descriptions: currency name (CodeType = 6), ISO3 code (CodeType = 7), and ISO numeric code (CodeType = 8).",82
qa_database_schema_ibes_estimates_version_2_v1_8_6_2025_05_29,QA Database Schema - IBES Estimates Version 2 - v1.8.6 (2025-05-29).pdf,,This,TRECode,Code,cross_reference,"This field cross-references with the Code field in the TRECode table for the following descriptions: country name (CodeType = 9), country ISO code (CodeType = 10), and country ISO numeric (CodeType = 11).",83
qa_database_schema_ibes_estimates_version_2_v1_8_6_2025_05_29,QA Database Schema - IBES Estimates Version 2 - v1.8.6 (2025-05-29).pdf,,This,TRECode,Code,cross_reference,This field cross-references with the Code field in the TRECode table for the following description: CodeType=2.,83
qa_database_schema_ibes_estimates_version_2_v1_8_6_2025_05_29,QA Database Schema - IBES Estimates Version 2 - v1.8.6 (2025-05-29).pdf,,This,TRECode,Code,cross_reference,This field cross-references with the Code field in the TRECode table for the following description: CodeType=2.,84
qa_database_schema_ibes_estimates_version_2_v1_8_6_2025_05_29,QA Database Schema - IBES Estimates Version 2 - v1.8.6 (2025-05-29).pdf,,This,TRECode,Code,cross_reference,This field cross-references with the Code field in the TRECode table for the following description: CodeType=2.,85
qa_database_schema_ibes_estimates_version_2_v1_8_6_2025_05_29,QA Database Schema - IBES Estimates Version 2 - v1.8.6 (2025-05-29).pdf,,This,TRECode,Code,cross_reference,This field cross-references with the Code field in the TRECode table for the following description: CodeType=2.,88
qa_database_schema_ibes_estimates_version_2_v1_8_6_2025_05_29,QA Database Schema - IBES Estimates Version 2 - v1.8.6 (2025-05-29).pdf,,This,TRECode,Code,cross_reference,This field cross-references with the Code field in the TRECode table for the following description: CodeType=32.,88
qa_database_schema_ibes_estimates_version_2_v1_8_6_2025_05_29,QA Database Schema - IBES Estimates Version 2 - v1.8.6 (2025-05-29).pdf,,This,TRECode,Code,cross_reference,This field cross-references with the Code field in the TRECode table for the following description: CodeType=37.,88
qa_database_schema_ibes_estimates_version_2_v1_8_6_2025_05_29,QA Database Schema - IBES Estimates Version 2 - v1.8.6 (2025-05-29).pdf,,This,TRECode,Code,cross_reference,This field cross-references with the Code field in the TRECode table for the following description: CodeType=33.,88
qa_database_schema_ibes_estimates_version_2_v1_8_6_2025_05_29,QA Database Schema - IBES Estimates Version 2 - v1.8.6 (2025-05-29).pdf,,This,TRECode,Code,cross_reference,This field cross-references with the Code field in the TRECode table for the following description: CodeType=35.,89
qa_database_schema_ibes_estimates_version_2_v1_8_6_2025_05_29,QA Database Schema - IBES Estimates Version 2 - v1.8.6 (2025-05-29).pdf,,This,TRECode,Code,cross_reference,This field cross-references with the Code field in the TRECode table for the following description: CodeType=38.,89
qa_database_schema_ibes_estimates_version_2_v1_8_6_2025_05_29,QA Database Schema - IBES Estimates Version 2 - v1.8.6 (2025-05-29).pdf,,This,TRECode,Code,cross_reference,"This field cross-references with the Code field in the TRECode table for the following descriptions: currency name (CodeType = 6), ISO3 code (CodeType = 7), and ISO numeric code (CodeType = 8).",89
qa_database_schema_ibes_estimates_version_2_v1_8_6_2025_05_29,QA Database Schema - IBES Estimates Version 2 - v1.8.6 (2025-05-29).pdf,,This,TRECode,Code,cross_reference,This field cross-references with the Code field in the TRECode table for the following description: CodeType=2.,89
qa_database_schema_ibes_estimates_version_2_v1_8_6_2025_05_29,QA Database Schema - IBES Estimates Version 2 - v1.8.6 (2025-05-29).pdf,,This,TRECode,Code,cross_reference,This field cross-references with the Code field in the TRECode table for the following description: CodeType=32.,90
qa_database_schema_ibes_estimates_version_2_v1_8_6_2025_05_29,QA Database Schema - IBES Estimates Version 2 - v1.8.6 (2025-05-29).pdf,,This,TRECode,Code,cross_reference,This field cross-references with the Code field in the TRECode table for the following description: CodeType=37.,90
qa_database_schema_ibes_estimates_version_2_v1_8_6_2025_05_29,QA Database Schema - IBES Estimates Version 2 - v1.8.6 (2025-05-29).pdf,,This,TRECode,Code,cross_reference,This field cross-references with the Code field in the TRECode table for the following description: CodeType=2.,91
qa_database_schema_ibes_estimates_version_2_v1_8_6_2025_05_29,QA Database Schema - IBES Estimates Version 2 - v1.8.6 (2025-05-29).pdf,,This,TRECode,Code,cross_reference,This field cross-references with the Code field in the TRECode table for the following description: CodeType=36.,91
qa_database_schema_ibes_estimates_version_2_v1_8_6_2025_05_29,QA Database Schema - IBES Estimates Version 2 - v1.8.6 (2025-05-29).pdf,,This,TRECode,Code,cross_reference,This field cross-references with the Code field in the TRECode table for the following description: CodeType=38.,92
qa_database_schema_ibes_estimates_version_2_v1_8_6_2025_05_29,QA Database Schema - IBES Estimates Version 2 - v1.8.6 (2025-05-29).pdf,,This,TRECode,Code,cross_reference,This field cross-references with the Code field in the TRECode table for the following description: CodeType=37.,92
qa_database_schema_ibes_estimates_version_2_v1_8_6_2025_05_29,QA Database Schema - IBES Estimates Version 2 - v1.8.6 (2025-05-29).pdf,,This,TRECode,Code,cross_reference,"This field cross-references with the Code field in the TRECode table for the following descriptions: currency name (CodeType = 6), ISO3 code (CodeType = 7), and ISO numeric code (CodeType = 8).",92
qa_database_schema_ibes_estimates_version_2_v1_8_6_2025_05_29,QA Database Schema - IBES Estimates Version 2 - v1.8.6 (2025-05-29).pdf,,This,TRECode,Code,cross_reference,This field cross-references with the Code field in the TRECode table for the following description: CodeType=2.,93
qa_database_schema_ibes_estimates_version_2_v1_8_6_2025_05_29,QA Database Schema - IBES Estimates Version 2 - v1.8.6 (2025-05-29).pdf,,,vw_SecurityMasterX,,join_hint,"Example Use Case: --This query returns the surprises made by the Annual EPS actuals values for Microsoft. select aa.id, aa.name, cc.* from vw_SecurityMasterX aa join vw_IBES2Mapping bb on bb.SecCode = aa.seccode and bb.Typ = aa.typ join vw_IBES2ActSurpr cc on cc.EstPermID = bb.EstPermID and cc.Measure = 9 --EPS and cc.PerType = 4 where aa.id = 'MSFT' order by cc.PerEndDate vw_IBES2Actuals This view retrieves the the reported, restated, and go-forward actuals for a company.",94
qa_database_schema_ibes_estimates_version_2_v1_8_6_2025_05_29,QA Database Schema - IBES Estimates Version 2 - v1.8.6 (2025-05-29).pdf,,This,TRECode,Code,cross_reference,This field cross-references with the Code field in the TRECode table for the following description: CodeType=2.,95
qa_database_schema_ibes_estimates_version_2_v1_8_6_2025_05_29,QA Database Schema - IBES Estimates Version 2 - v1.8.6 (2025-05-29).pdf,,,vw_SecurityMasterX,,join_hint,"Example Use Case: --This query returns the Annual EPS actuals values for Microsoft. select aa.id, aa.name, cc.* from vw_SecurityMasterX aa join vw_IBES2Mapping bb on bb.SecCode = aa.seccode and bb.Typ = aa.typ join vw_IBES2Actuals cc on cc.EstPermID = bb.EstPermID and cc.Measure = 9 --EPS and cc.PerType = 4 where aa.id = 'MSFT' order by cc.PerEndDate",96
qa_database_schema_ibes_estimates_version_2_v1_8_6_2025_05_29,QA Database Schema - IBES Estimates Version 2 - v1.8.6 (2025-05-29).pdf,,This,TRECode,Code,cross_reference,This field cross-references with the Code field in the TRECode table for the following description: CodeType=2.,97
qa_database_schema_ibes_estimates_version_2_v1_8_6_2025_05_29,QA Database Schema - IBES Estimates Version 2 - v1.8.6 (2025-05-29).pdf,vw_IBES2DetAper,DomainAction,mean,,cross_reference,"DomainAction tinyint N Domain actions represent the state of the content item, triggered by real-world events (open, confirm, exclude from mean, etc.) This field cross-references with TRECode where CodeType=13.",97
qa_database_schema_ibes_estimates_version_2_v1_8_6_2025_05_29,QA Database Schema - IBES Estimates Version 2 - v1.8.6 (2025-05-29).pdf,,,vw_SecurityMasterX,,join_hint,"Example Use Case: --This query returns the detail estimates made by William Blair & Company for Microsoft long term growth. select aa.id, aa.name, cc.* from vw_SecurityMasterX aa join vw_IBES2Mapping bb on bb.SecCode = aa.seccode and bb.Typ = aa.typ join vw_IBES2DetAper cc on cc.EstPermID = bb.EstPermID and cc.Measure = 35 --Long Term Growth and cc.BrokerName = 'William Blair & Company' where aa.id = 'MSFT' order by cc.EffectiveDate, cc.ExpireDate, cc.ExpireOffset",99
qa_database_schema_ibes_estimates_version_2_v1_8_6_2025_05_29,QA Database Schema - IBES Estimates Version 2 - v1.8.6 (2025-05-29).pdf,,This,TRECode,,cross_reference,"This field cross-references with TRECode for the following descriptions: measure code (CodeType = 4), measure name (CodeType = 5).",100
qa_database_schema_ibes_estimates_version_2_v1_8_6_2025_05_29,QA Database Schema - IBES Estimates Version 2 - v1.8.6 (2025-05-29).pdf,,This,TRECode,Code,cross_reference,This field cross-references with the Code field in the TRECode table for the following description: CodeType=2.,100
qa_database_schema_ibes_estimates_version_2_v1_8_6_2025_05_29,QA Database Schema - IBES Estimates Version 2 - v1.8.6 (2025-05-29).pdf,,,vw_SecurityMasterX,,join_hint,"Example Use Case: --This query returns the detail estimates made by Deutsche Bank Equity Research for Microsoft 12 month price target. select aa.id, aa.name, cc.* from vw_SecurityMasterX aa join vw_IBES2Mapping bb on bb.SecCode = aa.seccode and bb.Typ = aa.typ join vw_IBES2DetHzn cc on cc.EstPermID = bb.EstPermID and cc.Measure = 31 --Price Target and cc.PerType = 2 and cc.PerLength = 12 and cc.BrokerName = 'Deutsche Bank Equity Research' where aa.id = 'MSFT' order by cc.EffectiveDate, cc.ExpireDate, cc.ExpireOffset",102
qa_database_schema_ibes_estimates_version_2_v1_8_6_2025_05_29,QA Database Schema - IBES Estimates Version 2 - v1.8.6 (2025-05-29).pdf,,This,TRECode,,cross_reference,"This field cross-references with TRECode for the following descriptions: measure code (CodeType = 4), measure name (CodeType = 5).",103
qa_database_schema_ibes_estimates_version_2_v1_8_6_2025_05_29,QA Database Schema - IBES Estimates Version 2 - v1.8.6 (2025-05-29).pdf,,This,TRECode,Code,cross_reference,This field cross-references with the Code field in the TRECode table for the following description: CodeType=2.,103
qa_database_schema_ibes_estimates_version_2_v1_8_6_2025_05_29,QA Database Schema - IBES Estimates Version 2 - v1.8.6 (2025-05-29).pdf,,,period,,join_hint,"Example Use Case: --This query returns the annual detail estimates made by Citi for Microsoft EPS with period end date 2018-06-30. select aa.id, aa.name, cc.* from vw_SecurityMasterX aa join vw_IBES2Mapping bb on bb.SecCode = aa.seccode and bb.Typ = aa.typ join vw_IBES2DetPer cc on cc.EstPermID = bb.EstPermID and cc.Measure = 9 --EPS and cc.PerType = 4 and cc.BrokerName = 'Citi' and cc.PerEndDate = '2018-06-30' where aa.id = 'MSFT' order by cc.EffectiveDate, cc.ExpireDate, cc.ExpireOffset",105
qa_database_schema_ibes_estimates_version_2_v1_8_6_2025_05_29,QA Database Schema - IBES Estimates Version 2 - v1.8.6 (2025-05-29).pdf,,This,TRECode,Code,cross_reference,This field cross-references with the Code field in the TRECode table for the following description: CodeType=2.,106
qa_database_schema_ibes_estimates_version_2_v1_8_6_2025_05_29,QA Database Schema - IBES Estimates Version 2 - v1.8.6 (2025-05-29).pdf,vw_IBES2DetPerSurpr,DomainAction,mean,,cross_reference,"DomainAction tinyint N Domain actions represent the state of the content item, triggered by real-world events (open, confirm, exclude from mean, etc.) This field cross-references with TRECode where CodeType=13.",106
qa_database_schema_ibes_estimates_version_2_v1_8_6_2025_05_29,QA Database Schema - IBES Estimates Version 2 - v1.8.6 (2025-05-29).pdf,,,vw_SecurityMasterX,,join_hint,"Example Use Case: --This query returns the surprises made by Microsoft annual EPS actuals values compared to the detail estimates made by Citi for period end date 2017-06-30. select aa.id, aa.name, cc.* from vw_SecurityMasterX aa join vw_IBES2Mapping bb on bb.SecCode = aa.seccode and bb.Typ = aa.typ join vw_IBES2DetPerSurpr cc",109
qa_database_schema_ibes_estimates_version_2_v1_8_6_2025_05_29,QA Database Schema - IBES Estimates Version 2 - v1.8.6 (2025-05-29).pdf,,This,TRECode,Code,cross_reference,"This field cross-references with the Code field in the TRECode table for the following descriptions: country name (CodeType = 9), country ISO code (CodeType = 10), and country ISO numeric (CodeType = 11).",110
qa_database_schema_ibes_estimates_version_2_v1_8_6_2025_05_29,QA Database Schema - IBES Estimates Version 2 - v1.8.6 (2025-05-29).pdf,,,vw_SecurityMasterX,,join_hint,Example Use Case: --This query returns the IBES V2 mapping for Microsoft. select * from vw_SecurityMasterX aa join vw_IBES2Mapping bb on bb.SecCode = aa.seccode and bb.Typ = aa.typ where aa.id = 'MSFT',110
qa_database_schema_ibes_estimates_version_2_v1_8_6_2025_05_29,QA Database Schema - IBES Estimates Version 2 - v1.8.6 (2025-05-29).pdf,vw_IBES2RecDet,DomainAction,mean,,cross_reference,"DomainAction tinyint N Domain actions represent the state of the content item, triggered by real-world events (open, confirm, exclude from mean, etc.) This field cross-references with TRECode where CodeType=13.",111
qa_database_schema_ibes_estimates_version_2_v1_8_6_2025_05_29,QA Database Schema - IBES Estimates Version 2 - v1.8.6 (2025-05-29).pdf,,,vw_SecurityMasterX,,join_hint,"Example Use Case: --This query returns the recommendations made by UBS Equities for Microsoft. select aa.id, aa.name, cc.* from vw_SecurityMasterX aa join vw_IBES2Mapping bb on bb.SecCode = aa.seccode and bb.Typ = aa.typ join vw_IBES2RecDet cc on cc.EstPermID = bb.EstPermID and cc.BrokerName = 'UBS Equities' where aa.id = 'MSFT' order by cc.EffectiveDate, cc.ExpireDate, cc.ExpireOffset",112
qa_database_schema_ibes_estimates_version_2_v1_8_6_2025_05_29,QA Database Schema - IBES Estimates Version 2 - v1.8.6 (2025-05-29).pdf,,,vw_SecurityMasterX,,join_hint,"Database Schema for I/B/E/S Estimates Version2 114 CORPORATE Example Use Case: --This query returns the summary recommendations for Microsoft. select aa.id, aa.name, cc.* from vw_SecurityMasterX aa join vw_IBES2Mapping bb on bb.SecCode = aa.seccode and bb.Typ = aa.typ join vw_IBES2RecSum cc on cc.EstPermID = bb.EstPermID and cc.EffectiveDate >= '2014-01-01' where aa.id = 'MSFT' order by cc.EffectiveDate, cc.ExpireDate, cc.ExpireOffset vw_IBES2SumAper This view retrieves the data for the summary estimates of aperiodic periods (e.g.",114
qa_database_schema_ibes_estimates_version_2_v1_8_6_2025_05_29,QA Database Schema - IBES Estimates Version 2 - v1.8.6 (2025-05-29).pdf,,This,TRECode,Code,cross_reference,This field cross-references with the Code field in the TRECode table for the following description: CodeType=2.,114
qa_database_schema_ibes_estimates_version_2_v1_8_6_2025_05_29,QA Database Schema - IBES Estimates Version 2 - v1.8.6 (2025-05-29).pdf,,This,TRECode,Code,cross_reference,"This field cross-references with the Code field in the TRECode table for the following descriptions: currency name (CodeType = 6), ISO3 code (CodeType = 7), and ISO numeric code (CodeType = 8).",115
qa_database_schema_ibes_estimates_version_2_v1_8_6_2025_05_29,QA Database Schema - IBES Estimates Version 2 - v1.8.6 (2025-05-29).pdf,,,vw_SecurityMasterX,,join_hint,"Example Use Case: --This query returns the summary estimates for Microsoft long term growth. select aa.id, aa.name, cc.* from vw_SecurityMasterX aa join vw_IBES2Mapping bb on bb.SecCode = aa.seccode and bb.Typ = aa.typ join vw_IBES2SumAper cc on cc.EstPermID = bb.EstPermID and cc.Measure = 35 --Long Term Growth where aa.id = 'MSFT' order by cc.EffectiveDate, cc.ExpireDate, cc.ExpireOffset vw_IBES2SumHzn This view retrieves the data for the summary estimates made for all horizon periods (e.g.",116
qa_database_schema_ibes_estimates_version_2_v1_8_6_2025_05_29,QA Database Schema - IBES Estimates Version 2 - v1.8.6 (2025-05-29).pdf,,This,TRECode,Code,cross_reference,This field cross-references with the Code field in the TRECode table for the following description: CodeType=2.,117
qa_database_schema_ibes_estimates_version_2_v1_8_6_2025_05_29,QA Database Schema - IBES Estimates Version 2 - v1.8.6 (2025-05-29).pdf,,This,TRECode,Code,cross_reference,"This field cross-references with the Code field in the TRECode table for the following descriptions: currency name (CodeType = 6), ISO3 code (CodeType = 7), and ISO numeric code (CodeType = 8).",118
qa_database_schema_ibes_estimates_version_2_v1_8_6_2025_05_29,QA Database Schema - IBES Estimates Version 2 - v1.8.6 (2025-05-29).pdf,,,vw_IBES2Mapping,,join_hint,"Database Schema for I/B/E/S Estimates Version2 119 CORPORATE join vw_IBES2Mapping bb on bb.SecCode = aa.seccode and bb.Typ = aa.typ join vw_IBES2SumHzn cc on cc.EstPermID = bb.EstPermID and cc.Measure = 31 --Price target and cc.PerType = 2 and cc.PerLength = 12 and cc.EffectiveDate >= '2017-01-01' where aa.id = 'MSFT' order by cc.EffectiveDate, cc.ExpireDate, cc.ExpireOffset vw_IBES2SumPer This view retrieves the data for the summary periodic estimates.",119
qa_database_schema_ibes_estimates_version_2_v1_8_6_2025_05_29,QA Database Schema - IBES Estimates Version 2 - v1.8.6 (2025-05-29).pdf,,This,TRECode,Code,cross_reference,This field cross-references with the Code field in the TRECode table for the following description: CodeType=2.,119
qa_database_schema_ibes_estimates_version_2_v1_8_6_2025_05_29,QA Database Schema - IBES Estimates Version 2 - v1.8.6 (2025-05-29).pdf,,This,TRECode,Code,cross_reference,"This field cross-references with the Code field in the TRECode table for the following descriptions: currency name (CodeType = 6), ISO3 code (CodeType = 7), and ISO numeric code (CodeType = 8).",121
qa_database_schema_ibes_estimates_version_2_v1_8_6_2025_05_29,QA Database Schema - IBES Estimates Version 2 - v1.8.6 (2025-05-29).pdf,,,vw_SecurityMasterX,,join_hint,"Example Use Case: --This query returns the summary estimates for Microsoft 2017-06-30 annual EPS. select aa.id, aa.name, cc.* from vw_SecurityMasterX aa join vw_IBES2Mapping bb on bb.SecCode = aa.seccode and bb.Typ = aa.typ join vw_IBES2SumPer cc on cc.EstPermID = bb.EstPermID and cc.Measure = 9 --EPS and cc.PerType = 4 and cc.PerEndDate = '2017-06-30' where aa.id = 'MSFT' order by cc.EffectiveDate, cc.ExpireDate, cc.ExpireOff",121
qa_database_schema_ibes_pit_2025_07_17,QA Database Schema - IBES PIT (2025-07-17).pdf,,Cross,,,cross_reference,Cross-reference IBESPITCode where CodeType = 2.,6
qa_database_schema_ibes_pit_2025_07_17,QA Database Schema - IBES PIT (2025-07-17).pdf,,Cross,,,cross_reference,Cross-reference IBESPITCode where CodeType = 1.,6
qa_database_schema_ibes_pit_2025_07_17,QA Database Schema - IBES PIT (2025-07-17).pdf,,Cross,,,cross_reference,Cross-reference IBESPITDesc where CodeType = 9.,8
qa_database_schema_ibes_pit_2025_07_17,QA Database Schema - IBES PIT (2025-07-17).pdf,,Cross,,,cross_reference,Cross-reference IBESPITCode where CodeType = 2.,8
qa_database_schema_ibes_pit_2025_07_17,QA Database Schema - IBES PIT (2025-07-17).pdf,,Cross,,,cross_reference,Cross-reference IBESPITCode where CodeType = 1.,8
qa_database_schema_ibes_pit_2025_07_17,QA Database Schema - IBES PIT (2025-07-17).pdf,,Cross,,,cross_reference,Cross-reference IBESPITCode where CodeType = 7.,9
qa_database_schema_ibes_pit_2025_07_17,QA Database Schema - IBES PIT (2025-07-17).pdf,,Cross,,,cross_reference,Cross-reference IBESPITDesc where CodeType = 5.,9
qa_database_schema_ibes_pit_2025_07_17,QA Database Schema - IBES PIT (2025-07-17).pdf,,Cross,,,cross_reference,Cross-reference IBESPITCode where CodeType = 6.,9
qa_database_schema_ibes_pit_2025_07_17,QA Database Schema - IBES PIT (2025-07-17).pdf,,Cross,,,cross_reference,Cross-reference IBESPITDesc where CodeType = 5.,10
qa_database_schema_ibes_pit_2025_07_17,QA Database Schema - IBES PIT (2025-07-17).pdf,,Cross,,,cross_reference,Cross-reference IBESPITCode where CodeType = 6.,10
qa_database_schema_ibes_pit_2025_07_17,QA Database Schema - IBES PIT (2025-07-17).pdf,,Cross,,,cross_reference,Cross-reference IBESPITDesc where CodeType = 5.,10
qa_database_schema_ibes_pit_2025_07_17,QA Database Schema - IBES PIT (2025-07-17).pdf,,Cross,,,cross_reference,Cross-reference IBESPITCode where CodeType = 6.,10
qa_database_schema_ibes_pit_2025_07_17,QA Database Schema - IBES PIT (2025-07-17).pdf,,Cross,,,cross_reference,Cross-reference IBESPITCode where CodeType = 1.,11
qa_database_schema_ibes_pit_2025_07_17,QA Database Schema - IBES PIT (2025-07-17).pdf,,Cross,,,cross_reference,Cross-reference IBESPITDesc where CodeType = 6.,12
qa_database_schema_ibes_pit_2025_07_17,QA Database Schema - IBES PIT (2025-07-17).pdf,,Cross,,,cross_reference,Cross-reference IBESPITDesc where CodeType = 7.,12
qa_database_schema_ibes_pit_2025_07_17,QA Database Schema - IBES PIT (2025-07-17).pdf,,Cross,,,cross_reference,Cross-reference IBESPITDesc where CodeType = 8.,12
qa_database_schema_ibes_pit_2025_07_17,QA Database Schema - IBES PIT (2025-07-17).pdf,,Cross,,,cross_reference,Cross-reference IBESPITCode where CodeType = 2.,13
qa_database_schema_ibes_pit_2025_07_17,QA Database Schema - IBES PIT (2025-07-17).pdf,,Cross,,,cross_reference,Cross-reference IBESPITCode where CodeType = 1.,13
qa_database_schema_ibes_pit_2025_07_17,QA Database Schema - IBES PIT (2025-07-17).pdf,,Cross,,,cross_reference,Cross-reference IBESPITCode where CodeType = 7.,13
qa_database_schema_ibes_v1_1_6,QA Database Schema - IBES_v1.1.6.pdf,,For,IBESInfo3,,cross_reference,"For information on the security, cross-reference Code with IBESInfo3.",14
qa_database_schema_ibes_v1_1_6,QA Database Schema - IBES_v1.1.6.pdf,,For,IBESInfo3,,cross_reference,"For information on the security, cross-reference Code with IBESInfo3 Date_ smalldatetime N Date_ is the effective date of the currency change.",14
qa_database_schema_ibes_v1_1_6,QA Database Schema - IBES_v1.1.6.pdf,IBESCurrCode,Currency_,,,cross_reference,Currency_ cross-references with: • I/B/E/S Detail: IBDCur where Currency_= IbdCur.Currency_ • I/B/E/S Summary: IBESCur where Currency_= IbesCur.Currency_ Units char Y Units identifies the unit of currency.,15
qa_database_schema_ibes_v1_1_6,QA Database Schema - IBES_v1.1.6.pdf,,For,IbesInfo3,,cross_reference,"For information on the security, cross-reference Code with IbesInfo3.",15
qa_database_schema_ibes_v1_1_6,QA Database Schema - IBES_v1.1.6.pdf,,For,IBESInfo3,,cross_reference,"For information on the security, cross-reference Code with IBESInfo3.",17
qa_database_schema_ibes_v1_1_6,QA Database Schema - IBES_v1.1.6.pdf,,Cross,IBQCty,,cross_reference,Cross-reference Country with IBQCty.,19
qa_database_schema_ibes_v1_1_6,QA Database Schema - IBES_v1.1.6.pdf,,Cross,IBESCurrCode,,cross_reference,Cross-reference Currency_ with IBESCurrCode.,19
qa_database_schema_ibes_v1_1_6,QA Database Schema - IBES_v1.1.6.pdf,,This,other,,cross_reference,This field is cross-referenced from other I/B/E/S North American tables.,19
qa_database_schema_ibes_v1_1_6,QA Database Schema - IBES_v1.1.6.pdf,IBESMsrCode,MeasureCode,,,cross_reference,MeasureCode smallint Y MeasureCode is cross-referenced by Measure in the I/B/E/S History tables and I/B/E/S QFS tables.,19
qa_database_schema_ibes_v1_1_6,QA Database Schema - IBES_v1.1.6.pdf,,Update,,,cross_reference,"Update Cycle: N/A Indexes Index Fields pkey_Ibespercode (clustered) PeriodType, Period Ibespercode_1 Flag, PeriodType, ForecastCode Field Type Nullable Description Flag char(1) N Flag indicates the data group of the cross-referencing table and may be: • Actuals tables (A) • Details tables (D) • Global aggregates (G) • QFS tables (Q) • Summary tables (S) • Surprise tables (U) See Also: Flag Code Cross-References on page 21.",20
qa_database_schema_ibes_v1_1_6,QA Database Schema - IBES_v1.1.6.pdf,IBESPerCode,Period,Period,,cross_reference,Period smallint N Period cross-references with Period fields in I/B/E/S QFS and History tables.,20
qa_database_schema_ibes_v1_1_6,QA Database Schema - IBES_v1.1.6.pdf,IBESPerCode,ForecastCode,Forecast,,cross_reference,ForecastCode cross-references with Forecast in I/B/E/S tables.,20
qa_database_schema_ibes_v1_1_6,QA Database Schema - IBES_v1.1.6.pdf,,Database,PerType,,cross_reference,"Database Schema for I/B/E/S 21 Flag Code Cross-References IBESPerCode Flag codes may cross-reference with PerType/PeriodType, Period, or Forecast, or a combination of those fields, as described in this table.",21
qa_database_schema_ibes_v1_1_6,QA Database Schema - IBES_v1.1.6.pdf,,For,IBESInfo3,,cross_reference,"For information on the security, cross-reference Code with IBESInfo3.",24
qa_database_schema_ibes_v1_1_6,QA Database Schema - IBES_v1.1.6.pdf,,Cross,IBESMsrCode,,cross_reference,Cross-reference Measure with IBESMsrCode where Measure = Ibesmsrcode.MeasureCode.,24
qa_database_schema_ibes_v1_1_6,QA Database Schema - IBES_v1.1.6.pdf,IBESSurp,PeriodType,IBESPerCode,,cross_reference,PeriodType cross-references with IBESPerCode where PeriodType = Ibespercode.PeriodType and Ibespercode.Flag = ‘U’.,24
qa_database_schema_ibes_v1_1_6,QA Database Schema - IBES_v1.1.6.pdf,,See,,,cross_reference,See Also: Flag Code Cross-References on page 21.,24
qa_database_schema_ibes_v1_1_6,QA Database Schema - IBES_v1.1.6.pdf,IBESCode,Code,other,,cross_reference,Code is cross-referenced from other I/B/E/S Guidance tables.,25
qa_database_schema_ibes_v1_1_6,QA Database Schema - IBES_v1.1.6.pdf,,Cross,IBESInfo3,,cross_reference,Cross-reference IbqGuData.Code with IBESInfo3 and IbgqGuData.Code with IBGSInfo3.,26
qa_database_schema_ibes_v1_1_6,QA Database Schema - IBES_v1.1.6.pdf,,Cross,IBESMsrCode,,cross_reference,Cross-reference Measure with IBESMsrCode where Measure = Ibesmsrcode.MeasureCode.,26
qa_database_schema_ibes_v1_1_6,QA Database Schema - IBES_v1.1.6.pdf,,Cross,IBESCode,,cross_reference,Cross-reference RangeCode with IBESCode where RangeCode = IbesCode.Code and IbesCode.Type_ = 1.,26
qa_database_schema_ibes_v1_1_6,QA Database Schema - IBES_v1.1.6.pdf,,Cross,IBESCode,,cross_reference,Cross-reference DiffCode with IBESCode where DiffCode = IbesCode.Code and IbesCode.Type_ = 3.,27
qa_database_schema_ibes_v1_1_6,QA Database Schema - IBES_v1.1.6.pdf,,Cross,IBESCode,,cross_reference,Cross-reference AcctStdCode with IBESCode where AcctStdCode = IbesCode.Code and IbesCode.Type_ = 4.,27
qa_database_schema_ibes_v1_1_6,QA Database Schema - IBES_v1.1.6.pdf,,Cross,IBESCode,,cross_reference,Cross-reference GuidanceCode with IBESCode where GuidanceCode = IbesCode.Code and IbesCode.Type_ = 2.,27
qa_database_schema_ibes_v1_1_6,QA Database Schema - IBES_v1.1.6.pdf,,Cross,IBESInfo3,,cross_reference,Cross-reference IbqGuExch.Code with IBESInfo3 and IbgqGuExch.Code with IBGSInfo3.,27
qa_database_schema_ibes_v1_1_6,QA Database Schema - IBES_v1.1.6.pdf,,Cross,IBESCode,,cross_reference,"Cross-reference ExchCode with IBESCode where ExchCode = IbesCode.Code and IbesCode.Type_ = 5, and with IBESDesc where IbesCode.Desc_ = IbesDesc.Code.",27
qa_database_schema_ibes_v1_1_6,QA Database Schema - IBES_v1.1.6.pdf,IBESDesc,Code,other,,cross_reference,Code is cross-referenced from other I/B/E/S Guidance tables.,28
qa_database_schema_ibes_v1_1_6,QA Database Schema - IBES_v1.1.6.pdf,,For,IBESInfo3,,cross_reference,"For information on the security, cross-reference Country with IBESInfo3 or IBGSInfo3.",28
qa_database_schema_ibes_v1_1_6,QA Database Schema - IBES_v1.1.6.pdf,,For,IBESInfo3,,cross_reference,"For information on the security, cross-reference Exchange with IBESInfo3 or IBGSInfo3.",28
qa_database_schema_ibes_v1_1_6,QA Database Schema - IBES_v1.1.6.pdf,,Cross,Sector,,cross_reference,Cross-reference Code with Sector in IBESHist3.,29
qa_database_schema_ibes_v1_1_6,QA Database Schema - IBES_v1.1.6.pdf,,For,IBESInfo3,,cross_reference,"For information on the security, cross-reference Code with IBESInfo3.",29
qa_database_schema_ibes_v1_1_6,QA Database Schema - IBES_v1.1.6.pdf,,For,IBESInfo3,,cross_reference,"For information on the security, cross-reference Code with IBESInfo3.",30
qa_database_schema_ibes_v1_1_6,QA Database Schema - IBES_v1.1.6.pdf,,For,IBESInfo3,,cross_reference,"For information on the security, cross-reference Code with IBESInfo3.",33
qa_database_schema_ibes_v1_1_6,QA Database Schema - IBES_v1.1.6.pdf,,This,IBESCurrCode,,cross_reference,This field cross-references with IBESCurrCode.,33
qa_database_schema_ibes_v1_1_6,QA Database Schema - IBES_v1.1.6.pdf,,For,IBESInfo3,,cross_reference,"For information on the security, cross-reference Code with IBESInfo3.",33
qa_database_schema_ibes_v1_1_6,QA Database Schema - IBES_v1.1.6.pdf,IBDRec,BrkCode,IBDBrk,,cross_reference,BrkCode cross-references with IBDBrk where BrkCode = IbdBrk.Code.,33
qa_database_schema_ibes_v1_1_6,QA Database Schema - IBES_v1.1.6.pdf,IBDRec,AnlCode,IBDAnl,,cross_reference,AnlCode cross-references with IBDAnl where AnlCode = IbdAnl.Code.,33
qa_database_schema_ibes_v1_1_6,QA Database Schema - IBES_v1.1.6.pdf,IBDRec,BrkRecCode,IBDRecCode,,cross_reference,BrkRecCode int Y BrkRecCode is the numeric recommendation and can be cross-referenced with IBDRecCode where BrkRecCode = IbdRecCode.Code.,33
qa_database_schema_ibes_v1_1_6,QA Database Schema - IBES_v1.1.6.pdf,IBDRec,IbesRecCode,IBDRecCode,,cross_reference,IbesRecCode int Y IbesRecCode is the numeric recommendation and can be cross-referenced with IBDRecCode where IbesRecCode = IbdRecCode.Code.,33
qa_database_schema_ibes_v1_1_6,QA Database Schema - IBES_v1.1.6.pdf,,For,IBESInfo3,,cross_reference,"For information on the security, cross-reference Code with IBESInfo3.",34
qa_database_schema_ibes_v1_1_6,QA Database Schema - IBES_v1.1.6.pdf,IBDRecStp,Broker,IBDBrk,,cross_reference,Broker cross-references with IBDBrk where Broker = IbdBrk.Code.,34
qa_database_schema_ibes_v1_1_6,QA Database Schema - IBES_v1.1.6.pdf,,For,IBESInfo3,,cross_reference,"For information on the security, cross-reference Code with IBESInfo3.",34
qa_database_schema_ibes_v1_1_6,QA Database Schema - IBES_v1.1.6.pdf,IBDPDet,AnalystCode,IBDAnl,,cross_reference,AnalystCode cross-references with IBDAnl where AnalystCode = IbdAnl.Code.,35
qa_database_schema_ibes_v1_1_6,QA Database Schema - IBES_v1.1.6.pdf,,For,IBESInfo3,,cross_reference,"For information on the security, cross-reference Code with IBESInfo3.",35
qa_database_schema_ibes_v1_1_6,QA Database Schema - IBES_v1.1.6.pdf,,For,IBESInfo3,,cross_reference,"For information on the security, cross-reference Code with IBESInfo3.",36
qa_database_schema_ibes_v1_1_6,QA Database Schema - IBES_v1.1.6.pdf,,Cross,IBESMsrCode,,cross_reference,Cross-reference Measure with IBESMsrCode where Measure = Ibesmsrcode.MeasureCode.,36
qa_database_schema_ibes_v1_1_6,QA Database Schema - IBES_v1.1.6.pdf,,For,IBESInfo3,,cross_reference,"For information on the security, cross-reference Code with IBESInfo3.",38
qa_database_schema_ibes_v1_1_6,QA Database Schema - IBES_v1.1.6.pdf,,Cross,IBESMsrCode,,cross_reference,Cross-reference Measure with IBESMsrCode where Measure = Ibesmsrcode.MeasureCode.,38
qa_database_schema_ibes_v1_1_6,QA Database Schema - IBES_v1.1.6.pdf,,For,IBESInfo3,,cross_reference,"For information on the security, cross-reference Code with IBESInfo3.",39
qa_database_schema_ibes_v1_1_6,QA Database Schema - IBES_v1.1.6.pdf,,Cross,IBESMsrCode,,cross_reference,Cross-reference Measure with IBESMsrCode where Measure = Ibesmsrcode.MeasureCode.,39
qa_database_schema_ibes_v1_1_6,QA Database Schema - IBES_v1.1.6.pdf,,For,IBESInfo3,,cross_reference,"For information on the security, cross-reference Code with IBESInfo3.",40
qa_database_schema_ibes_v1_1_6,QA Database Schema - IBES_v1.1.6.pdf,,Cross,IBESMsrCode,,cross_reference,Cross-reference Measure with IBESMsrCode where Measure = Ibesmsrcode.MeasureCode.,40
qa_database_schema_ibes_v1_1_6,QA Database Schema - IBES_v1.1.6.pdf,,Cross,IBESPerCode,,cross_reference,Cross-reference these fields with IBESPerCode where: • PerType = Ibespercode.PeriodType • Period = Ibespercode.Period • Ibespercode.Flag = ‘S’ Ibespercode.Desc_ describes the forecast period.,40
qa_database_schema_ibes_v1_1_6,QA Database Schema - IBES_v1.1.6.pdf,IBDPStp,Period,the,,cross_reference,Period also cross-references with the Period fields in I/B/E/S History and QFS tables.,40
qa_database_schema_ibes_v1_1_6,QA Database Schema - IBES_v1.1.6.pdf,,See,,,cross_reference,See Also: Flag Code Cross-References on page 21.,40
qa_database_schema_ibes_v1_1_6,QA Database Schema - IBES_v1.1.6.pdf,,For,IBESInfo3,,cross_reference,"For information on the security, cross-reference Code with IBESInfo3.",41
qa_database_schema_ibes_v1_1_6,QA Database Schema - IBES_v1.1.6.pdf,,Cross,IBESMsrCode,,cross_reference,Cross-reference Measure with IBESMsrCode where Measure = Ibesmsrcode.MeasureCode.,41
qa_database_schema_ibes_v1_1_6,QA Database Schema - IBES_v1.1.6.pdf,,For,IBESInfo3,,cross_reference,"For information on the security, cross-reference Code with IBESInfo3.",42
qa_database_schema_ibes_v1_1_6,QA Database Schema - IBES_v1.1.6.pdf,,Cross,IBESMsrCode,,cross_reference,Cross-reference Measure with IBESMsrCode where Measure = Ibesmsrcode.MeasureCode.,42
qa_database_schema_ibes_v1_1_6,QA Database Schema - IBES_v1.1.6.pdf,,Cross,IBESPerCode,,cross_reference,Cross-reference these fields with IBESPerCode where: • PerType = Ibespercode.PeriodType • Period = Ibespercode.Period • Ibespercode.Flag = ‘S’ Ibespercode.Desc_ describes the forecast period.,43
qa_database_schema_ibes_v1_1_6,QA Database Schema - IBES_v1.1.6.pdf,IBESEst2ML1,Period,the,,cross_reference,Period also cross-references with the Period fields in I/B/E/S History and QFS tables.,43
qa_database_schema_ibes_v1_1_6,QA Database Schema - IBES_v1.1.6.pdf,,See,,,cross_reference,See Also: Flag Code Cross-References on page 21.,43
qa_database_schema_ibes_v1_1_6,QA Database Schema - IBES_v1.1.6.pdf,,For,IBESInfo3,,cross_reference,"For information on the security, cross-reference Code with IBESInfo3.",43
qa_database_schema_ibes_v1_1_6,QA Database Schema - IBES_v1.1.6.pdf,,Cross,IBESMsrCode,,cross_reference,Cross-reference Measure with IBESMsrCode where Measure = Ibesmsrcode.MeasureCode.,43
qa_database_schema_ibes_v1_1_6,QA Database Schema - IBES_v1.1.6.pdf,,Cross,IBESPerCode,,cross_reference,Cross-reference these fields with IBESPerCode where: • PerType = Ibespercode.PeriodType • Period = Ibespercode.Period • Ibespercode.Flag = ‘S’ Ibespercode.Desc_ describes the forecast period.,44
qa_database_schema_ibes_v1_1_6,QA Database Schema - IBES_v1.1.6.pdf,IBESEst2ML1,Period,the,,cross_reference,Period also cross-references with the Period fields in I/B/E/S History and QFS tables.,44
qa_database_schema_ibes_v1_1_6,QA Database Schema - IBES_v1.1.6.pdf,,See,,,cross_reference,See Also: Flag Code Cross-References on page 21.,44
qa_database_schema_ibes_v1_1_6,QA Database Schema - IBES_v1.1.6.pdf,,For,IBESInfo3,,cross_reference,"For information on the security, cross-reference Code with IBESInfo3.",45
qa_database_schema_ibes_v1_1_6,QA Database Schema - IBES_v1.1.6.pdf,,Cross,IBESMsrCode,,cross_reference,Cross-reference Measure with IBESMsrCode where Measure = Ibesmsrcode.MeasureCode.,45
qa_database_schema_ibes_v1_1_6,QA Database Schema - IBES_v1.1.6.pdf,,For,IBESInfo3,,cross_reference,"For information on the security, cross-reference Code with IBESInfo3.",46
qa_database_schema_ibes_v1_1_6,QA Database Schema - IBES_v1.1.6.pdf,,Cross,IBESMsrCode,,cross_reference,Cross-reference Measure with IBESMsrCode where Measure = Ibesmsrcode.MeasureCode.,46
qa_database_schema_ibes_v1_1_6,QA Database Schema - IBES_v1.1.6.pdf,Broker,Broker,IBDBrk,,cross_reference,Broker cross-references with IBDBrk where Broker = IbdBrk.Code.,46
qa_database_schema_ibes_v1_1_6,QA Database Schema - IBES_v1.1.6.pdf,Broker,Analyst,IBDAnl,,cross_reference,Analyst cross-references with IBDAnl where Analyst = IbdAnl.Code.,46
qa_database_schema_ibes_v1_1_6,QA Database Schema - IBES_v1.1.6.pdf,,Cross,IBESPerCode,,cross_reference,Cross-reference these fields with IBESPerCode where: • PerType = Ibespercode.PeriodType • Period = Ibespercode.Period • Ibespercode.Flag = ‘D’ Ibespercode.Desc_ describes the estimate period.,46
qa_database_schema_ibes_v1_1_6,QA Database Schema - IBES_v1.1.6.pdf,Broker,Period,the,,cross_reference,Period also cross-references with the Period fields in I/B/E/S History and QFS tables.,46
qa_database_schema_ibes_v1_1_6,QA Database Schema - IBES_v1.1.6.pdf,,See,,,cross_reference,See Also: Flag Code Cross-References on page 21.,46
qa_database_schema_ibes_v1_1_6,QA Database Schema - IBES_v1.1.6.pdf,,For,IBESInfo3,,cross_reference,"For information on the security, cross-reference Code with IBESInfo3.",48
qa_database_schema_ibes_v1_1_6,QA Database Schema - IBES_v1.1.6.pdf,,Cross,IBESMsrCode,,cross_reference,Cross-reference Measure with IBESMsrCode where Measure = Ibesmsrcode.MeasureCode.,48
qa_database_schema_ibes_v1_1_6,QA Database Schema - IBES_v1.1.6.pdf,EstDate,Broker,IBDBrk,,cross_reference,Broker cross-references with IBDBrk where Broker = IbdBrk.Code.,48
qa_database_schema_ibes_v1_1_6,QA Database Schema - IBES_v1.1.6.pdf,EstDate,Analyst,IBDAnl,,cross_reference,Analyst cross-references with IBDAnl where Analyst = IbdAnl.Code.,48
qa_database_schema_ibes_v1_1_6,QA Database Schema - IBES_v1.1.6.pdf,,Cross,IBESPerCode,,cross_reference,Cross-reference these fields with IBESPerCode where: • PerType = Ibespercode.PeriodType • Period = Ibespercode.Period • Ibespercode.Flag = ‘D’ Ibespercode.Desc_ describes the estimate period.,48
qa_database_schema_ibes_v1_1_6,QA Database Schema - IBES_v1.1.6.pdf,EstDate,Period,the,,cross_reference,Period also cross-references with the Period fields in I/B/E/S History and QFS tables.,48
qa_database_schema_ibes_v1_1_6,QA Database Schema - IBES_v1.1.6.pdf,,See,,,cross_reference,See Also: Flag Code Cross-References on page 21.,48
qa_database_schema_ibes_v1_1_6,QA Database Schema - IBES_v1.1.6.pdf,,To,IBESInfo3,,cross_reference,"To identify the referenced security, cross-reference Code with IBESInfo3.",49
qa_database_schema_ibes_v1_1_6,QA Database Schema - IBES_v1.1.6.pdf,,Cross,IBESMsrCode,,cross_reference,Cross-reference Measure with IBESMsrCode where Measure = Ibesmsrcode.MeasureCode.,49
qa_database_schema_ibes_v1_1_6,QA Database Schema - IBES_v1.1.6.pdf,,See,,,cross_reference,See Also: Flag Code Cross-References on page 21.,49
qa_database_schema_ibes_v1_1_6,QA Database Schema - IBES_v1.1.6.pdf,,,IbdEstL1,,join_hint,"Example: Joining IbdStpL1 with IbdEstL1 and Ibespercode on PerType This example shows how to join IbdStpL1 (above) with IBDEstL1 and IBESPerCode on PerType to retrieve the estimate date, period end dates, estimate value, and stop date for a given security, broker, and period date. select e.code, e.estdate, e.perdate, e.value_,st.perdate, st.stopdate, p.shortdesc, p.desc_ from ibdestl1 e join ibdstpl1 st on st.pertype = e.pertype and e.perdate = st.perdate and e.code = st.code join ibespercode p on p.periodtype = e.pertype",49
qa_database_schema_ibes_v1_1_6,QA Database Schema - IBES_v1.1.6.pdf,,For,IBESInfo3,,cross_reference,"For information on the security, cross-reference Code with IBESInfo3.",50
qa_database_schema_ibes_v1_1_6,QA Database Schema - IBES_v1.1.6.pdf,,Cross,IBESMsrCode,,cross_reference,Cross-reference Measure with IBESMsrCode where Measure = IBESMSRCODE.MeasureCode.,50
qa_database_schema_ibes_v1_1_6,QA Database Schema - IBES_v1.1.6.pdf,,For,IBESInfo3,,cross_reference,"For information on the security, cross-reference Code with IBESInfo3.",52
qa_database_schema_ibes_v1_1_6,QA Database Schema - IBES_v1.1.6.pdf,,For,IBESInfo3,,cross_reference,"For information on the security, cross-reference Code with IBESInfo3.",52
qa_database_schema_ibes_v1_1_6,QA Database Schema - IBES_v1.1.6.pdf,,IBQId2,,,cross_reference,"IBQId2: I/B/E/S QFS Identification File Use this table to retrieve cross-reference information useful for translating the I/B/E/S ticker into a local ticker, home market code, CUSIP, or SEDOL.",53
qa_database_schema_ibes_v1_1_6,QA Database Schema - IBES_v1.1.6.pdf,,For,IBESInfo3,,cross_reference,"For information on the security, cross-reference Code with IBESInfo3.",53
qa_database_schema_ibes_v1_1_6,QA Database Schema - IBES_v1.1.6.pdf,,For,IBESInfo3,,cross_reference,"For information on the security, cross-reference Code with IBESInfo3.",54
qa_database_schema_ibes_v1_1_6,QA Database Schema - IBES_v1.1.6.pdf,,For,IBESInfo3,,cross_reference,"For information on the security, cross-reference Code with IBESInfo3.",54
qa_database_schema_ibes_v1_1_6,QA Database Schema - IBES_v1.1.6.pdf,,For,IBESInfo3,,cross_reference,"For information on the security, cross-reference Code with IBESInfo3.",56
qa_database_schema_ibes_v1_1_6,QA Database Schema - IBES_v1.1.6.pdf,,Cross,IBESMsrCode,,cross_reference,Cross-reference Measure with IBESMsrCode where Measure = Ibesmsrcode.MeasureCode.,56
qa_database_schema_ibes_v1_1_6,QA Database Schema - IBES_v1.1.6.pdf,,For,IBESInfo3,,cross_reference,"For information on the security, cross-reference Code with IBESInfo3.",57
qa_database_schema_ibes_v1_1_6,QA Database Schema - IBES_v1.1.6.pdf,,Cross,IBESMsrCode,,cross_reference,Cross-reference Measure with IBESMsrCode where Measure = Ibesmsrcode.MeasureCode.,57
qa_database_schema_ibes_v1_1_6,QA Database Schema - IBES_v1.1.6.pdf,,For,IBESInfo3,,cross_reference,"For information on the security, cross-reference Code with IBESInfo3.",57
qa_database_schema_ibes_v1_1_6,QA Database Schema - IBES_v1.1.6.pdf,,For,IBESInfo3,,cross_reference,"For information on the security, cross-reference Code with IBESInfo3.",58
qa_database_schema_ibes_v1_1_6,QA Database Schema - IBES_v1.1.6.pdf,,For,IBESInfo3,,cross_reference,"For information on the security, cross-reference Code with IBESInfo3.",58
qa_database_schema_ibes_v1_1_6,QA Database Schema - IBES_v1.1.6.pdf,,For,IBESInfo3,,cross_reference,"For information on the security, cross-reference Code with IBESInfo3.",59
qa_database_schema_ibes_v1_1_6,QA Database Schema - IBES_v1.1.6.pdf,,For,IBESInfo3,,cross_reference,"For information on the security, cross-reference Code with IBESInfo3.",61
qa_database_schema_ibes_v1_1_6,QA Database Schema - IBES_v1.1.6.pdf,IBQPDet,AnalystCode,IBDAnl,,cross_reference,AnalystCode cross-references with IBDAnl where AnalystCode = IbdAnl.Code.,62
qa_database_schema_ibes_v1_1_6,QA Database Schema - IBES_v1.1.6.pdf,,For,IBESInfo3,,cross_reference,"For information on the security, cross-reference Code with IBESInfo3.",62
qa_database_schema_ibes_v1_1_6,QA Database Schema - IBES_v1.1.6.pdf,IBQRDet,AnalystCode,IBDAnl,,cross_reference,AnalystCode cross-references with IBDAnl where AnalystCode = IbdAnl.Code.,63
qa_database_schema_ibes_v1_1_6,QA Database Schema - IBES_v1.1.6.pdf,,For,IBESInfo3,,cross_reference,"For information on the security, cross-reference Code with IBESInfo3.",64
qa_database_schema_ibes_v1_1_6,QA Database Schema - IBES_v1.1.6.pdf,,Cross,IBESMsrCode,,cross_reference,Cross-reference Measure with IBESMsrCode where Measure = Ibesmsrcode.MeasureCode.,64
qa_database_schema_ibes_v1_1_6,QA Database Schema - IBES_v1.1.6.pdf,,See,,,cross_reference,See Also: Flag Code Cross-References on page 21.,64
qa_database_schema_ibes_v1_1_6,QA Database Schema - IBES_v1.1.6.pdf,,For,IBESInfo3,,cross_reference,"For information on the security, cross-reference Code with IBESInfo3.",65
qa_database_schema_ibes_v1_1_6,QA Database Schema - IBES_v1.1.6.pdf,,Cross,IBESMsrCode,,cross_reference,Cross-reference Measure with IBESMsrCode where Measure = Ibesmsrcode.MeasureCode.,65
qa_database_schema_ibes_v1_1_6,QA Database Schema - IBES_v1.1.6.pdf,,See,,,cross_reference,See Also: Flag Code Cross-References on page 21.,66
qa_database_schema_ibes_v1_1_6,QA Database Schema - IBES_v1.1.6.pdf,,For,IBESInfo3,,cross_reference,"For information on the security, cross-reference Code with IBESInfo3.",67
qa_database_schema_ibes_v1_1_6,QA Database Schema - IBES_v1.1.6.pdf,,Cross,IBESMsrCode,,cross_reference,Cross-reference Measure with IBESMsrCode where Measure = Ibesmsrcode.MeasureCode.,67
qa_database_schema_ibes_v1_1_6,QA Database Schema - IBES_v1.1.6.pdf,,Cross,IBESPerCode,,cross_reference,Cross-reference these fields with IBESPerCode where: • PerType = Ibespercode.PeriodType • Forecast = Ibespercode.ForecastCode • Ibespercode.Flag = ‘Q’ Ibespercode.Desc_ describes the estimate period.,67
qa_database_schema_ibes_v1_1_6,QA Database Schema - IBES_v1.1.6.pdf,,See,,,cross_reference,See Also: Flag Code Cross-References on page 21.,67
qa_database_schema_ibes_v1_1_6,QA Database Schema - IBES_v1.1.6.pdf,,For,IBESInfo3,,cross_reference,"For information on the security, cross-reference Code with IBESInfo3.",68
qa_database_schema_ibes_v1_1_6,QA Database Schema - IBES_v1.1.6.pdf,,Cross,IBESMsrCode,,cross_reference,Cross-reference Measure with IBESMsrCode where Measure = Ibesmsrcode.MeasureCode.,68
qa_database_schema_ibes_v1_1_6,QA Database Schema - IBES_v1.1.6.pdf,,Cross,IBESPerCode,,cross_reference,Cross-reference these fields with IBESPerCode where: • PeriodType = Ibespercode.PeriodType • Forecast = Ibespercode.ForecastCode • Ibespercode.Flag = ‘Q’ Ibespercode.Desc_ describes the estimate period.,68
qa_database_schema_ibes_v1_1_6,QA Database Schema - IBES_v1.1.6.pdf,,See,,,cross_reference,See Also: Flag Code Cross-References on page 21.,68
qa_database_schema_ibes_v1_1_6,QA Database Schema - IBES_v1.1.6.pdf,,For,IBESInfo3,,cross_reference,"For information on the security, cross-reference Code with IBESInfo3.",71
qa_database_schema_ibes_v1_1_6,QA Database Schema - IBES_v1.1.6.pdf,,Cross,IBESMsrCode,,cross_reference,Cross-reference Measure with IBESMsrCode where Measure = Ibesmsrcode.MeasureCode.,71
qa_database_schema_ibes_v1_1_6,QA Database Schema - IBES_v1.1.6.pdf,,Cross,IBESPerCode,,cross_reference,Cross-reference these fields with IBESPerCode where: • PeriodType = Ibespercode.PeriodType • Forecast = Ibespercode.ForecastCode • Ibespercode.Flag = ‘Q’ Ibespercode.Desc_ describes the estimate period.,71
qa_database_schema_ibes_v1_1_6,QA Database Schema - IBES_v1.1.6.pdf,,See,,,cross_reference,See Also: Flag Code Cross-References on page 21.,71
qa_database_schema_ibes_v1_1_6,QA Database Schema - IBES_v1.1.6.pdf,IBQRDet,AnalystCode,IBDAnl,,cross_reference,AnalystCode cross-references with IBDAnl where AnalystCode = IbdAnl.Code.,72
qa_database_schema_ibes_v1_1_6,QA Database Schema - IBES_v1.1.6.pdf,,For,IBESInfo3,,cross_reference,"For information on the security, cross-reference Code with IBESInfo3.",73
qa_database_schema_ibes_v1_1_6,QA Database Schema - IBES_v1.1.6.pdf,,Cross,IBESMsrCode,,cross_reference,Cross-reference Measure with IBESMsrCode where Measure = Ibesmsrcode.MeasureCode.,73
qa_database_schema_ibes_v1_1_6,QA Database Schema - IBES_v1.1.6.pdf,,Cross,IBESPerCode,,cross_reference,Cross-reference these fields with IBESPerCode where: • PeriodType = Ibespercode.PeriodType • Forecast = Ibespercode.ForecastCode • Ibespercode.Flag = ‘Q’ Ibespercode.Desc_ describes the estimate period.,73
qa_database_schema_ibes_v1_1_6,QA Database Schema - IBES_v1.1.6.pdf,,See,,,cross_reference,See Also: Flag Code Cross-References on page 21.,73
qa_database_schema_ibes_v1_1_6,QA Database Schema - IBES_v1.1.6.pdf,IBQRDet,AnalystCode,IBDAnl,,cross_reference,AnalystCode cross-references with IBDAnl where AnalystCode = IbdAnl.Code.,74
qa_database_schema_ibes_v1_1_6,QA Database Schema - IBES_v1.1.6.pdf,,For,IBESInfo3,,cross_reference,"For information on the security, cross-reference Code with IBESInfo3.",75
qa_database_schema_ibes_v1_1_6,QA Database Schema - IBES_v1.1.6.pdf,,Cross,,,cross_reference,Cross-reference Measure withIBESMsrCode where Measure = Ibesmsrcode.MeasureCode.,75
qa_database_schema_ibes_v1_1_6,QA Database Schema - IBES_v1.1.6.pdf,,See,,,cross_reference,See Also: Flag Code Cross-References on page 21.,75
qa_database_schema_ibes_v1_1_6,QA Database Schema - IBES_v1.1.6.pdf,,This,IBESCurrCode,,cross_reference,This field cross-references with IBESCurrCode.,77
qa_database_schema_ibes_v1_1_6,QA Database Schema - IBES_v1.1.6.pdf,,Update,IBGSHist3,,cross_reference,Update Cycle: Monthly Indexes Index Fields pkey_IbgsSig (clustered) Code Field Type Nullable Description Code int N Code is cross-referenced from IBGSHist3.Sector.,81
qa_database_schema_ibes_v1_1_6,QA Database Schema - IBES_v1.1.6.pdf,,Cross,IBESMsrCode,,cross_reference,Cross-reference Measure with IBESMsrCode where Measure = Ibesmsrcode.MeasureCode.,82
qa_database_schema_ibes_v1_1_6,QA Database Schema - IBES_v1.1.6.pdf,IBGSSurp,PeriodType,IBESPerCode,,cross_reference,PeriodType cross-references with IBESPerCode where PeriodType = Ibespercode.PeriodType and Ibespercode.Flag = ‘U’.,82
qa_database_schema_ibes_v1_1_6,QA Database Schema - IBES_v1.1.6.pdf,,See,,,cross_reference,See Also: Flag Code Cross-References on page 21.,82
qa_database_schema_ibes_v1_1_6,QA Database Schema - IBES_v1.1.6.pdf,,Cross,IBESMsrCode,,cross_reference,Cross-reference Measure with IBESMsrCode where Measure = Ibesmsrcode.MeasureCode.,83
qa_database_schema_ibes_v1_1_6,QA Database Schema - IBES_v1.1.6.pdf,,Cross,IBESMsrCode,,cross_reference,Cross-reference Measure with IBESMsrCode where Measure = Ibesmsrcode.MeasureCode.,84
qa_database_schema_ibes_v1_1_6,QA Database Schema - IBES_v1.1.6.pdf,,Cross,IBESMsrCode,,cross_reference,Cross-reference Measure with IBESMsrCode where Measure = Ibesmsrcode.MeasureCode.,85
qa_database_schema_ibes_v1_1_6,QA Database Schema - IBES_v1.1.6.pdf,,Cross,IBESMsrCode,,cross_reference,Cross-reference Measure with IBESMsrCode where Measure = Ibesmsrcode.MeasureCode.,86
qa_database_schema_ibes_v1_1_6,QA Database Schema - IBES_v1.1.6.pdf,,Cross,IBESPerCode,,cross_reference,Cross-reference these fields with IBESPerCode where: • PerType = Ibespercode.PeriodType • Period = Ibespercode.Period • Ibespercode.Flag = ‘S’ Ibespercode.Desc_ describes the estimate period.,87
qa_database_schema_ibes_v1_1_6,QA Database Schema - IBES_v1.1.6.pdf,IBGSSurp,Period,the,,cross_reference,Period also cross-references with the Period fields in I/B/E/S History and QFS tables.,87
qa_database_schema_ibes_v1_1_6,QA Database Schema - IBES_v1.1.6.pdf,,See,,,cross_reference,See Also: Flag Code Cross-References on page 21.,87
qa_database_schema_ibes_v1_1_6,QA Database Schema - IBES_v1.1.6.pdf,,Cross,IBESMsrCode,,cross_reference,Cross-reference Measure with IBESMsrCode where Measure = Ibesmsrcode.MeasureCode.,88
qa_database_schema_ibes_v1_1_6,QA Database Schema - IBES_v1.1.6.pdf,,Cross,IBESPerCode,,cross_reference,Cross-reference these fields with IBESPerCode where: • PerType = Ibespercode.PeriodType • Period = Ibespercode.Period • Ibespercode.Flag = ‘S’ Ibespercode.Desc_ describes the estimate period.,88
qa_database_schema_ibes_v1_1_6,QA Database Schema - IBES_v1.1.6.pdf,IBGSSurp,Period,the,,cross_reference,Period also cross-references with the Period fields in I/B/E/S History and QFS tables.,88
qa_database_schema_ibes_v1_1_6,QA Database Schema - IBES_v1.1.6.pdf,,See,,,cross_reference,See Also: Flag Code Cross-References on page 21.,88
qa_database_schema_ibes_v1_1_6,QA Database Schema - IBES_v1.1.6.pdf,,Cross,IBESMsrCode,,cross_reference,Cross-reference Measure with IBESMsrCode where Measure = Ibesmsrcode.MeasureCode.,91
qa_database_schema_ibes_v1_1_6,QA Database Schema - IBES_v1.1.6.pdf,,Cross,IBESPerCode,,cross_reference,Cross-reference these fields with IBESPerCode where: • PerType = Ibespercode.PeriodType • Period = Ibespercode.Period • Ibespercode.Flag = ‘S’ Ibespercode.Desc_ describes the estimate period.,91
qa_database_schema_ibes_v1_1_6,QA Database Schema - IBES_v1.1.6.pdf,IBGSFCo,Period,the,,cross_reference,Period also cross-references with the Period fields in I/B/E/S History and QFS tables.,91
qa_database_schema_ibes_v1_1_6,QA Database Schema - IBES_v1.1.6.pdf,,See,,,cross_reference,See Also: Flag Code Cross-References on page 21.,91
qa_database_schema_ibes_v1_1_6,QA Database Schema - IBES_v1.1.6.pdf,,Cross,IBESMsrCode,,cross_reference,Cross-reference Measure with IBESMsrCode where Measure = Ibesmsrcode.MeasureCode.,92
qa_database_schema_ibes_v1_1_6,QA Database Schema - IBES_v1.1.6.pdf,,Cross,IBESMsrCode,,cross_reference,Cross-reference Measure with IBESMsrCode where Measure = Ibesmsrcode.MeasureCode.,93
qa_database_schema_ibes_v1_1_6,QA Database Schema - IBES_v1.1.6.pdf,,Cross,IBESMsrCode,,cross_reference,Cross-reference Measure with IBESMsrCode where Measure = Ibesmsrcode.MeasureCode.,94
qa_database_schema_ibes_v1_1_6,QA Database Schema - IBES_v1.1.6.pdf,,Cross,IBESPerCode,,cross_reference,Cross-reference these fields with IBESPerCode where: • PerType = Ibespercode.PeriodType • Period = Ibespercode.Period • Ibespercode.Flag = ‘D’ Ibespercode.Desc_ describes the estimate period.,94
qa_database_schema_ibes_v1_1_6,QA Database Schema - IBES_v1.1.6.pdf,Broker,Period,the,,cross_reference,Period also cross-references with the Period fields in I/B/E/S History and QFS tables.,94
qa_database_schema_ibes_v1_1_6,QA Database Schema - IBES_v1.1.6.pdf,,See,,,cross_reference,See Also: Flag Code Cross-References on page 21.,94
qa_database_schema_ibes_v1_1_6,QA Database Schema - IBES_v1.1.6.pdf,,Cross,IBESMsrCode,,cross_reference,Cross-reference Measure with IBESMsrCode where Measure = Ibesmsrcode.MeasureCode.,96
qa_database_schema_ibes_v1_1_6,QA Database Schema - IBES_v1.1.6.pdf,,Cross,IBESPerCode,,cross_reference,Cross-reference these fields with IBESPerCode where: • PerType = Ibespercode.PeriodType • Period = Ibespercode.Period • Ibespercode.Flag = ‘D’ Ibespercode.Desc_ describes the estimate period.,96
qa_database_schema_ibes_v1_1_6,QA Database Schema - IBES_v1.1.6.pdf,Broker,Period,the,,cross_reference,Period also cross-references with the Period fields in I/B/E/S History and QFS tables.,96
qa_database_schema_ibes_v1_1_6,QA Database Schema - IBES_v1.1.6.pdf,,See,,,cross_reference,See Also: Flag Code Cross-References on page 21.,96
qa_database_schema_ibes_v1_1_6,QA Database Schema - IBES_v1.1.6.pdf,,Cross,IBESMsrCode,,cross_reference,Cross-reference Measure with IBESMsrCode where Measure = Ibesmsrcode.MeasureCode.,97
qa_database_schema_ibes_v1_1_6,QA Database Schema - IBES_v1.1.6.pdf,,Cross,IBGDAnl,,cross_reference,Cross-reference Analyst with IBGDAnl where Analyst = Ibgdanl.Code.,97
qa_database_schema_ibes_v1_1_6,QA Database Schema - IBES_v1.1.6.pdf,,Cross,IBESPerCode,,cross_reference,Cross-reference these fields with IBESPerCode where: • PerType = Ibespercode.PeriodType • Period = Ibespercode.Period • Ibespercode.Flag = ‘D’ Ibespercode.Desc_ describes the estimate period.,97
qa_database_schema_ibes_v1_1_6,QA Database Schema - IBES_v1.1.6.pdf,EstDate,Period,the,,cross_reference,Period also cross-references with the Period fields in I/B/E/S History and QFS tables.,97
qa_database_schema_ibes_v1_1_6,QA Database Schema - IBES_v1.1.6.pdf,,See,,,cross_reference,See Also: Flag Code Cross-References on page 21.,97
qa_database_schema_ibes_v1_1_6,QA Database Schema - IBES_v1.1.6.pdf,,Cross,IBESMsrCode,,cross_reference,Cross-reference Measure with IBESMsrCode where Measure = Ibesmsrcode.MeasureCode.,98
qa_database_schema_ibes_v1_1_6,QA Database Schema - IBES_v1.1.6.pdf,,Cross,IBGDAnl,,cross_reference,Cross-reference Analyst with IBGDAnl where Analyst = Ibgdanl.Code.,98
qa_database_schema_ibes_v1_1_6,QA Database Schema - IBES_v1.1.6.pdf,,Cross,IBESPerCode,,cross_reference,Cross-reference these fields with IBESPerCode where: • PerType = Ibespercode.PeriodType • Period = Ibespercode.Period • Ibespercode.Flag = ‘D’ Ibespercode.Desc_ describes the estimate period.,98
qa_database_schema_ibes_v1_1_6,QA Database Schema - IBES_v1.1.6.pdf,EstDate,Period,the,,cross_reference,Period also cross-references with the Period fields in I/B/E/S History and QFS tables.,98
qa_database_schema_ibes_v1_1_6,QA Database Schema - IBES_v1.1.6.pdf,,See,,,cross_reference,See Also: Flag Code Cross-References on page 21.,98
qa_database_schema_ibes_v1_1_6,QA Database Schema - IBES_v1.1.6.pdf,,Cross,IBESMsrCode,,cross_reference,Cross-reference Measure with IBESMsrCode where Measure = Ibesmsrcode.MeasureCode.,99
qa_database_schema_ibes_v1_1_6,QA Database Schema - IBES_v1.1.6.pdf,,See,,,cross_reference,See Also: Flag Code Cross-References on page 21.,99
qa_database_schema_ibes_v1_1_6,QA Database Schema - IBES_v1.1.6.pdf,,Cross,IBESMsrCode,,cross_reference,Cross-reference Measure with IBESMsrCode where Measure = Ibesmsrcode.MeasureCode.,100
qa_database_schema_ibes_v1_1_6,QA Database Schema - IBES_v1.1.6.pdf,,See,,,cross_reference,See Also: Flag Code Cross-References on page 21.,100
qa_database_schema_ibes_v1_1_6,QA Database Schema - IBES_v1.1.6.pdf,,Cross,IBGDAnl,,cross_reference,Cross-reference AnlCode with IBGDAnl where AnlCode = Ibgdanl.Code.,101
qa_database_schema_ibes_v1_1_6,QA Database Schema - IBES_v1.1.6.pdf,,Cross,IBGDBrk,,cross_reference,Cross-reference Broker with IBGDBrk where Broker = IbgdBrk.Code.,101
qa_database_schema_ibes_v1_1_6,QA Database Schema - IBES_v1.1.6.pdf,,Cross,IBGDBrk,,cross_reference,Cross-reference Broker with IBGDBrk where Broker = IbgdBrk.Code.,102
qa_database_schema_ibes_v1_1_6,QA Database Schema - IBES_v1.1.6.pdf,IBGDPDet,AnalystCode,IBGDAnl,,cross_reference,AnalystCode cross-references with IBGDAnl where AnalystCode = Ibgdanl.Code.,102
qa_database_schema_ibes_v1_1_6,QA Database Schema - IBES_v1.1.6.pdf,,Cross,IBGDBrk,,cross_reference,Cross-reference Broker with IBGDBrk where Broker = IbgdBrk.Code.,103
qa_database_schema_ibes_v1_1_6,QA Database Schema - IBES_v1.1.6.pdf,,Cross,IBESMsrCode,,cross_reference,Cross-reference Measure with IBESMsrCode where Measure = Ibesmsrcode.MeasureCode.,103
qa_database_schema_ibes_v1_1_6,QA Database Schema - IBES_v1.1.6.pdf,,Cross,IBESMsrCode,,cross_reference,Cross-reference Measure with IBESMsrCode where Measure = Ibesmsrcode.MeasureCode.,104
qa_database_schema_ibes_v1_1_6,QA Database Schema - IBES_v1.1.6.pdf,,,,,cross_reference,"I/B/E/S Schema: Global QFS (All QFS Subscriptions) IBGQId: I/B/E/S Global QFS Identification Use this table to retrieve cross-reference information useful to translating the I/B/E/S ticker into a local ticker, home market code, CUSIP, or SEDOL.",105
qa_database_schema_ibes_v1_1_6,QA Database Schema - IBES_v1.1.6.pdf,,Cross,IBESMsrCode,,cross_reference,Cross-reference Measure with IBESMsrCode where Measure = Ibesmsrcode.MeasureCode.,108
qa_database_schema_ibes_v1_1_6,QA Database Schema - IBES_v1.1.6.pdf,,Cross,IBESMsrCode,,cross_reference,Cross-reference Measure with IBESMsrCode where Measure = Ibesmsrcode.MeasureCode.,109
qa_database_schema_ibes_v1_1_6,QA Database Schema - IBES_v1.1.6.pdf,IBGQPDet,AnalystCode,IBGDAnl,,cross_reference,AnalystCode cross-references with IBGDAnl where AnalystCode = Ibgdanl.Code.,114
qa_database_schema_ibes_v1_1_6,QA Database Schema - IBES_v1.1.6.pdf,IBGQRDet,AnalystCode,IBGDAnl,,cross_reference,AnalystCode cross-references with IBGDAnl where AnalystCode = Ibgdanl.Code.,115
qa_database_schema_ibes_v1_1_6,QA Database Schema - IBES_v1.1.6.pdf,,Cross,IBESMsrCode,,cross_reference,Cross-reference Measure with IBESMsrCode where Measure = Ibesmsrcode.MeasureCode.,116
qa_database_schema_ibes_v1_1_6,QA Database Schema - IBES_v1.1.6.pdf,,See,,,cross_reference,See Also: Flag Code Cross-References on page 21.,116
qa_database_schema_ibes_v1_1_6,QA Database Schema - IBES_v1.1.6.pdf,,Cross,IBESMsrCode,,cross_reference,Cross-reference Measure with IBESMsrCode where Measure = Ibesmsrcode.MeasureCode.,117
qa_database_schema_ibes_v1_1_6,QA Database Schema - IBES_v1.1.6.pdf,,See,,,cross_reference,See Also: Flag Code Cross-References on page 21.,118
qa_database_schema_ibes_v1_1_6,QA Database Schema - IBES_v1.1.6.pdf,,Cross,IBESMsrCode,,cross_reference,Cross-reference Measure with IBESMsrCode where Measure = Ibesmsrcode.MeasureCode.,120
qa_database_schema_ibes_v1_1_6,QA Database Schema - IBES_v1.1.6.pdf,,See,,,cross_reference,See Also: Flag Code Cross-References on page 21.,120
qa_database_schema_ibes_v1_1_6,QA Database Schema - IBES_v1.1.6.pdf,,Cross,IBESMsrCode,,cross_reference,Cross-reference Measure with IBESMsrCode where Measure = Ibesmsrcode.MeasureCode.,121
qa_database_schema_ibes_v1_1_6,QA Database Schema - IBES_v1.1.6.pdf,,Cross,IBESPerCode,,cross_reference,Cross-reference these fields with IBESPerCode where: • PerType = Ibespercode.PeriodType • Forecast = Ibespercode.ForecastCode • Ibespercode.Flag = ‘Q’ Ibespercode.Desc_ describes the estimate period.,121
qa_database_schema_ibes_v1_1_6,QA Database Schema - IBES_v1.1.6.pdf,,See,,,cross_reference,See Also: Flag Code Cross-References on page 21.,121
qa_database_schema_ibes_v1_1_6,QA Database Schema - IBES_v1.1.6.pdf,,Cross,IBESMsrCode,,cross_reference,Cross-reference Measure with IBESMsrCode where Measure = Ibesmsrcode.MeasureCode.,122
qa_database_schema_ibes_v1_1_6,QA Database Schema - IBES_v1.1.6.pdf,,Cross,IBESPerCode,,cross_reference,Cross-reference these fields with IBESPerCode where: • PeriodType = Ibespercode.PeriodType • Forecast = Ibespercode.ForecastCode • Ibespercode.Flag = ‘Q’ Ibespercode.Desc_ describes the estimate period.,122
qa_database_schema_ibes_v1_1_6,QA Database Schema - IBES_v1.1.6.pdf,,See,,,cross_reference,See Also: Flag Code Cross-References on page 21.,122
qa_database_schema_ibes_v1_1_6,QA Database Schema - IBES_v1.1.6.pdf,,Cross,IBESMsrCode,,cross_reference,Cross-reference Measure with IBESMsrCode where Measure = Ibesmsrcode.MeasureCode.,124
qa_database_schema_ibes_v1_1_6,QA Database Schema - IBES_v1.1.6.pdf,,Cross,IBESPerCode,,cross_reference,Cross-reference these fields with IBESPerCode where: • PeriodType = Ibespercode.PeriodType • Forecast = Ibespercode.ForecastCode • Ibespercode.Flag = ‘Q’ Ibespercode.Desc_ describes the estimate period.,124
qa_database_schema_ibes_v1_1_6,QA Database Schema - IBES_v1.1.6.pdf,,See,,,cross_reference,See Also: Flag Code Cross-References on page 21.,124
qa_database_schema_ibes_v1_1_6,QA Database Schema - IBES_v1.1.6.pdf,IBGQRDet,AnalystCode,IBGDAnl,,cross_reference,AnalystCode cross-references with IBGDAnl where AnalystCode = Ibgdanl.Code.,125
qa_database_schema_ibes_v1_1_6,QA Database Schema - IBES_v1.1.6.pdf,,Cross,IBESMsrCode,,cross_reference,Cross-reference Measure with IBESMsrCode where Measure = Ibesmsrcode.MeasureCode.,126
qa_database_schema_ibes_v1_1_6,QA Database Schema - IBES_v1.1.6.pdf,,Cross,IBESPerCode,,cross_reference,Cross-reference these fields with IBESPerCode where: • PeriodType = Ibespercode.PeriodType • Forecast = Ibespercode.ForecastCode • Ibespercode.Flag = ‘Q’ Ibespercode.Desc_ describes the estimate period.,126
qa_database_schema_ibes_v1_1_6,QA Database Schema - IBES_v1.1.6.pdf,,See,,,cross_reference,See Also: Flag Code Cross-References on page 21.,126
qa_database_schema_ibes_v1_1_6,QA Database Schema - IBES_v1.1.6.pdf,IBGQRDet,AnalystCode,IBGDAnl,,cross_reference,AnalystCode cross-references with IBGDAnl where AnalystCode = Ibgdanl.Code.,127
qa_database_schema_ibes_v1_1_6,QA Database Schema - IBES_v1.1.6.pdf,,For,IBESInfo3,,cross_reference,"For information on the security, cross-reference Code with IBESInfo3.",128
qa_database_schema_ibes_v1_1_6,QA Database Schema - IBES_v1.1.6.pdf,,Cross,IBESMsrCode,,cross_reference,Cross-reference Measure with IBESMsrCode where Measure = Ibesmsrcode.MeasureCode.,128
qa_database_schema_ibes_v1_1_6,QA Database Schema - IBES_v1.1.6.pdf,,Cross,IBESPerCode,,cross_reference,"Cross-reference these fields with IBESPerCode where: • PerType = Ibespercode.PeriodType, and • Period = Ibespercode.Period, and • Ibespercode.Flag = ‘D’.",128
qa_database_schema_ibes_v1_1_6,QA Database Schema - IBES_v1.1.6.pdf,IBESUSDlyEst,Period,the,,cross_reference,Period also cross-references with the Period fields in I/B/E/S History and QFS tables.,128
qa_database_schema_ibes_v1_1_6,QA Database Schema - IBES_v1.1.6.pdf,,See,,,cross_reference,See Also: Flag Code Cross-References on page 21.,128
qa_database_schema_ibes_v1_1_6,QA Database Schema - IBES_v1.1.6.pdf,,For,IBESInfo3,,cross_reference,"For information on the security, cross-reference Code with IBESInfo3.",129
qa_database_schema_ibes_v1_1_6,QA Database Schema - IBES_v1.1.6.pdf,,For,IBESInfo3,,cross_reference,"For information on the security, cross-reference Code with IBESInfo3.",130
qa_database_schema_ibes_v1_1_6,QA Database Schema - IBES_v1.1.6.pdf,,For,IBGSInfo3,,cross_reference,"For information on the security, cross-reference Code with IBGSInfo3.",131
qa_database_schema_ibes_v1_1_6,QA Database Schema - IBES_v1.1.6.pdf,,Cross,IBESMsrCode,,cross_reference,Cross-reference Measure with IBESMsrCode where Measure = Ibesmsrcode.MeasureCode.,131
qa_database_schema_ibes_v1_1_6,QA Database Schema - IBES_v1.1.6.pdf,,Cross,IBESPerCode,,cross_reference,Cross-reference these fields with IBESPerCode where: • PerType = Ibespercode.PeriodType • Period = Ibespercode.Period • Ibespercode.Flag = ‘D’ Ibespercode.Desc_ describes the estimate period.,131
qa_database_schema_ibes_v1_1_6,QA Database Schema - IBES_v1.1.6.pdf,IBESIntDlyEst,Period,the,,cross_reference,Period also cross-references with the Period fields in I/B/E/S History and QFS tables.,131
qa_database_schema_ibes_v1_1_6,QA Database Schema - IBES_v1.1.6.pdf,,See,,,cross_reference,See Also: Flag Code Cross-References on page 21.,131
qa_database_schema_ibes_v1_1_6,QA Database Schema - IBES_v1.1.6.pdf,,For,IBGSInfo3,,cross_reference,"For information on the security, cross-reference Code with IBGSInfo3.",132
qa_database_schema_ibes_v1_1_6,QA Database Schema - IBES_v1.1.6.pdf,,For,IBGSInfo3,,cross_reference,"For information on the security, cross-reference Code with IBGSInfo3.",133
qa_database_schema_ibes_v1_1_6,QA Database Schema - IBES_v1.1.6.pdf,,For,IGAInfo,,cross_reference,"For information on the index, cross-reference this field with IGAInfo.Code.",134
qa_database_schema_ibes_v1_1_6,QA Database Schema - IBES_v1.1.6.pdf,,For,IGAInfo,,cross_reference,"For information on the index, cross-reference this field with IGAInfo.Code.",135
qa_database_schema_ibes_v1_1_6,QA Database Schema - IBES_v1.1.6.pdf,,For,IGAInfo,,cross_reference,"For information on the index, cross-reference this field with IGAInfo.Code.",136
qa_database_schema_ibes_v1_1_6,QA Database Schema - IBES_v1.1.6.pdf,,Cross,IBESMsrCode,,cross_reference,Cross-reference Measure with IBESMsrCode where Measure = Ibesmsrcode.MeasureCode.,136
qa_database_schema_ibes_v1_1_6,QA Database Schema - IBES_v1.1.6.pdf,,For,IGAInfo,,cross_reference,"For information on the index, cross-reference this field with IGAInfo.Code.",137
qa_database_schema_ibes_v1_1_6,QA Database Schema - IBES_v1.1.6.pdf,,Cross,IBESMsrCode,,cross_reference,Cross-reference Measure with IBESMsrCode where Measure = Ibesmsrcode.MeasureCode.,138
qa_database_schema_ibes_v1_1_6,QA Database Schema - IBES_v1.1.6.pdf,,QFS,the,,cross_reference,QFS • 3 = Compustat • 4 = Compustat AFR • 5 = First Call • 6 = Compustat Back Data • 7 = I/B/E/S Global History • 8 = I/B/E/S Global QFS • 9 = Compustat Preliminary • 10 = Compustat Daily VendorCode int N VendorCode cross-references with the entire specific vendor primary *INFO* table where VendorCode = *INFO*.Code.,139
qa_database_schema_idc_pricing_global_v1_0_7_2022_05_11,QA Database Schema - IDC Pricing (Global) v1.0.7_(2022-05-11).pdf,,,QAI,,join_hint,"Sample Query – adjusted pricing history The following query takes a given ID and returns the market cap history for the security: DECLARE @ID VARCHAR(20) SET @ID = '@HONDA9' -- Honda Motor SELECT S.ID AS ID , S.NAME , S.SEDOL , V.DATE_ , (V.CLOSE_ * A.FACTOR) AS ADJ_CLOSING_PRICE_LOCAL , (V.CLOSE_ * A.FACTOR) / X.RATE AS ADJ_CLOSING_PRICE_USD FROM QAI.DBO.GSECMSTRX S JOIN QAI.DBO.GSECMAPX M ON M.SECCODE = S.SECCODE AND M.VENTYPE = 1 -- Global Pricing JOIN QAI.DBO.GPRCVAL V ON V.CODE = M.VENCODE JOIN QAI.DBO.GPRCADJ A ON A.CODE = V.CODE AND V.DATE_ BETWEEN A.STARTDATE AND A.ENDDATE",8
qa_database_schema_idc_pricing_global_v1_0_7_2022_05_11,QA Database Schema - IDC Pricing (Global) v1.0.7_(2022-05-11).pdf,,,QAI,,join_hint,LSEG Quantitative Analytics Database Schema for IDC Equity Pricing (Global) 9 CORPORATE JOIN QAI.DBO.GPRCEXR X ON X.CURRENCY_ = V.CURRENCY_ AND X.DATE_ = V.DATE_ WHERE S.ID = @ID ORDER BY V.DATE_ DESC Gprccap: Global Pricing Capital Changes Use this table to retrieve global capital changes data.,9
qa_database_schema_idc_pricing_global_v1_0_7_2022_05_11,QA Database Schema - IDC Pricing (Global) v1.0.7_(2022-05-11).pdf,Gprccap,ChangeType,Gprccode,,cross_reference,ChangeType varchar(1) Y ChangeType can be cross-referenced with Gprccode where ChangeType = Gprccode.Code and Gprccode.Type_ = 81.,9
qa_database_schema_idc_pricing_global_v1_0_7_2022_05_11,QA Database Schema - IDC Pricing (Global) v1.0.7_(2022-05-11).pdf,,Cross,Gprccode,,cross_reference,Cross-reference IssueQualA with Gprccode where IssueQualA = Gprccode.Code and Gprccode.Type_ = 90.,10
qa_database_schema_idc_pricing_global_v1_0_7_2022_05_11,QA Database Schema - IDC Pricing (Global) v1.0.7_(2022-05-11).pdf,,Cross,Gprccode,,cross_reference,Cross-reference LastCumCurr with Gprccode where LastCumCurr = Gprccode.Code and Gprccode.Type_ = 6.,10
qa_database_schema_idc_pricing_global_v1_0_7_2022_05_11,QA Database Schema - IDC Pricing (Global) v1.0.7_(2022-05-11).pdf,,Cross,Gprccode,,cross_reference,Cross-reference FirstExCurr with Gprccode where FirstExCurr = Gprccode.Code and Gprccode.Type_ = 6.,10
qa_database_schema_idc_pricing_global_v1_0_7_2022_05_11,QA Database Schema - IDC Pricing (Global) v1.0.7_(2022-05-11).pdf,Gprccapa,XRefMarkA,,,cross_reference,XRefMarkA varchar(1) Y XRefMarkA is a capitalization change cross-reference marker.,10
qa_database_schema_idc_pricing_global_v1_0_7_2022_05_11,QA Database Schema - IDC Pricing (Global) v1.0.7_(2022-05-11).pdf,,Cross,Gprccode,,cross_reference,Cross-reference XRefMarkA with Gprccode where XRefMarkA = Gprccode.Code and Gprccode.Type_ = 91.,10
qa_database_schema_idc_pricing_global_v1_0_7_2022_05_11,QA Database Schema - IDC Pricing (Global) v1.0.7_(2022-05-11).pdf,Gprccapa,XRefSedolA,,,cross_reference,XRefSedolA varchar(6) Y XRefSedolA is a capitalization change cross-reference marker.,10
qa_database_schema_idc_pricing_global_v1_0_7_2022_05_11,QA Database Schema - IDC Pricing (Global) v1.0.7_(2022-05-11).pdf,Gprccapa,XRefMarkB,,,cross_reference,XRefMarkB varchar(1) Y XRefMarkB is a capitalization change cross-reference marker.,11
qa_database_schema_idc_pricing_global_v1_0_7_2022_05_11,QA Database Schema - IDC Pricing (Global) v1.0.7_(2022-05-11).pdf,,Cross,Gprccode,,cross_reference,Cross-reference XRefMarkA with Gprccode where XRefMarkA = Gprccode.Code and Gprccode.Type_ = 91.,11
qa_database_schema_idc_pricing_global_v1_0_7_2022_05_11,QA Database Schema - IDC Pricing (Global) v1.0.7_(2022-05-11).pdf,Gprccapa,XRefSedolB,,,cross_reference,XRefSedolB varchar(6) Y XRefSedolB is a capitalization change cross-reference marker.,11
qa_database_schema_idc_pricing_global_v1_0_7_2022_05_11,QA Database Schema - IDC Pricing (Global) v1.0.7_(2022-05-11).pdf,,Cross,Gprccode,,cross_reference,Cross-reference MECalcBasis with Gprccode where MECalcBasis = Gprccode.Code and Gprccode.Type_ = 92.,11
qa_database_schema_idc_pricing_global_v1_0_7_2022_05_11,QA Database Schema - IDC Pricing (Global) v1.0.7_(2022-05-11).pdf,,Cross,Gprccode,,cross_reference,Cross-reference NewShrRights with Gprccode where NewShrRights = Gprccode.Code and Gprccode.Type_ = 93.,11
qa_database_schema_idc_pricing_global_v1_0_7_2022_05_11,QA Database Schema - IDC Pricing (Global) v1.0.7_(2022-05-11).pdf,,Cross,Gprccode,,cross_reference,Cross-reference SpecMarker with Gprccode where SpecMarker = Gprccode.Code and Gprccode.Type_ = 94.,11
qa_database_schema_idc_pricing_global_v1_0_7_2022_05_11,QA Database Schema - IDC Pricing (Global) v1.0.7_(2022-05-11).pdf,,Cross,Gprccode,,cross_reference,Cross-reference IssueQualB with Gprccode where IssueQualB = Gprccode.Code and Gprccode.Type_ = 90.,11
qa_database_schema_idc_pricing_global_v1_0_7_2022_05_11,QA Database Schema - IDC Pricing (Global) v1.0.7_(2022-05-11).pdf,,Cross,Gprccode,,cross_reference,Cross-reference this field with Gprccode where MENewCurr1 = Gprccode.Code and Gprccode.Type_ = 6.,11
qa_database_schema_idc_pricing_global_v1_0_7_2022_05_11,QA Database Schema - IDC Pricing (Global) v1.0.7_(2022-05-11).pdf,,Cross,Gprccode,,cross_reference,Cross-reference these fields with Gprccode where MEOldCurr1 = Gprccode.Code and Gprccode.Type_ = 6.,11
qa_database_schema_idc_pricing_global_v1_0_7_2022_05_11,QA Database Schema - IDC Pricing (Global) v1.0.7_(2022-05-11).pdf,,Cross,Gprccode,,cross_reference,Cross-reference this field with Gprccode where MEPriceCurr1 = Gprccode.Code and Gprccode.Type_ = 6.,11
qa_database_schema_idc_pricing_global_v1_0_7_2022_05_11,QA Database Schema - IDC Pricing (Global) v1.0.7_(2022-05-11).pdf,,Cross,Gprccode,,cross_reference,Cross-reference this field with Gprccode where MENewCurr2 = Gprccode.Code and Gprccode.Type_ = 6.,12
qa_database_schema_idc_pricing_global_v1_0_7_2022_05_11,QA Database Schema - IDC Pricing (Global) v1.0.7_(2022-05-11).pdf,,Cross,Gprccode,,cross_reference,Cross-reference these fields with Gprccode where MEOldCurr2 = Gprccode.Code and Gprccode.Type_ = 6.,12
qa_database_schema_idc_pricing_global_v1_0_7_2022_05_11,QA Database Schema - IDC Pricing (Global) v1.0.7_(2022-05-11).pdf,,Cross,Gprccode,,cross_reference,Cross-reference this field with Gprccode where MEPriceCurr2 = Gprccode.Code and Gprccode.Type_ = 6.,12
qa_database_schema_idc_pricing_global_v1_0_7_2022_05_11,QA Database Schema - IDC Pricing (Global) v1.0.7_(2022-05-11).pdf,,Cross,Gprccode,,cross_reference,Cross-reference this field with Gprccode where MENewCurr3 = Gprccode.Code and Gprccode.Type_ = 6.,12
qa_database_schema_idc_pricing_global_v1_0_7_2022_05_11,QA Database Schema - IDC Pricing (Global) v1.0.7_(2022-05-11).pdf,,Cross,Gprccode,,cross_reference,Cross-reference these fields with Gprccode where MEOldCurr3 = Gprccode.Code and Gprccode.Type_ = 6.,12
qa_database_schema_idc_pricing_global_v1_0_7_2022_05_11,QA Database Schema - IDC Pricing (Global) v1.0.7_(2022-05-11).pdf,,Cross,Gprccode,,cross_reference,Cross-reference this field with Gprccode where MEPriceCurr3 = Gprccode.Code and Gprccode.Type_ = 6.,12
qa_database_schema_idc_pricing_global_v1_0_7_2022_05_11,QA Database Schema - IDC Pricing (Global) v1.0.7_(2022-05-11).pdf,,Cross,Gprccode,,cross_reference,Cross-reference this field with Gprccode where MENewCurr4 = Gprccode.Code and Gprccode.Type_ = 6.,12
qa_database_schema_idc_pricing_global_v1_0_7_2022_05_11,QA Database Schema - IDC Pricing (Global) v1.0.7_(2022-05-11).pdf,,Cross,Gprccode,,cross_reference,Cross-reference these fields with Gprccode where MEOldCurr4 = Gprccode.Code and Gprccode.Type_ = 6.,12
qa_database_schema_idc_pricing_global_v1_0_7_2022_05_11,QA Database Schema - IDC Pricing (Global) v1.0.7_(2022-05-11).pdf,,Cross,Gprccode,,cross_reference,Cross-reference this field with Gprccode where MEPriceCurr4 = Gprccode.Code and Gprccode.Type_ = 6.,12
qa_database_schema_idc_pricing_global_v1_0_7_2022_05_11,QA Database Schema - IDC Pricing (Global) v1.0.7_(2022-05-11).pdf,,Cross,Gprccode,,cross_reference,Cross-reference RateCurr with Gprccode where RateCurr = Gprccode.Code and Gprccode.Type_ = 6.,13
qa_database_schema_idc_pricing_global_v1_0_7_2022_05_11,QA Database Schema - IDC Pricing (Global) v1.0.7_(2022-05-11).pdf,,Cross,Gprccode,,cross_reference,Cross-reference this with Gprccode where OldCnvUnitAmtCurr = Gprccode.code and Gprccode.Type_ = 6.,13
qa_database_schema_idc_pricing_global_v1_0_7_2022_05_11,QA Database Schema - IDC Pricing (Global) v1.0.7_(2022-05-11).pdf,,Cross,Gprccode,,cross_reference,Cross-reference with Gprccode where NextAssetSecType = Gprccode.code and Gprccode.Type_ = 76.,14
qa_database_schema_idc_pricing_global_v1_0_7_2022_05_11,QA Database Schema - IDC Pricing (Global) v1.0.7_(2022-05-11).pdf,,Cross,Gprccode,,cross_reference,Cross-reference PayType with Gprccode where PayType = Gprccode.Code and Gprccode.Type_ = 78.,16
qa_database_schema_idc_pricing_global_v1_0_7_2022_05_11,QA Database Schema - IDC Pricing (Global) v1.0.7_(2022-05-11).pdf,,Cross,Gprccode,,cross_reference,Cross-reference ValMarker with Gprccode where ValMarker = Gprccode.Code and Gprccode.Type_ = 80.,16
qa_database_schema_idc_pricing_global_v1_0_7_2022_05_11,QA Database Schema - IDC Pricing (Global) v1.0.7_(2022-05-11).pdf,,Cross,Gprccode,,cross_reference,Cross-reference TaxMarker with Gprccode where TaxMarker = Gprccode.Code and Gprccode.Type_ = 79.,16
qa_database_schema_idc_pricing_global_v1_0_7_2022_05_11,QA Database Schema - IDC Pricing (Global) v1.0.7_(2022-05-11).pdf,,Cross,Gprccode,,cross_reference,Cross-reference AdjValueCurr with Gprccode.Code where Type_ = 6.,17
qa_database_schema_idc_pricing_global_v1_0_7_2022_05_11,QA Database Schema - IDC Pricing (Global) v1.0.7_(2022-05-11).pdf,,Cross,Gprccode,,cross_reference,Cross-reference IncTaxQualCode with Gprccode.Code where Type_ = 147.,17
qa_database_schema_idc_pricing_global_v1_0_7_2022_05_11,QA Database Schema - IDC Pricing (Global) v1.0.7_(2022-05-11).pdf,,Cross,Gprccode,,cross_reference,Cross-reference UnAdjTaxCreditCurr with Gprccode.Code where Type_ = 6.,17
qa_database_schema_idc_pricing_global_v1_0_7_2022_05_11,QA Database Schema - IDC Pricing (Global) v1.0.7_(2022-05-11).pdf,,Cross,Gprccode,,cross_reference,Cross-reference PeriodEndDateMarker with Gprccode.Code where Type_ = 148.,17
qa_database_schema_idc_pricing_global_v1_0_7_2022_05_11,QA Database Schema - IDC Pricing (Global) v1.0.7_(2022-05-11).pdf,,Cross,Gprccode,,cross_reference,Cross-reference EarnAmtMark with Gprccode where EarnAmtMark = Gprccode.Code and Gprccode.Type_ = 137.,18
qa_database_schema_idc_pricing_global_v1_0_7_2022_05_11,QA Database Schema - IDC Pricing (Global) v1.0.7_(2022-05-11).pdf,,Cross,Gprccode,,cross_reference,Cross-reference EarnQuaMark with Gprccode where EarnQualMark = Gprccode.Code and Gprccode.Type_ = 138.,18
qa_database_schema_idc_pricing_global_v1_0_7_2022_05_11,QA Database Schema - IDC Pricing (Global) v1.0.7_(2022-05-11).pdf,,Cross,Gprccode,,cross_reference,Cross-reference EarnAmtCurr12M with Gprccode where EarnAmtCurr12M = Gprccode.Code and Gprccode.Type_ = 6.,18
qa_database_schema_idc_pricing_global_v1_0_7_2022_05_11,QA Database Schema - IDC Pricing (Global) v1.0.7_(2022-05-11).pdf,,Cross,Gprccode,,cross_reference,Cross-reference EarnAmtMark12M with Gprccode where EarnAmtMark12M = Gprccode.Code and Gprccode.Type_ = 137.,18
qa_database_schema_idc_pricing_global_v1_0_7_2022_05_11,QA Database Schema - IDC Pricing (Global) v1.0.7_(2022-05-11).pdf,,Cross,Gprccode,,cross_reference,Cross-reference EarnQualMark12M with Gprccode where EarnQualMark12M = Gprccode.Code and Gprccode.Type_ = 138.,18
qa_database_schema_idc_pricing_global_v1_0_7_2022_05_11,QA Database Schema - IDC Pricing (Global) v1.0.7_(2022-05-11).pdf,,Cross,Gprccode,,cross_reference,Cross-reference UncLiabCurr with Gprccode where UncLiabCurr = Gprccode.Code and Gprccode.Type_ = 6.,20
qa_database_schema_idc_pricing_global_v1_0_7_2022_05_11,QA Database Schema - IDC Pricing (Global) v1.0.7_(2022-05-11).pdf,,Cross,Gprccode,,cross_reference,Cross-reference XRefA with Gprccode.Code where Type_ = 169.,20
qa_database_schema_idc_pricing_global_v1_0_7_2022_05_11,QA Database Schema - IDC Pricing (Global) v1.0.7_(2022-05-11).pdf,,Cross,Gprccode,,cross_reference,Cross-reference XRefB with Gprccode.Code where Type_ = 169.,20
qa_database_schema_idc_pricing_global_v1_0_7_2022_05_11,QA Database Schema - IDC Pricing (Global) v1.0.7_(2022-05-11).pdf,,Cross,Gprccode,,cross_reference,Cross-reference XRefC with Gprccode.Code where Type_ = 169.,20
qa_database_schema_idc_pricing_global_v1_0_7_2022_05_11,QA Database Schema - IDC Pricing (Global) v1.0.7_(2022-05-11).pdf,,Cross,Gprccode,,cross_reference,Cross-reference AccrIntBasis with Gprccode where AccrIntBasis = Gprccode.Code and Gprccode.Type_ = 114.,20
qa_database_schema_idc_pricing_global_v1_0_7_2022_05_11,QA Database Schema - IDC Pricing (Global) v1.0.7_(2022-05-11).pdf,,Cross,Gprccode,,cross_reference,Cross-reference InstForm with Gprccode where InstForm = Gprccode.Code and Gprccode.Type_ = 115.,20
qa_database_schema_idc_pricing_global_v1_0_7_2022_05_11,QA Database Schema - IDC Pricing (Global) v1.0.7_(2022-05-11).pdf,,Cross,Gprccode,,cross_reference,Cross-reference LocIdxCon with Gprccode where LocIdxCon = Gprccode.Code and Gprccode.Type_ = 116.,20
qa_database_schema_idc_pricing_global_v1_0_7_2022_05_11,QA Database Schema - IDC Pricing (Global) v1.0.7_(2022-05-11).pdf,,Cross,Gprccode,,cross_reference,Cross-reference FTSEIdxGrp with Gprccode where FTSEIdxGrp = Gprccode.Code and Gprccode.Type_ = 117.,20
qa_database_schema_idc_pricing_global_v1_0_7_2022_05_11,QA Database Schema - IDC Pricing (Global) v1.0.7_(2022-05-11).pdf,,LSEG,Gprccode,,cross_reference,LSEG Quantitative Analytics Database Schema for IDC Equity Pricing (Global) 21 CORPORATE Field Type Nullable Description Cross-reference AccrIntPrc with Gprccode where AccrIntPrc = Gprccode.Code and Gprccode.Type_ = 118.,21
qa_database_schema_idc_pricing_global_v1_0_7_2022_05_11,QA Database Schema - IDC Pricing (Global) v1.0.7_(2022-05-11).pdf,,Cross,Gprccode,,cross_reference,Cross-reference VoteRgts with Gprccode where VoteRgts = Gprccode.Code and Gprccode.Type_ = 119.,21
qa_database_schema_idc_pricing_global_v1_0_7_2022_05_11,QA Database Schema - IDC Pricing (Global) v1.0.7_(2022-05-11).pdf,,Cross,Gprccode,,cross_reference,Cross-reference FTSEIdxEcon with Gprccode where FTSEIdxEcon = Gprccode.Code and Gprccode.Type_ = 120.,21
qa_database_schema_idc_pricing_global_v1_0_7_2022_05_11,QA Database Schema - IDC Pricing (Global) v1.0.7_(2022-05-11).pdf,,Cross,Gprccode,,cross_reference,Cross-reference FTSEIdxInd with Gprccode where FTSEIdxInd = Gprccode.Code and Gprccode.Type_ = 121.,21
qa_database_schema_idc_pricing_global_v1_0_7_2022_05_11,QA Database Schema - IDC Pricing (Global) v1.0.7_(2022-05-11).pdf,,Cross,Gprccode,,cross_reference,Cross-reference LocIdxCon1 with Gprccode where LocIdxCon1 = Gprccode.Code and Gprccode.Type_ = 122.,21
qa_database_schema_idc_pricing_global_v1_0_7_2022_05_11,QA Database Schema - IDC Pricing (Global) v1.0.7_(2022-05-11).pdf,,Cross,Gprccode,,cross_reference,Cross-reference LocIdxCon2 with Gprccode where LocIdxCon2 = Gprccode.Code and Gprccode.Type_ = 123.,21
qa_database_schema_idc_pricing_global_v1_0_7_2022_05_11,QA Database Schema - IDC Pricing (Global) v1.0.7_(2022-05-11).pdf,,Cross,Gprccode,,cross_reference,Cross-reference LocIdxCon3 with Gprccode where LocIdxCon3 = Gprccode.Code and Gprccode.Type_ = 124.,21
qa_database_schema_idc_pricing_global_v1_0_7_2022_05_11,QA Database Schema - IDC Pricing (Global) v1.0.7_(2022-05-11).pdf,,Cross,Gprccode,,cross_reference,Cross-reference LocIdxCon4 with Gprccode where LocIdxCon4 = Gprccode.Code and Gprccode.Type_ = 125.,21
qa_database_schema_idc_pricing_global_v1_0_7_2022_05_11,QA Database Schema - IDC Pricing (Global) v1.0.7_(2022-05-11).pdf,,Cross,Gprccode,,cross_reference,Cross-reference LocIdxCon5 with Gprccode where LocIdxCon5 = Gprccode.Code and Gprccode.Type_ = 126.,21
qa_database_schema_idc_pricing_global_v1_0_7_2022_05_11,QA Database Schema - IDC Pricing (Global) v1.0.7_(2022-05-11).pdf,,Cross,Gprccode,,cross_reference,Cross-reference MktLbl with Gprccode.Code where Type_ = 129.,21
qa_database_schema_idc_pricing_global_v1_0_7_2022_05_11,QA Database Schema - IDC Pricing (Global) v1.0.7_(2022-05-11).pdf,,Cross,Gprccode,,cross_reference,Cross-reference QuoteCtry with Gprccode.Code where Type_ = 2.,23
qa_database_schema_idc_pricing_global_v1_0_7_2022_05_11,QA Database Schema - IDC Pricing (Global) v1.0.7_(2022-05-11).pdf,,Cross,Gprccode,,cross_reference,Cross-reference Exchange with Gprccode where QuoteCtry + Exchange = Gprccode.Code and Gprccode.Type_ = 75.,23
qa_database_schema_idc_pricing_global_v1_0_7_2022_05_11,QA Database Schema - IDC Pricing (Global) v1.0.7_(2022-05-11).pdf,,Cross,Gprccode,,cross_reference,Cross-reference IssueCtry with Gprccode .Code where Type_ = 2.,23
qa_database_schema_idc_pricing_global_v1_0_7_2022_05_11,QA Database Schema - IDC Pricing (Global) v1.0.7_(2022-05-11).pdf,,Cross,Gprccode,,cross_reference,Cross-reference SecType with Gprccode.Code where Type_ = 76.,23
qa_database_schema_idc_pricing_global_v1_0_7_2022_05_11,QA Database Schema - IDC Pricing (Global) v1.0.7_(2022-05-11).pdf,,Cross,Gprccode,,cross_reference,Cross-reference Industry with Gprccode where QuoteCtry code = (%%) of Gprccode.Desc_ and Gprccode.Type_ = 1.,23
qa_database_schema_idc_pricing_global_v1_0_7_2022_05_11,QA Database Schema - IDC Pricing (Global) v1.0.7_(2022-05-11).pdf,,To,Gprccode,,cross_reference,"To perform the industry description lookup, cross-reference Industry with Gprccode where Industry = Gprccode.Code and Type_ = 36.",23
qa_database_schema_idc_pricing_global_v1_0_7_2022_05_11,QA Database Schema - IDC Pricing (Global) v1.0.7_(2022-05-11).pdf,,Cross,Gprccode,,cross_reference,Cross-reference Health with Gprccode where Health = Gprccode.Code and Type_ = 82.,23
qa_database_schema_idc_pricing_global_v1_0_7_2022_05_11,QA Database Schema - IDC Pricing (Global) v1.0.7_(2022-05-11).pdf,,Cross,Gprccode,,cross_reference,Cross-reference Currency_ with Gprccode where Currency_ = Gprccode.Code and Gprccode.Type_ = 6.,24
qa_database_schema_idc_pricing_global_v1_0_7_2022_05_11,QA Database Schema - IDC Pricing (Global) v1.0.7_(2022-05-11).pdf,Gprcnom,Marker,Gprccode,,cross_reference,Marker can be cross-referenced with Gprccode where Marker = Gprccode.Code and Gprccode.Type_ = 88.,24
qa_database_schema_idc_pricing_global_v1_0_7_2022_05_11,QA Database Schema - IDC Pricing (Global) v1.0.7_(2022-05-11).pdf,,Cross,Gprccode,,cross_reference,Cross-reference TotDivMarker with Gprccode where TotDivMarker = Gprccode.Code and Gprccode.Type_ = 130.,24
qa_database_schema_idc_pricing_global_v1_0_7_2022_05_11,QA Database Schema - IDC Pricing (Global) v1.0.7_(2022-05-11).pdf,,Cross,Gprccode,,cross_reference,Cross-reference DivRuleNumb with Gprccode where DivRuleNumb = Gprccode.Code and Gprccode.Type_ = 131.,24
qa_database_schema_idc_pricing_global_v1_0_7_2022_05_11,QA Database Schema - IDC Pricing (Global) v1.0.7_(2022-05-11).pdf,,Cross,Gprccode,,cross_reference,Cross-reference DivGenMarkA with Gprccode where DivGenMarkA = Gprccode.Code and Gprccode.Type_ = 132.,24
qa_database_schema_idc_pricing_global_v1_0_7_2022_05_11,QA Database Schema - IDC Pricing (Global) v1.0.7_(2022-05-11).pdf,,Cross,Gprccode,,cross_reference,Cross-reference DivGenMarkDate with Gprccode where DivGenMarkDate = Gprccode.Code and Gprccode.Type_ = 134.,24
qa_database_schema_idc_pricing_global_v1_0_7_2022_05_11,QA Database Schema - IDC Pricing (Global) v1.0.7_(2022-05-11).pdf,,Cross,Gprccode,,cross_reference,Cross-reference PayFreq with Gprccode where PayFreq = Gprccode.Code and Gprccode.Type_ = 136.,25
qa_database_schema_idc_pricing_global_v1_0_7_2022_05_11,QA Database Schema - IDC Pricing (Global) v1.0.7_(2022-05-11).pdf,GPrcQBM,QBM,,,cross_reference,QBM varchar(2) Y QBM cross-references Gprccode where GPrcQBM.QBM = Gprccode.CODE and Gprccode.TYPE_=154.,26
qa_database_schema_idc_pricing_global_v1_0_7_2022_05_11,QA Database Schema - IDC Pricing (Global) v1.0.7_(2022-05-11).pdf,GPrcQBM,QBM,,,cross_reference,QBM cross-references the divisor where GPrcQBM.QBM = Gprccode.CODE and Gprccode.TYPE_=166.,26
qa_database_schema_idc_pricing_global_v1_0_7_2022_05_11,QA Database Schema - IDC Pricing (Global) v1.0.7_(2022-05-11).pdf,,Cross,Gprccode,,cross_reference,Cross-reference Exchange with Gprccode where QuoteCtry + Exchange = Gprccode.Code and Gprccode.Type_ = 75.,27
qa_database_schema_idc_pricing_global_v1_0_7_2022_05_11,QA Database Schema - IDC Pricing (Global) v1.0.7_(2022-05-11).pdf,,Cross,Gprccode,,cross_reference,Cross-reference QuoteCtry with Gprccode.Code where Type_ = 2.,27
qa_database_schema_idc_pricing_global_v1_0_7_2022_05_11,QA Database Schema - IDC Pricing (Global) v1.0.7_(2022-05-11).pdf,,Cross,Gprccode,,cross_reference,Cross-reference IssueCtry with Gprccode .Code where Type_ = 2.,27
qa_database_schema_idc_pricing_global_v1_0_7_2022_05_11,QA Database Schema - IDC Pricing (Global) v1.0.7_(2022-05-11).pdf,,Cross,Gprccode,,cross_reference,Cross-reference Marker with Gprccode where Marker = Gprccode.Code and Gprccode.Type_ = 140.,28
qa_database_schema_idc_pricing_global_v1_0_7_2022_05_11,QA Database Schema - IDC Pricing (Global) v1.0.7_(2022-05-11).pdf,,Cross,Gprccode,,cross_reference,Cross-reference QualCode with Gprccode where QualCode = Gprccode.Code and Gprccode.Type_ = 141.,28
qa_database_schema_idc_pricing_global_v1_0_7_2022_05_11,QA Database Schema - IDC Pricing (Global) v1.0.7_(2022-05-11).pdf,,Cross,Gprccode,,cross_reference,Cross-reference OfferCurr with Gprccode where OfferCurr = Gprccode.Code and Gprccode.Type_ = 6.,28
qa_database_schema_idc_pricing_global_v1_0_7_2022_05_11,QA Database Schema - IDC Pricing (Global) v1.0.7_(2022-05-11).pdf,,Cross,Gprccode,,cross_reference,Cross-reference MultInd with Gprccode where MultInd = Gprccode.Code and Gprccode.Type_ = 142.,28
qa_database_schema_idc_pricing_global_v1_0_7_2022_05_11,QA Database Schema - IDC Pricing (Global) v1.0.7_(2022-05-11).pdf,Gprctom,CashCurr1,Gprccode,,cross_reference,CashCurr1 can be cross-referenced with Gprccode where CashCurr1 = Gprccode.Code and Gprccode.Type_ = 6.,28
qa_database_schema_idc_pricing_global_v1_0_7_2022_05_11,QA Database Schema - IDC Pricing (Global) v1.0.7_(2022-05-11).pdf,,Cross,Gprccode,,cross_reference,Cross-reference OfferedType2 with Gprccode where OfferedType2 = Gprccode.Code and Gprccode.Type_ = 76.,29
qa_database_schema_idc_pricing_global_v1_0_7_2022_05_11,QA Database Schema - IDC Pricing (Global) v1.0.7_(2022-05-11).pdf,Gprcval,Exchange,Gprccode,,cross_reference,Exchange cross-references with Gprccode where Exchange = Gprccode.Code and Gprccode.Type_ = 75.,29
qa_database_schema_idc_pricing_global_v1_0_7_2022_05_11,QA Database Schema - IDC Pricing (Global) v1.0.7_(2022-05-11).pdf,,Cross,Gprccode,,cross_reference,Cross-reference QuoteCurr with Gprccode where QuoteCurr = Gprccode.code and Gprccode.Type_ = 6.,30
qa_database_schema_idc_pricing_global_v1_0_7_2022_05_11,QA Database Schema - IDC Pricing (Global) v1.0.7_(2022-05-11).pdf,,It,,,cross_reference,It cross-references Gprccode where EventMarker = Gprccode.Code and Gprccode.Type_ = 151.,30
qa_database_schema_idc_pricing_global_v1_0_7_2022_05_11,QA Database Schema - IDC Pricing (Global) v1.0.7_(2022-05-11).pdf,GprcValA,PrcCondMarker,,,cross_reference,PrcCondMarker cross-references Gprccode where PrcCondMarker = Gprccode.Code and Gprccode.Type_ = 152.,30
qa_database_schema_idc_pricing_global_v1_0_7_2022_05_11,QA Database Schema - IDC Pricing (Global) v1.0.7_(2022-05-11).pdf,,It,,,cross_reference,It cross-references Gprccode where VolMarker = Gprccode.Code and Gprccode.Type_ = 153.,30
qa_database_schema_idc_pricing_global_v1_0_7_2022_05_11,QA Database Schema - IDC Pricing (Global) v1.0.7_(2022-05-11).pdf,,It,,,cross_reference,It cross-references Gprccode where QuoteBasisMarker = Gprccode.Code and Gprccode.Type_ = 154.,30
qa_database_schema_idc_pricing_global_v1_0_7_2022_05_11,QA Database Schema - IDC Pricing (Global) v1.0.7_(2022-05-11).pdf,GprcValA,QuoteTypeCode,,,cross_reference,QuoteTypeCode cross-references Gprccode where QuoteTypeCode = Gprccode.Code and Gprccode.Type_ = 155.,30
qa_database_schema_idc_pricing_global_v1_0_7_2022_05_11,QA Database Schema - IDC Pricing (Global) v1.0.7_(2022-05-11).pdf,,Cross,Gprccode,,cross_reference,Cross-reference CloseTypeCode with Gprccode where CloseTypeCode = Gprccode.Code and Gprccode.Type_ = 155.,30
qa_database_schema_idc_pricing_global_v1_0_7_2022_05_11,QA Database Schema - IDC Pricing (Global) v1.0.7_(2022-05-11).pdf,,Cross,,,cross_reference,Cross-reference HighLowTypeCode Gprccode where HighLowTypeCode = Gprccode.Code and Gprccode.Type_ = 155.,30
qa_database_schema_idc_pricing_na_v1_0_4_2024_01_15,QA Database Schema - IDC Pricing (NA) v1.0.4 (2024-01-15).pdf,,Cross,prc,,cross_reference,Cross-reference Ratio with prc.PrcShr and apply the ratio to shares outstanding for the specified time period.,9
qa_database_schema_idc_pricing_na_v1_0_4_2024_01_15,QA Database Schema - IDC Pricing (NA) v1.0.4 (2024-01-15).pdf,Schema,PayType,dbo,,cross_reference,PayType smallint Y PayType cross-references with dbo.PrcCode2 where PayType = PrcCode2.Code and PrcCode2.Type_ = 3.,10
qa_database_schema_idc_pricing_na_v1_0_4_2024_01_15,QA Database Schema - IDC Pricing (NA) v1.0.4 (2024-01-15).pdf,Schema,CurrCode,PayType,,cross_reference,"CurrCode can be: Unknown currency, paired with PayType 9 (currency other than US or Canadian) (-1) No currency conversion is necessary (0) Currency conversion is applicable (1) For all other values, cross-reference CurrCode with prc.PrcCur.Code.",11
qa_database_schema_idc_pricing_na_v1_0_4_2024_01_15,QA Database Schema - IDC Pricing (NA) v1.0.4 (2024-01-15).pdf,Schema,SuppType2,dbo,,cross_reference,SuppType2 cross-references with dbo.PrcCode2 where SuppType2 = PrcCode2.Code and PrcCode2.Type_ = 4.,12
qa_database_schema_idc_pricing_na_v1_0_4_2024_01_15,QA Database Schema - IDC Pricing (NA) v1.0.4 (2024-01-15).pdf,,To,dbo,,cross_reference,"To determine the multiplier (primarily for currencies), cross-reference Code with dbo.CPrcInfo.Issue where CPrcIdx.Code = CPrcInfo.Code.",17
qa_database_schema_idc_pricing_na_v1_0_4_2024_01_15,QA Database Schema - IDC Pricing (NA) v1.0.4 (2024-01-15).pdf,CCFactor,IssueStatus,dbo,,cross_reference,IssueStatus cross-references with dbo.PrcCode2 where ascii(IssueStatus) = PrcCode2.Code and PrcCode2.Type_ = 5.,17
qa_database_schema_idc_pricing_na_v1_0_4_2024_01_15,QA Database Schema - IDC Pricing (NA) v1.0.4 (2024-01-15).pdf,,It,prc,,cross_reference,It cross-references with prc.PrcCur where Country = PrcCur.Country for the country name.,20
qa_database_schema_idc_pricing_na_v1_0_4_2024_01_15,QA Database Schema - IDC Pricing (NA) v1.0.4 (2024-01-15).pdf,,It,dbo,,cross_reference,It cross-references with dbo.PrcCode2 where ascii(CurrEx) = PrcCode2.Code and PrcCode2.Type_ = 2.,20
qa_database_schema_idc_pricing_na_v1_0_4_2024_01_15,QA Database Schema - IDC Pricing (NA) v1.0.4 (2024-01-15).pdf,,It,dbo,,cross_reference,It cross-references with dbo.PrcCode2 where ascii(HistEx) = PrcCode2.Code and PrcCode2.Type_ = 2.,20
qa_database_schema_idc_pricing_na_v1_0_4_2024_01_15,QA Database Schema - IDC Pricing (NA) v1.0.4 (2024-01-15).pdf,,It,dbo,,cross_reference,It cross-references with dbo.PrcCode2 where ascii(SecType) = PrcCode2.Code and PrcCode2.Type_ = 1.,20
qa_database_schema_idc_pricing_na_v1_0_4_2024_01_15,QA Database Schema - IDC Pricing (NA) v1.0.4 (2024-01-15).pdf,,It,dbo,,cross_reference,It cross-references with dbo.PrcCode2 where ascii(Status) = PrcCode2.Code and PrcCode2.Type_ = 5.,20
qa_database_schema_idc_pricing_na_v1_0_4_2024_01_15,QA Database Schema - IDC Pricing (NA) v1.0.4 (2024-01-15).pdf,,It,dbo,,cross_reference,It cross-references with dbo.PrcCode2 where SIC = PrcCode2.Code and PrcCode2.Type_ = 7.,20
qa_database_schema_idc_pricing_na_v1_0_4_2024_01_15,QA Database Schema - IDC Pricing (NA) v1.0.4 (2024-01-15).pdf,Changes,Group_,dbo,,cross_reference,Group_ varchar(1) Y Group_ cross-references with dbo.PrcCode2 where ascii(Group_) = PrcCode2.Code and Type_ = 13 (for listed equities) or Type_ = 14 (for non-listed equities).,21
qa_database_schema_idc_pricing_na_v1_0_4_2024_01_15,QA Database Schema - IDC Pricing (NA) v1.0.4 (2024-01-15).pdf,Changes,Series,dbo,,cross_reference,Series varchar(1) Y Series cross-references with dbo.PrcCode2 where ascii(Series) = PrcCode2.Code and Type_ = 15 (for listed equities) or Type_ = 16 (for non-listed equities).,21
qa_database_schema_idc_pricing_na_v1_0_4_2024_01_15,QA Database Schema - IDC Pricing (NA) v1.0.4 (2024-01-15).pdf,,Cross,prc,,cross_reference,Cross-reference Ratio with prc.PrcShr and apply the ratio to shares outstanding for the specified time period.,24
qa_database_schema_idc_pricing_na_v1_0_4_2024_01_15,QA Database Schema - IDC Pricing (NA) v1.0.4 (2024-01-15).pdf,,Cross,prc,,cross_reference,Cross-reference Ratio with prc.PrcShr and apply the ratio to shares outstanding for the specified time period.,25
qa_database_schema_idc_pricing_na_v1_0_4_2024_01_15,QA Database Schema - IDC Pricing (NA) v1.0.4 (2024-01-15).pdf,,For,This,,cross_reference,"For information about Special Dates tables, refer to the Database Schema for LSEG Quantitative Analytics Core Tables document posted on the LSEG Quantitative Analytics product page at MyAccount. prc.PrcCur: Pricing Currency Information This table contains currency description, definition, and cross-reference data when available.",27
qa_database_schema_idc_pricing_na_v1_0_4_2024_01_15,QA Database Schema - IDC Pricing (NA) v1.0.4 (2024-01-15).pdf,,It,prc,,cross_reference,It cross-references with prc.PrcCur where Country = PrcCur.Country for the country name.,27
qa_database_schema_idc_pricing_na_v1_0_4_2024_01_15,QA Database Schema - IDC Pricing (NA) v1.0.4 (2024-01-15).pdf,Schema,PayType,dbo,,cross_reference,PayType smallint Y PayType cross-references with dbo.PrcCode2 where PayType = PrcCode2.Code and PrcCode2.Type_ = 3.,28
qa_database_schema_idc_pricing_na_v1_0_4_2024_01_15,QA Database Schema - IDC Pricing (NA) v1.0.4 (2024-01-15).pdf,Schema,CurrCode,PayType,,cross_reference,"CurrCode can be: Unknown currency, paired with PayType 9 (currency other than US or Canadian) (-1) No currency conversion is necessary (0) Currency conversion is applicable (1) For all other values, cross-reference CurrCode with prc.PrcCur.Code.",28
qa_database_schema_idc_pricing_na_v1_0_4_2024_01_15,QA Database Schema - IDC Pricing (NA) v1.0.4 (2024-01-15).pdf,Schema,SuppType2,dbo,,cross_reference,SuppType2 cross-references with dbo.PrcCode2 where SuppType2 = PrcCode2.Code and PrcCode2.Type_ = 4.,29
qa_database_schema_idc_pricing_na_v1_0_4_2024_01_15,QA Database Schema - IDC Pricing (NA) v1.0.4 (2024-01-15).pdf,,To,PrcInfo,,cross_reference,"To determine the multiplier (primarily for currencies), cross-reference Code with PrcInfo.Issue where PrcIdx.Code = PrcInfo.Code.",31
qa_database_schema_idc_pricing_na_v1_0_4_2024_01_15,QA Database Schema - IDC Pricing (NA) v1.0.4 (2024-01-15).pdf,CCFactor,IssueStatus,dbo,,cross_reference,IssueStatus cross-references with dbo.PrcCode2 where ascii(IssueStatus) = PrcCode2.Code and PrcCode2.Type_ = 5.,32
qa_database_schema_idc_pricing_na_v1_0_4_2024_01_15,QA Database Schema - IDC Pricing (NA) v1.0.4 (2024-01-15).pdf,,It,prc,,cross_reference,It cross-references with prc.PrcCur where Country = PrcCur.Country for the country name.,33
qa_database_schema_idc_pricing_na_v1_0_4_2024_01_15,QA Database Schema - IDC Pricing (NA) v1.0.4 (2024-01-15).pdf,,It,dbo,,cross_reference,It cross-references with dbo.PrcCode2 where ascii(CurrEx) = PrcCode2.Code and PrcCode2.Type_ = 2.,33
qa_database_schema_idc_pricing_na_v1_0_4_2024_01_15,QA Database Schema - IDC Pricing (NA) v1.0.4 (2024-01-15).pdf,,It,dbo,,cross_reference,It cross-references with dbo.PrcCode2 where ascii(HistEx) = PrcCode2.Code and PrcCode2.Type_ = 2.,33
qa_database_schema_idc_pricing_na_v1_0_4_2024_01_15,QA Database Schema - IDC Pricing (NA) v1.0.4 (2024-01-15).pdf,,It,dbo,,cross_reference,It cross-references with dbo.PrcCode2 where ascii(SecType) = PrcCode2.Code and PrcCode2.Type_ = 1.,33
qa_database_schema_idc_pricing_na_v1_0_4_2024_01_15,QA Database Schema - IDC Pricing (NA) v1.0.4 (2024-01-15).pdf,,It,dbo,,cross_reference,It cross-references with dbo.PrcCode2 where ascii(Status) = PrcCode2.Code and PrcCode2.Type_ = 5.,33
qa_database_schema_idc_pricing_na_v1_0_4_2024_01_15,QA Database Schema - IDC Pricing (NA) v1.0.4 (2024-01-15).pdf,CCFactor,SIC,dbo,,cross_reference,SIC smallint Y SIC cross-references with dbo.PrcCode2 where SIC = PrcCode2.Code and PrcCode2.Type_ = 7.,33
qa_database_schema_idc_pricing_na_v1_0_4_2024_01_15,QA Database Schema - IDC Pricing (NA) v1.0.4 (2024-01-15).pdf,,,This,,join_hint,"For example, the following query returns all the common stock issues that were trading on NASDAQ: DECLARE @DATE SMALLDATETIME SET @DATE = '5/15/2001' SELECT I.CUSIP AS CURRENT_CUSIP, I.ISSUER, I.SECTYPE, C.* FROM PRC.PRCINFO I JOIN PRC.PRCSCCHG C ON I.CODE = C.CODE WHERE @DATE >= C.STARTDATE AND (@DATE <= C.ENDDATE OR C.ENDDATE IS NULL) AND I.SECTYPE IN ('C') -- COMMON STOCK ONLY AND C.EXCHANGE = 'F' – NASDAQ prc.PrcMcr: Pricing Market Cap Ranks This table contains ranking of securities by market capitalization.",33
qa_database_schema_idc_pricing_na_v1_0_4_2024_01_15,QA Database Schema - IDC Pricing (NA) v1.0.4 (2024-01-15).pdf,SELECT,Group_,dbo,,cross_reference,Group_ varchar(1) Y Group_ cross-references with dbo.PrcCode2 where ascii(Group_) = PrcCode2.Code and Type_ = 13 (for listed equities) or Type_ = 14 (for non-listed equities).,34
qa_database_schema_idc_pricing_na_v1_0_4_2024_01_15,QA Database Schema - IDC Pricing (NA) v1.0.4 (2024-01-15).pdf,SELECT,Series,dbo,,cross_reference,Series varchar(1) Y Series cross-references with dbo.PrcCode2 where ascii(Series) = PrcCode2.Code and Type_ = 15 (for listed equities) or Type_ = 16 (for non-listed equities).,34
qa_database_schema_idc_pricing_na_v1_0_4_2024_01_15,QA Database Schema - IDC Pricing (NA) v1.0.4 (2024-01-15).pdf,,Cross,prc,,cross_reference,Cross-reference Ratio with prc.PrcShr and apply the ratio to shares outstanding for the specified time period.,37
qa_database_schema_index_data_v1_0_5_2022_04_13,QA Database Schema - Index Data v1.0.5 (2022-04-13).pdf,,Update,IdxInfo,,cross_reference,"Update Cycle: Daily Adjusted: N/A Indexes Index Fields pkey_idxdaily (clustered) Code, Date_ idxdaily_Date_ Date_, Code, Open_, High, Low, Close_ Field Type Nullable Description Code int N Code cross-references with IdxInfo where idxdaily.Code = idxinfo.Code.",7
qa_database_schema_index_data_v1_0_5_2022_04_13,QA Database Schema - Index Data v1.0.5 (2022-04-13).pdf,,Update,IdxInfo,,cross_reference,"Update Cycle: Daily Adjusted: N/A Indexes Index Fields pkey_idxrdaily (clustered) Code, Date_ idxrdaily_Date_ Date_, Code, Open_, High, Low, Close_ Field Type Nullable Description Code int N Code cross-references with IdxInfo where idxrdaily.Code = idxinfo.Code.",7
qa_database_schema_index_data_v1_0_5_2022_04_13,QA Database Schema - Index Data v1.0.5 (2022-04-13).pdf,,LSEG,Vendor,,cross_reference,"LSEG Quantitative Analytics Database Schema for Index Data 9 CORPORATE Field Type Nullable Description Code int N Code, with Vendor, provides the cross-reference to the composition tables (Idx*Cmp).",9
qa_database_schema_index_data_v1_0_5_2022_04_13,QA Database Schema - Index Data v1.0.5 (2022-04-13).pdf,,Update,,,cross_reference,"Update Cycle: Daily Adjusted: No Indexes Index Fields pkey_IdxDjCmp (clustered) IdxCode, Date_, SecCode IdxDjCmp_Date Date_, IdxCode, SecCode IdxDjCmp_IdxCode IdxCode, SecCode, Date_ Field Type Nullable Description IdxCode int N IdxCode cross-references idxinfo.",10
qa_database_schema_index_data_v1_0_5_2022_04_13,QA Database Schema - Index Data v1.0.5 (2022-04-13).pdf,,Cross,prc,,cross_reference,Cross-reference SecCode with prc.IdxSec where SecCode = prc.IdxSec.Code and prc.IdxSec.Vendor = 4.,10
qa_database_schema_index_data_v1_0_5_2022_04_13,QA Database Schema - Index Data v1.0.5 (2022-04-13).pdf,,Update,,,cross_reference,"Update Cycle: Daily Adjusted: No Indexes Index Fields pkey_IdxDjCtr (clustered) IdxCode, SecCode, Date_ Field Type Nullable Description IdxCode int N IdxCode cross-references idxinfo.",10
qa_database_schema_index_data_v1_0_5_2022_04_13,QA Database Schema - Index Data v1.0.5 (2022-04-13).pdf,,Cross,prc,,cross_reference,Cross-reference SecCode with prc.IdxSec where SecCode = prc.IdxSec.Code and prc.IdxSec.Vendor = 4.,10
qa_database_schema_index_data_v1_0_5_2022_04_13,QA Database Schema - Index Data v1.0.5 (2022-04-13).pdf,,Update,,,cross_reference,"Update Cycle: Daily Adjusted: No Indexes Index Fields pkey_IdxDjMkt (clustered) IdxCode, Date_ IdxDjMkt_Date Date_, IdxCode Field Type Nullable Description IdxCode int N IdxCode cross-references idxinfo.",11
qa_database_schema_index_data_v1_0_5_2022_04_13,QA Database Schema - Index Data v1.0.5 (2022-04-13).pdf,,Update,,,cross_reference,"Update Cycle: Daily Adjusted: No Indexes Index Fields pkey_IdxNdCmp (clustered) IdxCode, Date_, SecCode IdxNdCmp_Date Date_, IdxCode, SecCode IdxNdCmp_IdxCode IdxCode, SecCode, Date_ Field Type Nullable Description IdxCode int N IdxCode cross-references idxinfo.",12
qa_database_schema_index_data_v1_0_5_2022_04_13,QA Database Schema - Index Data v1.0.5 (2022-04-13).pdf,,Cross,prc,,cross_reference,Cross-reference SecCode with prc.IdxSec where SecCode = prc.IdxSec.Code and prc.IdxSec.Vendor = 3.,12
qa_database_schema_index_data_v1_0_5_2022_04_13,QA Database Schema - Index Data v1.0.5 (2022-04-13).pdf,,Update,,,cross_reference,"Update Cycle: Daily Adjusted: No Indexes Index Fields pkey_IdxNDCtr (clustered) IdxCode, SecCode, Date_ Field Type Nullable Description IdxCode int N IdxCode cross-references idxinfo.",12
qa_database_schema_index_data_v1_0_5_2022_04_13,QA Database Schema - Index Data v1.0.5 (2022-04-13).pdf,,Cross,prc,,cross_reference,Cross-reference SecCode with prc.IdxSec where SecCode = prc.IdxSec.Code and prc.IdxSec.Vendor = 3.,12
qa_database_schema_index_data_v1_0_5_2022_04_13,QA Database Schema - Index Data v1.0.5 (2022-04-13).pdf,,Update,,,cross_reference,"Update Cycle: Daily Adjusted: No Indexes Index Fields pkey_IdxNDMkt (clustered) IdxCode, Date_ Field Type Nullable Description IdxCode int N IdxCode cross-references idxinfo.",13
qa_database_schema_index_data_v1_0_5_2022_04_13,QA Database Schema - Index Data v1.0.5 (2022-04-13).pdf,,Update,,,cross_reference,"Update Cycle: Daily Adjusted: No Indexes Index Fields pkey_IdxRfCmp (clustered) IdxCode, Date_, SecCode IdxRfCmp_Date Date_, IdxCode, SecCode IdxRfCmp_IdxCode IdxCode, SecCode, Date_ Field Type Nullable Description IdxCode int N IdxCode cross-references idxinfo.",14
qa_database_schema_index_data_v1_0_5_2022_04_13,QA Database Schema - Index Data v1.0.5 (2022-04-13).pdf,,Cross,prc,,cross_reference,Cross-reference SecCode with prc.IdxSec where SecCode = prc.IdxSec.Code and prc.IdxSec.Vendor = 2.,14
qa_database_schema_index_data_v1_0_5_2022_04_13,QA Database Schema - Index Data v1.0.5 (2022-04-13).pdf,,Update,,,cross_reference,"Update Cycle: Daily Adjusted: No Indexes Index Fields pkey_IdxRfCtr (clustered) IdxCode, SecCode, Date_ IdxRfCtr_Date Date_, IdxCode, SecCode Field Type Nullable Description IdxCode int N IdxCode cross-references IdxInfo.",14
qa_database_schema_index_data_v1_0_5_2022_04_13,QA Database Schema - Index Data v1.0.5 (2022-04-13).pdf,,Cross,prc,,cross_reference,Cross-reference SecCode with prc.IdxSec where SecCode = prc.IdxSec.Code and prc.IdxSec.Vendor = 2.,15
qa_database_schema_index_data_v1_0_5_2022_04_13,QA Database Schema - Index Data v1.0.5 (2022-04-13).pdf,,Update,,,cross_reference,"Update Cycle: Daily Adjusted: No Indexes Index Fields pkey_IdxRfMkt (clustered) IdxCode, Date_ IdxRfMkt_Date Date_, IdxCode Field Type Nullable Description IdxCode int N IdxCode cross-references IdxInfo.",15
qa_database_schema_index_data_v1_0_5_2022_04_13,QA Database Schema - Index Data v1.0.5 (2022-04-13).pdf,,To,dates,,cross_reference,"To retrieve records with dates prior to 29 June 2009, you must cross-reference Industry and Sector1 as described here: – Industry cross-references with PrcCode2 where PrcCode2.Type_ = 10 and PrcCode2.Code = Industry – Sector1 cross-references with PrcCode2 where PrcCode2.Type_ = 11 and PrcCode2.Code = Sector1 – Sector2 is not available for Russell Indexes For more information about PrcCode2, refer to the Quantitative Analytics Database Schema for IDC Pricing posted on the LSEG Quantitative Analytics product page on MyAccount.",15
qa_database_schema_index_data_v1_0_5_2022_04_13,QA Database Schema - Index Data v1.0.5 (2022-04-13).pdf,,To,Russell,,cross_reference,"To retrieve records with start dates after 29 June 2009 and before 20 September 2020, cross-reference IdxRlClsCode.Code with the values for Industry, Sector1, or Sector2 from any Russell table, as described here: – Industry cross-references with IdxRlClsCode where IdxRlClsCode.Code = concatenation of (Sector1, Sector2, Industry) – Sector1 cross-references with IdxRlClsCode where IdxRlClsCode.Code = Sector1 – Sector2 cross-references with IdxRlClsCode where IdxRlClsCode.Code = concatenation of (Sector1, Sector2)",15
qa_database_schema_index_data_v1_0_5_2022_04_13,QA Database Schema - Index Data v1.0.5 (2022-04-13).pdf,,LSEG,Russell,,cross_reference,"LSEG Quantitative Analytics Database Schema for Index Data 16 CORPORATE To retrieve records with start dates after 20 September 2020, cross-reference IdxRlClsCode.Code with the values for Industry, Sector1, or Sector2 from any Russell table, as described here: – Industry cross-references with IdxRlClsCode where IdxRlClsCode.Code = Industry – Sector1 cross-references with IdxRlClsCode where IdxRlClsCode.Code = Sector1 – Sector2 cross-references with IdxRlClsCode where IdxRlClsCode.Code = Sector2 Update Cycle: Daily Adjusted: N/A Indexes Index Fields pkey_IdxRlClsCode (clustered) Code, StartDate Field Type Nullable Description Code int N Code is cross-referenced from other Russell tables.",16
qa_database_schema_index_data_v1_0_5_2022_04_13,QA Database Schema - Index Data v1.0.5 (2022-04-13).pdf,,Update,,,cross_reference,"Update Cycle: Daily Adjusted: No Indexes Index Fields pkey_IdxRlCmp (clustered) IdxCode, Date_, SecCode IdxRlCmp_Date Date_, IdxCode, SecCode IdxRlCmp_IdxCode IdxCode, SecCode, Date_ Field Type Nullable Description IdxCode int N IdxCode cross-references idxinfo.",16
qa_database_schema_index_data_v1_0_5_2022_04_13,QA Database Schema - Index Data v1.0.5 (2022-04-13).pdf,,Cross,prc,,cross_reference,Cross-reference SecCode with prc.IdxSec where SecCode = prc.IdxSec.Code and prc.IdxSec.Vendor = 2.,16
qa_database_schema_index_data_v1_0_5_2022_04_13,QA Database Schema - Index Data v1.0.5 (2022-04-13).pdf,,Update,,,cross_reference,"Update Cycle: Daily Adjusted: No Indexes Index Fields pkey_IdxRLCtr (clustered) IdxCode, SecCode, Date_ IdxRlCtr_Date Date_, IdxCode, SecCode Field Type Nullable Description IdxCode int N IdxCode cross-references idxinfo.",17
qa_database_schema_index_data_v1_0_5_2022_04_13,QA Database Schema - Index Data v1.0.5 (2022-04-13).pdf,,Cross,prc,,cross_reference,Cross-reference SecCode with prc.IdxSec where SecCode = prc.IdxSec.Code and prc.IdxSec.Vendor = 2.,17
qa_database_schema_index_data_v1_0_5_2022_04_13,QA Database Schema - Index Data v1.0.5 (2022-04-13).pdf,,Update,,,cross_reference,"Update Cycle: Daily Adjusted: No Indexes Index Fields pkey_IdxRlMkt (clustered) IdxCode, Date_ IdxRlMkt_Date Date_, IdxCode Field Type Nullable Description IdxCode int N IdxCode cross-references idxinfo.",17
qa_database_schema_index_data_v1_0_5_2022_04_13,QA Database Schema - Index Data v1.0.5 (2022-04-13).pdf,,LSEG,,,cross_reference,"LSEG Quantitative Analytics Database Schema for Index Data 18 CORPORATE Indexes Index Fields IdxRpCmp_IdxCode IdxCode, SecCode, Date_ Field Type Nullable Description IdxCode int N IdxCode cross-references idxinfo.",18
qa_database_schema_index_data_v1_0_5_2022_04_13,QA Database Schema - Index Data v1.0.5 (2022-04-13).pdf,,Cross,prc,,cross_reference,Cross-reference SecCode with prc.IdxSec where SecCode = prc.IdxSec.Code and prc.IdxSec.Vendor = 2.,18
qa_database_schema_index_data_v1_0_5_2022_04_13,QA Database Schema - Index Data v1.0.5 (2022-04-13).pdf,,Update,,,cross_reference,"Update Cycle: Daily Adjusted: No Indexes Index Fields pkey_IdxRpCtr (clustered) IdxCode, SecCode, Date_ IdxRpCtr_Date Date_, IdxCode, SecCode Field Type Nullable Description IdxCode int N IdxCode cross-references idxinfo.",18
qa_database_schema_index_data_v1_0_5_2022_04_13,QA Database Schema - Index Data v1.0.5 (2022-04-13).pdf,,Cross,prc,,cross_reference,Cross-reference SecCode with prc.IdxSec where SecCode = prc.IdxSec.Code and prc.IdxSec.Vendor = 2.,18
qa_database_schema_index_data_v1_0_5_2022_04_13,QA Database Schema - Index Data v1.0.5 (2022-04-13).pdf,,Update,,,cross_reference,"Update Cycle: Daily Adjusted: No Indexes Index Fields pkey_IdxRpMkt (clustered) IdxCode, Date_ IdxRpMkt_Date Date_, IdxCode Field Type Nullable Description IdxCode int N IdxCode cross-references idxinfo.",18
qa_database_schema_index_data_v1_0_5_2022_04_13,QA Database Schema - Index Data v1.0.5 (2022-04-13).pdf,,Update,other,,cross_reference,"Update Cycle: As necessary Adjusted: No Indexes Index Fields pkey_IdxRuReconClsCode (Clustered) Code, StartDate Field Type Nullable Description Code int N Code is cross-referenced from other Russell tables.",19
qa_database_schema_index_data_v1_0_5_2022_04_13,QA Database Schema - Index Data v1.0.5 (2022-04-13).pdf,,Update,,,cross_reference,"Update Cycle: Daily Adjusted: No Indexes Index Fields pkey_IdxRuReconLegCmp (Clustered) IdxCode, Date_, SecCode IdxRuReconLegCmp_1 IdxCode, SecCode , Date_ IdxRuReconLegCmp_2 Date_, SecCode, IdxCode IdxRuReconLegCmp_3 Date_, IdxCode, SecCode Field Type Nullable Description IdxCode int N IdxCode cross-references idxinfo.",20
qa_database_schema_index_data_v1_0_5_2022_04_13,QA Database Schema - Index Data v1.0.5 (2022-04-13).pdf,,Cross,prc,,cross_reference,Cross-reference SecCode with prc.IdxSec where SecCode = prc.IdxSec.Code and prc.IdxSec.Vendor = 2.,20
qa_database_schema_index_data_v1_0_5_2022_04_13,QA Database Schema - Index Data v1.0.5 (2022-04-13).pdf,,Cross,prc,,cross_reference,Cross-reference SecCode with prc.IdxSec where SecCode = prc.IdxSec.Code and prc.IdxSec.Vendor = 2.,21
qa_database_schema_index_data_v1_0_5_2022_04_13,QA Database Schema - Index Data v1.0.5 (2022-04-13).pdf,,Update,,,cross_reference,"Update Cycle: As necessary Adjusted: No Indexes Index Fields pkey_IdxRuReconMem (Clustered) IdxCode, Date_, SecCode IdxRuReconMem_1 IdxCode, SecCode , Date_, IdxRuReconMem_2 Date_, SecCode, IdxCode IdxRuReconMem_3 Date_, IdxCode, SecCode Field Type Nullable Description IdxCode int N IdxCode cross-references IdxInfo.",21
qa_database_schema_index_data_v1_0_5_2022_04_13,QA Database Schema - Index Data v1.0.5 (2022-04-13).pdf,,Cross,prc,,cross_reference,Cross-reference SecCode with prc.IdxSec where SecCode = prc.IdxSec.Code and prc.IdxSec.Vendor = 2.,21
qa_database_schema_index_data_v1_0_5_2022_04_13,QA Database Schema - Index Data v1.0.5 (2022-04-13).pdf,,Update,,,cross_reference,"Update Cycle: As necessary Adjusted: No Indexes Index Fields pkey_IdxRuReconMvmt (Clustered) IdxCode, Date_, SecCode IdxRuReconMvmt_1 IdxCode, SecCode , Date_ IdxRuReconMvmt_2 Date_, SecCode, IdxCode IdxRuReconMvmt_3 Date_, IdxCode, SecCode Field Type Nullable Description IdxCode int N IdxCode cross-references idxinfo.",22
qa_database_schema_index_data_v1_0_5_2022_04_13,QA Database Schema - Index Data v1.0.5 (2022-04-13).pdf,,Cross,prc,,cross_reference,Cross-reference SecCode with prc.IdxSec where SecCode = prc.IdxSec.Code and prc.IdxSec.Vendor = 2.,22
qa_database_schema_index_data_v1_0_5_2022_04_13,QA Database Schema - Index Data v1.0.5 (2022-04-13).pdf,,LSEG,,,cross_reference,LSEG Quantitative Analytics Database Schema for Index Data 23 CORPORATE Field Type Nullable Description IdxCode int N IdxCode cross-references IdxInfo.,23
qa_database_schema_index_data_v1_0_5_2022_04_13,QA Database Schema - Index Data v1.0.5 (2022-04-13).pdf,,Cross,prc,,cross_reference,Cross-reference SecCode with prc.IdxSec where SecCode = prc.IdxSec.Code and prc.IdxSec.Vendor = 2.,23
qa_database_schema_index_data_v1_0_5_2022_04_13,QA Database Schema - Index Data v1.0.5 (2022-04-13).pdf,,Cross,prc,,cross_reference,Cross-reference SecCode with prc.IdxSec where SecCode = prc.IdxSec.Code and prc.IdxSec.Vendor = 2.,23
qa_database_schema_index_data_v1_0_5_2022_04_13,QA Database Schema - Index Data v1.0.5 (2022-04-13).pdf,,Update,IdxInfo,,cross_reference,"Update Cycle: Daily Adjusted: No Indexes Index Fields pkey_Idxdiv (clustered) Code, Item, Date_ Field Type Nullable Description Code int N Code cross-references with IdxInfo where idxdiv.Code = idxinfo.Code.",24
qa_database_schema_index_data_v1_0_5_2022_04_13,QA Database Schema - Index Data v1.0.5 (2022-04-13).pdf,,Update,,,cross_reference,"Update Cycle: Daily Adjusted: No Indexes Index Fields pkey_IdxSpCmp (clustered) IdxCode, Date_, SecCode IdxSpCmp_Date Date_, IdxCode, SecCode IdxSpCmp_IdxCode IdxCode, SecCode, Date_ Field Type Nullable Description IdxCode int N IdxCode cross-references IdxInfo.",24
qa_database_schema_index_data_v1_0_5_2022_04_13,QA Database Schema - Index Data v1.0.5 (2022-04-13).pdf,,Cross,prc,,cross_reference,Cross-reference SecCode with prc.IdxSec where SecCode = prc.IdxSec.Code and prc.IdxSec.Vendor = 1.,24
qa_database_schema_index_data_v1_0_5_2022_04_13,QA Database Schema - Index Data v1.0.5 (2022-04-13).pdf,IdxSpCmp,Industry,PrcCode2,,cross_reference,Industry smallint Y Industry cross-references with PrcCode2 where PrcCode2.Type_ = 8 and PrcCode2.Code = Industry.,24
qa_database_schema_index_data_v1_0_5_2022_04_13,QA Database Schema - Index Data v1.0.5 (2022-04-13).pdf,IdxSpCmp,Sector1,PrcCode2,,cross_reference,"Sector1 cross-references with PrcCode2 where PrcCode2.Type_ in (9,12) and PrcCode2.Code = Sector1.",24
qa_database_schema_index_data_v1_0_5_2022_04_13,QA Database Schema - Index Data v1.0.5 (2022-04-13).pdf,IdxSpCmp,Sector2,PrcCode2,,cross_reference,Sector2 cross-references with PrcCode2 where PrcCode2.Type_ = 9 and PrcCode2.Code = Sector2.,25
qa_database_schema_index_data_v1_0_5_2022_04_13,QA Database Schema - Index Data v1.0.5 (2022-04-13).pdf,,Update,,,cross_reference,"Update Cycle: Daily Adjusted: No Indexes Index Fields pkey_IdxSpCtr (clustered) IdxCode, SecCode, Date_ Field Type Nullable Description IdxCode int N IdxCode cross-references IdxInfo.",25
qa_database_schema_index_data_v1_0_5_2022_04_13,QA Database Schema - Index Data v1.0.5 (2022-04-13).pdf,,Cross,prc,,cross_reference,Cross-reference SecCode with prc.IdxSec where SecCode = prc.IdxSec.Code and prc.IdxSec.Vendor = 1.,25
qa_database_schema_index_data_v1_0_5_2022_04_13,QA Database Schema - Index Data v1.0.5 (2022-04-13).pdf,,Update,,,cross_reference,"Update Cycle: Daily Adjusted: N/A Indexes Index Fields pkey_IdxSpDet (clustered) IdxCode, Date_, SecCode IdxSpDet_IdxCode IdxCode, SecCode, Date_ Field Type Nullable Description IdxCode int N IdxCode cross-references IdxInfo.",25
qa_database_schema_index_data_v1_0_5_2022_04_13,QA Database Schema - Index Data v1.0.5 (2022-04-13).pdf,,Cross,prc,,cross_reference,Cross-reference SecCode with prc.IdxSec where SecCode = prc.IdxSec.Code and prc.IdxSec.Vendor = 1.,25
qa_database_schema_index_data_v1_0_5_2022_04_13,QA Database Schema - Index Data v1.0.5 (2022-04-13).pdf,,Update,,,cross_reference,"Update Cycle: Daily Adjusted: N/A Indexes Index Fields pkey_IdxSpGic (clustered) IdxCode, Date_, GicCode IdxSpGic_IdxCode IdxCode, GicCode, Date_ Field Type Nullable Description IdxCode int N IdxCode cross-references IdxInfo.",26
qa_database_schema_index_data_v1_0_5_2022_04_13,QA Database Schema - Index Data v1.0.5 (2022-04-13).pdf,IdxSpGic,GicCode,PrcCode2,,cross_reference,GicCode int N GicCode cross-references with PrcCode2 where GicCode = PrcCode2.Code and PrcCode2.Type_ = 12.,26
qa_database_schema_index_data_v1_0_5_2022_04_13,QA Database Schema - Index Data v1.0.5 (2022-04-13).pdf,,Update,,,cross_reference,"Update Cycle: Does not update Adjusted: N/A Indexes Index Fields pkey_IdxSpGrp (clustered) IdxCode, Date_, Group IdxSpGrp_IdxCode IdxCode, Group_, Date_ Field Type Nullable Description IdxCode int N IdxCode cross-references IdxInfo.",26
qa_database_schema_index_data_v1_0_5_2022_04_13,QA Database Schema - Index Data v1.0.5 (2022-04-13).pdf,Classification,Group_,PrcCode2,,cross_reference,Group_ smallint N Group_ cross-references with PrcCode2 where PrcCode2.Type_ = 8 and PrcCode.Code = Group_.,27
qa_database_schema_index_data_v1_0_5_2022_04_13,QA Database Schema - Index Data v1.0.5 (2022-04-13).pdf,,Update,,,cross_reference,"Update Cycle: Daily Adjusted: No Indexes Index Fields pkey_IdxSPMkt (clustered) IdxCode, Date_ IdxSPMkt_Date Date_, IdxCode Field Type Nullable Description IdxCode int N IdxCode cross-references IdxInfo.",27
qa_database_schema_index_data_v1_0_5_2022_04_13,QA Database Schema - Index Data v1.0.5 (2022-04-13).pdf,,Update,,,cross_reference,"Update Cycle: Daily Adjusted: No Indexes Index Fields pkey_IdxSpOth (clustered) IdxCode, Date_, SecCode IdxSpOth_IdxCode IdxCode, SecCode, Date_ Field Type Nullable Description IdxCode int N IdxCode cross-references IdxInfo.",27
qa_database_schema_index_data_v1_0_5_2022_04_13,QA Database Schema - Index Data v1.0.5 (2022-04-13).pdf,,Cross,prc,,cross_reference,Cross-reference SecCode with prc.IdxSec where SecCode = prc.IdxSec.Code and prc.IdxSec.Vendor = 1.,28
qa_database_schema_index_data_v1_0_5_2022_04_13,QA Database Schema - Index Data v1.0.5 (2022-04-13).pdf,IdxSpOth,GicCode,PrcCode2,,cross_reference,GicCode int Y GicCode cross-references with PrcCode2 where GicCode = PrcCode2.Code and PrcCode2.Type_ = 12.,28
qa_database_schema_index_data_v1_0_5_2022_04_13,QA Database Schema - Index Data v1.0.5 (2022-04-13).pdf,IdxBMICtyRegMap,RegCode,IdxBMIDesc,,cross_reference,RegCode cross-references with IdxBMIDesc.Code where IdxBMIDesc.Type_ = 14.,29
qa_database_schema_index_data_v1_0_5_2022_04_13,QA Database Schema - Index Data v1.0.5 (2022-04-13).pdf,IdxBMICtyRegMap,CtryCode,IdxBMIDesc,,cross_reference,CtryCode cross-references with IdxBMIDesc.Code where IdxBMIDesc.Type_ = 4.,30
qa_database_schema_index_data_v1_0_5_2022_04_13,QA Database Schema - Index Data v1.0.5 (2022-04-13).pdf,IdxBMIFxRate,CurrCode,IdxBMICode,,cross_reference,CurrCode cross-references with IdxBMICode.Code where IdxBMICode.Type_ = 2.,30
qa_database_schema_index_data_v1_0_5_2022_04_13,QA Database Schema - Index Data v1.0.5 (2022-04-13).pdf,,Cross,IdxBMIDesc,,cross_reference,Cross-reference IdxBMICode.Desc with IdxBMIDesc.Code where IdxBMIDesc.Type_ = 3.,30
qa_database_schema_index_data_v1_0_5_2022_04_13,QA Database Schema - Index Data v1.0.5 (2022-04-13).pdf,,This,IdxBMICode,,cross_reference,This field cross-references with IdxBMICode.Code where Type_ = 2.,33
qa_database_schema_index_data_v1_0_5_2022_04_13,QA Database Schema - Index Data v1.0.5 (2022-04-13).pdf,,Cross,IdxBMIDesc,,cross_reference,Cross-reference IdxBMICode.Desc with IdxBMIDesc.Code where IdxBMIDesc.Type_ = 3.,33
qa_database_schema_index_data_v1_0_5_2022_04_13,QA Database Schema - Index Data v1.0.5 (2022-04-13).pdf,IdxBMIMap,ReturnCode,IdxBMICode,,cross_reference,ReturnCode may be: – 1 = P- = Primary Index (Price Return Index) – 2 = N- = Net Total Return – 3 = T- = Gross Total Return – 4 = PH = Hedged Index (Price Return Hedged) – 5 = NH = Hedged Net Total Return – 6 = TH = Hedged Gross Total Return – 7 = D- = Dividend Return This field cross-references with IdxBMICode.Code where Type_ = 5.,33
qa_database_schema_index_data_v1_0_5_2022_04_13,QA Database Schema - Index Data v1.0.5 (2022-04-13).pdf,IdxBMIMap,ReturnCode,IdxBMICode,,cross_reference,ReturnCode may be: – 1 = P- = Primary Index (Price Return Index) – 2 = N- = Net Total Return – 3 = T- = Gross Total Return – 4 = PH = Hedged Index (Price Return Hedged) – 5 = NH = Hedged Net Total Return – 6 = TH = Hedged Gross Total Return – 7 = D- = Dividend Return This field cross-references with IdxBMICode.Code where Type_ = 5.,33
qa_database_schema_index_data_v1_0_5_2022_04_13,QA Database Schema - Index Data v1.0.5 (2022-04-13).pdf,IdxBMISecDaily,CurrCode,IdxBMICode,,cross_reference,CurrCode cross-references with IdxBMICode.Code where IdxBMICode.Type_ = 2.,36
qa_database_schema_index_data_v1_0_5_2022_04_13,QA Database Schema - Index Data v1.0.5 (2022-04-13).pdf,,Cross,IdxBMIDesc,,cross_reference,Cross-reference IdxBMICode.Desc with IdxBMIDesc.Code where IdxBMIDesc.Type_ = 3.,36
qa_database_schema_index_data_v1_0_5_2022_04_13,QA Database Schema - Index Data v1.0.5 (2022-04-13).pdf,IdxBMISecFlags,PropertyCode,IdxBMIDesc,,cross_reference,PropertyCode cross-references with IdxBMIDesc.Code where IdxBMIDesc.Type_ = 1.,37
qa_database_schema_index_data_v1_0_5_2022_04_13,QA Database Schema - Index Data v1.0.5 (2022-04-13).pdf,,Cross,IdxBMIDesc,,cross_reference,Cross-reference CapRngCode with IdxBMIDesc.Code where IdxBMIDesc.Type_ = 15.,37
qa_database_schema_index_data_v1_0_5_2022_04_13,QA Database Schema - Index Data v1.0.5 (2022-04-13).pdf,,CtryCode,IdxBMIDesc,,cross_reference,CtryCode cross-references with IdxBMIDesc.Code where IdxBMIDesc.Type_ = 4.,37
qa_database_schema_index_data_v1_0_5_2022_04_13,QA Database Schema - Index Data v1.0.5 (2022-04-13).pdf,,Cross,IdxBMIDesc,,cross_reference,Cross-reference GICCode with IdxBMIDesc.Code where IdxBMIDesc.Type_ = 2.,37
qa_database_schema_index_data_v1_0_5_2022_04_13,QA Database Schema - Index Data v1.0.5 (2022-04-13).pdf,,CtryCode,IdxBMIDesc,,cross_reference,CtryCode cross-references with IdxBMIDesc.Code where IdxBMIDesc.Type_ = 4.,38
qa_database_schema_index_data_v1_0_5_2022_04_13,QA Database Schema - Index Data v1.0.5 (2022-04-13).pdf,,Cross,IdxBMIDesc,,cross_reference,Cross-reference GICCode with IdxBMIDesc.Code where IdxBMIDesc.Type_ = 2.,38
qa_database_schema_index_data_v1_0_5_2022_04_13,QA Database Schema - Index Data v1.0.5 (2022-04-13).pdf,,Cross,IdxSPGCode,,cross_reference,Cross-reference IdxFamCode with IdxSPGCode.Code where Type_ = 3.,41
qa_database_schema_index_data_v1_0_5_2022_04_13,QA Database Schema - Index Data v1.0.5 (2022-04-13).pdf,,Cross,IdxSPGCode,,cross_reference,Cross-reference IdxFamCode with IdxSPGCode.Code where Type_ = 3.,42
qa_database_schema_index_data_v1_0_5_2022_04_13,QA Database Schema - Index Data v1.0.5 (2022-04-13).pdf,IdxSPGInfo,ReturnCode,IdxSPGCode,,cross_reference,ReturnCode cross-references with IdxSPGCode.Code where Type_ = 4.,42
qa_database_schema_index_data_v1_0_5_2022_04_13,QA Database Schema - Index Data v1.0.5 (2022-04-13).pdf,,Cross,IdxSPGDesc,,cross_reference,Cross-reference GICCode with IdxSPGDesc.Code where Type_ = 2.,42
qa_database_schema_index_data_v1_0_5_2022_04_13,QA Database Schema - Index Data v1.0.5 (2022-04-13).pdf,,Cross,IdxSPGDesc,,cross_reference,Cross-reference ISOCurrCode with IdxSPGDesc.Code where Type_ = 3.,42
qa_database_schema_index_data_v1_0_5_2022_04_13,QA Database Schema - Index Data v1.0.5 (2022-04-13).pdf,IdxSPGInfo,ReturnCode,IdxSPGCode,,cross_reference,ReturnCode cross-references with IdxSPGCode.Code where Type_ = 4.,42
qa_database_schema_index_data_v1_0_5_2022_04_13,QA Database Schema - Index Data v1.0.5 (2022-04-13).pdf,,Cross,IdxSPGCode,,cross_reference,Cross-reference IdxFamCode with IdxSPGCode.Code where Type_ = 3.,42
qa_database_schema_index_data_v1_0_5_2022_04_13,QA Database Schema - Index Data v1.0.5 (2022-04-13).pdf,,Cross,IdxCode,,cross_reference,"Cross-reference ParentCode with IdxCode, above.",42
qa_database_schema_index_data_v1_0_5_2022_04_13,QA Database Schema - Index Data v1.0.5 (2022-04-13).pdf,,Cross,IdxSPGCode,,cross_reference,Cross-reference IdxPkgCode with IdxSPGCode.Code where Type_ = 5.,43
qa_database_schema_index_data_v1_0_5_2022_04_13,QA Database Schema - Index Data v1.0.5 (2022-04-13).pdf,IdxSPGInfo,HdlnCode,,,cross_reference,"HdlnCode cross-references IdxCode, above, for the headline index.",43
qa_database_schema_index_data_v1_0_5_2022_04_13,QA Database Schema - Index Data v1.0.5 (2022-04-13).pdf,IdxSPGRtn,ReturnCode,IdxSPGCode,,cross_reference,ReturnCode cross-references with IdxSPGCode.Code where Type_ = 4.,43
qa_database_schema_index_data_v1_0_5_2022_04_13,QA Database Schema - Index Data v1.0.5 (2022-04-13).pdf,,Cross,IdxSPGCode,,cross_reference,Cross-reference IdxFamCode with IdxSPGCode.Code where Type_ = 3.,43
qa_database_schema_index_data_v1_0_5_2022_04_13,QA Database Schema - Index Data v1.0.5 (2022-04-13).pdf,,Cross,IdxSPGDesc,,cross_reference,Cross-reference GICCode with IdxSPGDesc.Code where Type_ = 2.,44
qa_database_schema_index_data_v1_0_5_2022_04_13,QA Database Schema - Index Data v1.0.5 (2022-04-13).pdf,,Cross,IdxSPGCode,,cross_reference,Cross-reference IdxFamCode with IdxSPGCode.Code where Type_ = 3.,44
qa_database_schema_index_data_v1_0_5_2022_04_13,QA Database Schema - Index Data v1.0.5 (2022-04-13).pdf,,Cross,IdxSPGDesc,,cross_reference,Cross-reference ISOCurrCode with IdxSPGDesc.Code where Type_ = 3.,44
qa_database_schema_index_data_v1_0_5_2022_04_13,QA Database Schema - Index Data v1.0.5 (2022-04-13).pdf,,Cross,IdxSPGDesc,,cross_reference,Cross-reference ISOCurrCode with IdxSPGDesc.Code where Type_ = 3.,45
qa_database_schema_index_data_v1_0_5_2022_04_13,QA Database Schema - Index Data v1.0.5 (2022-04-13).pdf,,Cross,IdxSPGCode,,cross_reference,Cross-reference IdxFamCode with IdxSPGCode.Code where Type_ = 3.,45
qa_database_schema_index_data_v1_0_5_2022_04_13,QA Database Schema - Index Data v1.0.5 (2022-04-13).pdf,,Cross,IdxSPGDesc,,cross_reference,Cross-reference GICCode with IdxSPGDesc.Code where Type_ = 2.,46
qa_database_schema_index_data_v1_0_5_2022_04_13,QA Database Schema - Index Data v1.0.5 (2022-04-13).pdf,,Cross,IdxSPGDesc,,cross_reference,Cross-reference ISOCurrCode with IdxSPGDesc.Code where Type_ = 3.,46
qa_database_schema_index_data_v1_0_5_2022_04_13,QA Database Schema - Index Data v1.0.5 (2022-04-13).pdf,,Cross,IdxSPGCode,,cross_reference,Cross-reference IdxFamCode with IdxSPGCode.Code where Type_ = 3.,46
qa_database_schema_index_data_v1_0_5_2022_04_13,QA Database Schema - Index Data v1.0.5 (2022-04-13).pdf,,Cross,IdxSPGDesc,,cross_reference,Cross-reference ISOCurrCode with IdxSPGDesc.Code where Type_ = 3.,47
qa_database_schema_lseg_climate_v1_1_2025_07_08,QA Database Schema - LSEG Climate v1.1 (2025-07-08).pdf,,Cross,CLMCode,,cross_reference,Cross-reference OrgCovCode with CLMCode.Code where Type_ = 9.,7
qa_database_schema_lseg_climate_v1_1_2025_07_08,QA Database Schema - LSEG Climate v1.1 (2025-07-08).pdf,,Cross,CLMCode,,cross_reference,"Cross-reference OrgCovCode with CLMCode.Code where Type_ = 10."" OrgClmCode tinyint Yes An organization may have one or more of below values. – CD – indicates if the organization has climate data. – CDP – indicates if the organization has CDP (third-party) data. – EstScope – indicates if the organization has scope estimations data like scope 1 estimations, scope 2 estimations or scope 3 estimations.",7
qa_database_schema_lseg_climate_v1_1_2025_07_08,QA Database Schema - LSEG Climate v1.1 (2025-07-08).pdf,,Cross,CLMCode,,cross_reference,"Cross-reference CLMCode with CLMCode.Code where Type_ = 11."" CLMItem: Climate Metrics An itemized table for all the climate metrics.",7
qa_database_schema_lseg_climate_v1_1_2025_07_08,QA Database Schema - LSEG Climate v1.1 (2025-07-08).pdf,,Cross,CLMCode,,cross_reference,Cross-reference DataTypeCode with CLMCode.Code where Type_ = 2.,8
qa_database_schema_lseg_climate_v1_1_2025_07_08,QA Database Schema - LSEG Climate v1.1 (2025-07-08).pdf,,Cross,CLMCode,,cross_reference,Cross-reference TableCode with CLMCode.Code where Type_ = 3.,8
qa_database_schema_lseg_climate_v1_1_2025_07_08,QA Database Schema - LSEG Climate v1.1 (2025-07-08).pdf,,Cross,CLMCode,,cross_reference,Cross-reference HeirarchyCode with CLMCode.Code where Type_ = 4.,8
qa_database_schema_lseg_climate_v1_1_2025_07_08,QA Database Schema - LSEG Climate v1.1 (2025-07-08).pdf,,Cross,CLMCode,,cross_reference,Cross-reference ScaleCode with CLMCode.Code where Type_ = 7.,10
qa_database_schema_lseg_climate_v1_1_2025_07_08,QA Database Schema - LSEG Climate v1.1 (2025-07-08).pdf,,Corresponding,CLMCode,,cross_reference,Corresponding type code is in the CLMCode table.Cross-reference UnitCode with CLMCode.Code where Type_ = 8.,10
qa_database_schema_lseg_climate_v1_1_2025_07_08,QA Database Schema - LSEG Climate v1.1 (2025-07-08).pdf,,Cross,CLMDesc,,cross_reference,Cross-reference Lang Code with CLMDesc.Code where Type_ = 4 CommentLangCode varchar(35) Yes BCP-47 language code used for the climate source comment.,11
qa_database_schema_lseg_esg_v1_1_2025_07_28,QA Database Schema - LSEG ESG v1.1 (2025-07-28).pdf,,Cross,ESG2Code,,cross_reference,Cross-reference OrgCovCode with ESG2Code.Code where Type_ = 9.,5
qa_database_schema_lseg_esg_v1_1_2025_07_28,QA Database Schema - LSEG ESG v1.1 (2025-07-28).pdf,,Cross,ESG2Code,,cross_reference,Cross-reference OrgCovCode with ESG2Code.Code where Type_ = 10.,5
qa_database_schema_lseg_esg_v1_1_2025_07_28,QA Database Schema - LSEG ESG v1.1 (2025-07-28).pdf,,Cross,ESG2Code,,cross_reference,Cross-reference DataTypeCode with ESG2Code.Code where Type_ = 2.,5
qa_database_schema_lseg_esg_v1_1_2025_07_28,QA Database Schema - LSEG ESG v1.1 (2025-07-28).pdf,,Cross,ESG2Code,,cross_reference,Cross-reference TableCode with ESG2Code.Code where Type_ = 3.,5
qa_database_schema_lseg_esg_v1_1_2025_07_28,QA Database Schema - LSEG ESG v1.1 (2025-07-28).pdf,,HeirarchyCode,ESG2Code,,cross_reference,HeirarchyCode can take one of the following values: 1: Data Point 2: Indicator 3: Category Score 4: Score Cross-reference HeirarchyCode with ESG2Code.Code where Type_ = 4.,6
qa_database_schema_lseg_esg_v1_1_2025_07_28,QA Database Schema - LSEG ESG v1.1 (2025-07-28).pdf,,Cross,ESG2Item,,cross_reference,Cross-reference Item with ESG2Item.Item FY int No The particular fiscal year for which the data is defined.,6
qa_database_schema_lseg_esg_v1_1_2025_07_28,QA Database Schema - LSEG ESG v1.1 (2025-07-28).pdf,,Cross,ESG2Item,,cross_reference,Cross-reference Item with ESG2Item.Item FY int No The particular fiscal year for which the data is defined.,7
qa_database_schema_lseg_esg_v1_1_2025_07_28,QA Database Schema - LSEG ESG v1.1 (2025-07-28).pdf,,Cross,ESG2Item,,cross_reference,Cross-reference Item with ESG2Item.Item.,7
qa_database_schema_lseg_esg_v1_1_2025_07_28,QA Database Schema - LSEG ESG v1.1 (2025-07-28).pdf,,Cross,ESG2Item,,cross_reference,Cross-reference Item with ESG2Item.Item.,8
qa_database_schema_lseg_esg_v1_1_2025_07_28,QA Database Schema - LSEG ESG v1.1 (2025-07-28).pdf,,Cross,ESG2Item,,cross_reference,Cross-reference Item with ESG2Item.Item.,8
qa_database_schema_lseg_esg_v1_1_2025_07_28,QA Database Schema - LSEG ESG v1.1 (2025-07-28).pdf,,Cross,ESG2Item,,cross_reference,Cross-reference Item with ESG2Item.Item.,9
qa_database_schema_lseg_esg_v1_1_2025_07_28,QA Database Schema - LSEG ESG v1.1 (2025-07-28).pdf,,Cross,ESG2Item,,cross_reference,Cross-reference Item with ESG2Item.Item.,9
qa_database_schema_lseg_esg_v1_1_2025_07_28,QA Database Schema - LSEG ESG v1.1 (2025-07-28).pdf,,Cross,ESG2Item,,cross_reference,Cross-reference Item with ESG2Item.Item.,10
qa_database_schema_lseg_esg_v1_1_2025_07_28,QA Database Schema - LSEG ESG v1.1 (2025-07-28).pdf,,Cross,ESG2Item,,cross_reference,Cross-reference Item with ESG2Item.Item.,10
qa_database_schema_lseg_esg_v1_1_2025_07_28,QA Database Schema - LSEG ESG v1.1 (2025-07-28).pdf,,Cross,ESG2Item,,cross_reference,Cross-reference Item with ESG2Item.Item.,11
qa_database_schema_lseg_esg_v1_1_2025_07_28,QA Database Schema - LSEG ESG v1.1 (2025-07-28).pdf,,Cross,ESG2Code,,cross_reference,Cross-reference ScaleCode with ESG2Code.Code where Type_ = 7.,11
qa_database_schema_lseg_esg_v1_1_2025_07_28,QA Database Schema - LSEG ESG v1.1 (2025-07-28).pdf,,Cross,ESG2Code,,cross_reference,Cross-reference UnitCode with ESG2Code.Code where Type_ = 8.,11
qa_database_schema_lseg_esg_v1_1_2025_07_28,QA Database Schema - LSEG ESG v1.1 (2025-07-28).pdf,,Cross,ESG2Item,,cross_reference,Cross-reference Item with ESG2Item.Item.,12
qa_database_schema_lseg_esg_v1_1_2025_07_28,QA Database Schema - LSEG ESG v1.1 (2025-07-28).pdf,,Cross,ESG2Desc,,cross_reference,"Cross-reference LangCode with ESG2Desc.Code where Type_ = 4."" CommentLangCode varchar(35) Yes BCP-47 language code used for the ESG source comment.",12
qa_database_schema_lseg_esg_v1_1_2025_07_28,QA Database Schema - LSEG ESG v1.1 (2025-07-28).pdf,,Cross,ESG2Desc,,cross_reference,Cross-reference LangCode with ESG2Desc.Code where Type_ = 4.,12
qa_database_schema_lseg_esg_v1_1_2025_07_28,QA Database Schema - LSEG ESG v1.1 (2025-07-28).pdf,,Cross,ESG2Desc,,cross_reference,Cross-reference LangCode with ESG2Desc.Code where Type_ = 4.,12
qa_database_schema_lseg_esg_v1_1_2025_07_28,QA Database Schema - LSEG ESG v1.1 (2025-07-28).pdf,,Cross,ESG2Item,,cross_reference,Cross-reference Item with ESG2Item.Item.,13
qa_database_schema_lseg_esg_v1_1_2025_07_28,QA Database Schema - LSEG ESG v1.1 (2025-07-28).pdf,,Cross,ESG2Item,,cross_reference,Cross-reference Item with ESG2Item.Item.,13
qa_database_schema_lseg_financials_v1_2_6_2024_02_20,QA Database Schema - LSEG Financials v1.2.6 (2024-02-20).pdf,,Cross,RKDFndDesc,,cross_reference,Cross-reference AuditorCode with RKDFndDesc where AuditorCode = RKDFndDesc.Code and RKDFndDesc.Type_ = 30.,11
qa_database_schema_lseg_financials_v1_2_6_2024_02_20,QA Database Schema - LSEG Financials v1.2.6 (2024-02-20).pdf,,Cross,RKDFndDesc,,cross_reference,Cross-reference ISOCntryCode with RKDFndDesc where ISOCntryCode = RKDFndDesc.Code and RKDFndDesc.Type_ = 3.,11
qa_database_schema_lseg_financials_v1_2_6_2024_02_20,QA Database Schema - LSEG Financials v1.2.6 (2024-02-20).pdf,RKDFndCmpDet,LicFlag,RKDFndCode,,cross_reference,LicFlag cross-references with RKDFndCode.Code where Type_ = 69. • 1 = North America (NA) • 2 = Asia Pacific (AP) • 4 = Europe (EU) RKDFndCmpFiling: Company Filing Source Information Use this table to extract company filing source information.,11
qa_database_schema_lseg_financials_v1_2_6_2024_02_20,QA Database Schema - LSEG Financials v1.2.6 (2024-02-20).pdf,RKDFndCmpFiling,TxtInfoTypeCode,RKDFndCode,,cross_reference,"TxtInfoTypeCode may be: • 1 = Analyst footnote • 2 = Business summary • 3 = Equity composition • 4 = Financial summary For other codes, cross-reference TxtInfoTypeCode with RKDFndCode where TxtInfoTypeCode = RKDFndCode.Code and RKDFndCode.Type_ = 43.",12
qa_database_schema_lseg_financials_v1_2_6_2024_02_20,QA Database Schema - LSEG Financials v1.2.6 (2024-02-20).pdf,RKDFndCmpFiling,LicFlag,RKDFndCode,,cross_reference,"LicFlag cross-references with RKDFndCode.Code where Type_ = 69. • 1 = North America (NA) • 2 = Asia Pacific (AP) • 4 = Europe (EU) RKDFndCmpIssDet: Company Issue Details Use this table to retrieve issue-level details such as type, currency, par value, number of outstanding shares, and so on.",12
qa_database_schema_lseg_financials_v1_2_6_2024_02_20,QA Database Schema - LSEG Financials v1.2.6 (2024-02-20).pdf,RKDFndCmpIssDet,LicFlag,RKDFndCode,,cross_reference,LicFlag cross-references with RKDFndCode.Code where Type_ = 69. • 1 = North America (NA) • 2 = Asia Pacific (AP) • 4 = Europe (EU),13
qa_database_schema_lseg_financials_v1_2_6_2024_02_20,QA Database Schema - LSEG Financials v1.2.6 (2024-02-20).pdf,,This,,,cross_reference,This field is cross-referenced by RKDFndCmpOffTitleChg.,14
qa_database_schema_lseg_financials_v1_2_6_2024_02_20,QA Database Schema - LSEG Financials v1.2.6 (2024-02-20).pdf,RKDFndCmpOffTitleChg,LicFlag,RKDFndCode,,cross_reference,LicFlag cross-references with RKDFndCode.Code where Type_ = 69. • 1 = North America (NA) • 2 = Asia Pacific (AP) • 4 = Europe (EU) RKDFndCmpOffTitleChg: Company Officer Title History Use this table to retrieve the title history of a company officer.,15
qa_database_schema_lseg_financials_v1_2_6_2024_02_20,QA Database Schema - LSEG Financials v1.2.6 (2024-02-20).pdf,RKDFndCmpOffTitleChg,LicFlag,RKDFndCode,,cross_reference,LicFlag cross-references with RKDFndCode.Code where Type_ = 69. • 1 = North America (NA) • 2 = Asia Pacific (AP) • 4 = Europe (EU),15
qa_database_schema_lseg_financials_v1_2_6_2024_02_20,QA Database Schema - LSEG Financials v1.2.6 (2024-02-20).pdf,,Phone,RKDFndCode,,cross_reference,"Phone number type may be: • 1 = Contact phone • 2 = Main fax • 3 = Main phone • 4 = Transfer agent For other codes, cross-reference PhTypeCode with RKDFndCode where RKDFndCode.Type_ = 38.",16
qa_database_schema_lseg_financials_v1_2_6_2024_02_20,QA Database Schema - LSEG Financials v1.2.6 (2024-02-20).pdf,RKDFndCmpPhone,LicFlag,This,,cross_reference,LicFlag cross-references with RKDFndCode.Code where Type_ = 69. • 1 = North America (NA) • 2 = Asia Pacific (AP) • 4 = Europe (EU) RKDFndCmpWebLink: Company Web Site Addresses This table contains company Web site address details.,16
qa_database_schema_lseg_financials_v1_2_6_2024_02_20,QA Database Schema - LSEG Financials v1.2.6 (2024-02-20).pdf,,Cross,RKDFndCode,,cross_reference,Cross-reference URLTypeCode with RKDFndCode where URLTypeCode = RKDFndCode.Code and RKDFndCode.Type_ = 42.,17
qa_database_schema_lseg_financials_v1_2_6_2024_02_20,QA Database Schema - LSEG Financials v1.2.6 (2024-02-20).pdf,RKDFndCmpWebLink,LicFlag,RKDFndCode,,cross_reference,"LicFlag cross-references with RKDFndCode.Code where Type_ = 69. • 1 = North America (NA) • 2 = Asia Pacific (AP) • 4 = Europe (EU) RKDFndInfo: Company Identification Information Use this table to retrieve identifying company information including name, ticker, CUSIP, ISIN, and SEDOL.",17
qa_database_schema_lseg_financials_v1_2_6_2024_02_20,QA Database Schema - LSEG Financials v1.2.6 (2024-02-20).pdf,,Cross,RKDFndDesc,,cross_reference,Cross-reference ExchCode with RKDFndDesc where ExchCode = RKDFndDesc.Code and RKDFndDesc.Type_ = 18.,18
qa_database_schema_lseg_financials_v1_2_6_2024_02_20,QA Database Schema - LSEG Financials v1.2.6 (2024-02-20).pdf,RKDFndInfo,RegionCode,RKDFndDesc,,cross_reference,"RegionCode may be: • AP = Asia Pacific • EU = Europe • NA = North America For other codes, cross-reference RegionCode with RKDFndDesc where RegionCode = RKDFndDesc.Code and RKDFndDesc.Type_ = 69.",18
qa_database_schema_lseg_financials_v1_2_6_2024_02_20,QA Database Schema - LSEG Financials v1.2.6 (2024-02-20).pdf,,Cross,RKDFndDesc,,cross_reference,Cross-reference CntryCode with RKDFndDesc where CntryCode = RKDFndDesc.Code and RKDFndDesc.Type_ = 3.,18
qa_database_schema_lseg_financials_v1_2_6_2024_02_20,QA Database Schema - LSEG Financials v1.2.6 (2024-02-20).pdf,RKDFndCmpInd,LicFlag,This,,cross_reference,LicFlag cross-references with RKDFndCode.Code where Type_ = 69. • 1 = North America (NA) • 2 = Asia Pacific (AP) • 4 = Europe (EU) TxoTypeCode Codes This table describes the TxoTypeCode codes for RKDFndCmpInd.,20
qa_database_schema_lseg_financials_v1_2_6_2024_02_20,QA Database Schema - LSEG Financials v1.2.6 (2024-02-20).pdf,,Cross,RKDFndDesc,,cross_reference,Cross-reference IssuerTypeCode with RKDFndDesc where IssuerTypeCode = RKDFndDesc.Code and RKDFndDesc.Type_ = 1.,21
qa_database_schema_lseg_financials_v1_2_6_2024_02_20,QA Database Schema - LSEG Financials v1.2.6 (2024-02-20).pdf,,Cross,RKDFndCode,,cross_reference,Cross-reference RelTypeCode with RKDFndCode where RelTypeCode = RKDFndCode.Code and RKDFndCode.Type_=53.,21
qa_database_schema_lseg_financials_v1_2_6_2024_02_20,QA Database Schema - LSEG Financials v1.2.6 (2024-02-20).pdf,RKDFndCmpRef,FinStmtCurrCode,,,cross_reference,FinStmtCurrCode cross-references RKDFndCode where FinStmtCurrCode = RKDFndCode.Code and RKDFndCode.Type_ = 58.,22
qa_database_schema_lseg_financials_v1_2_6_2024_02_20,QA Database Schema - LSEG Financials v1.2.6 (2024-02-20).pdf,,To,RKDFndDesc,,cross_reference,"To translate RKDFndCode.Desc_, cross-reference RKDFndCode.Desc_ with RKDFndDesc.Code where RKDFndDesc.Type_ = 58.",22
qa_database_schema_lseg_financials_v1_2_6_2024_02_20,QA Database Schema - LSEG Financials v1.2.6 (2024-02-20).pdf,RKDFndCmpRef,EstCurrCode,,,cross_reference,EstCurrCode cross-references RKDFndCode where EstCurrCode = RKDFndCode.Code and RKDFndCode.Type_ = 58.,22
qa_database_schema_lseg_financials_v1_2_6_2024_02_20,QA Database Schema - LSEG Financials v1.2.6 (2024-02-20).pdf,,To,RKDFndDesc,,cross_reference,"To translate RKDFndCode.Desc_, cross-reference RKDFndCode.Desc_ with RKDFndDesc.Code where RKDFndDesc.Type_ = 58.",22
qa_database_schema_lseg_financials_v1_2_6_2024_02_20,QA Database Schema - LSEG Financials v1.2.6 (2024-02-20).pdf,RKDFndCmpRef,PriIssPrcCurrCode,,,cross_reference,PriIssPrcCurrCode cross-references RKDFndCode where PriIssPrcCurrCode = RKDFndCode.Code and RKDFndCode.Type_ = 58.,22
qa_database_schema_lseg_financials_v1_2_6_2024_02_20,QA Database Schema - LSEG Financials v1.2.6 (2024-02-20).pdf,,To,RKDFndDesc,,cross_reference,"To translate RKDFndCode.Desc_, cross-reference RKDFndCode.Desc_ with RKDFndDesc.Code where RKDFndDesc.Type_ = 58.",22
qa_database_schema_lseg_financials_v1_2_6_2024_02_20,QA Database Schema - LSEG Financials v1.2.6 (2024-02-20).pdf,RKDFndCmpRef,COATypeCode,RKDFndDesc,,cross_reference,"COATypeCode may be: • UTL = Utilities, including companies engaged in the provision of utility services • BNK = Banks, including bank holding companies, savings institutions, and commercial banks • IND = Industrial Companies • FIN = Insurance/Finance, including companies primarily engaged in underwriting annuities and insurance policies, and investing premiums to develop a portfolio of financial assets For other codes, cross-reference COATypeCode with RKDFndDesc where COATypeCode = RKDFndDesc.Code and RKDFndDesc.Type_ = 21.",22
qa_database_schema_lseg_financials_v1_2_6_2024_02_20,QA Database Schema - LSEG Financials v1.2.6 (2024-02-20).pdf,,For,RKDFndDesc,,cross_reference,"For other codes, cross-reference BALCode with RKDFndDesc where BALCode = RKDFndDesc.Code and RKDFndDesc.Type_ = 22.",23
qa_database_schema_lseg_financials_v1_2_6_2024_02_20,QA Database Schema - LSEG Financials v1.2.6 (2024-02-20).pdf,,For,RKDFndDesc,,cross_reference,"For other codes, cross-reference CASCode with RKDFndDesc where CASCode = RKDFndDesc.Code and RKDFndDesc.Type_ = 20.",23
qa_database_schema_lseg_financials_v1_2_6_2024_02_20,QA Database Schema - LSEG Financials v1.2.6 (2024-02-20).pdf,RKDFndCmpRef,LicFlag,RKDFndCode,,cross_reference,"LicFlag cross-references with RKDFndCode.Code where Type_ = 69. • 1 = North America (NA) • 2 = Asia Pacific (AP) • 4 = Europe (EU) DFlag: Additional Company Information DFlag is a field in the tables RKDFndCmpRef, RKDFndCmpRefIssue, and RKDPIT2FndCmpRef.",23
qa_database_schema_lseg_financials_v1_2_6_2024_02_20,QA Database Schema - LSEG Financials v1.2.6 (2024-02-20).pdf,,You,RKDFndCode,,cross_reference,You can use this query to cross-reference DFlag with RKDFndCode.,23
qa_database_schema_lseg_financials_v1_2_6_2024_02_20,QA Database Schema - LSEG Financials v1.2.6 (2024-02-20).pdf,,This,,,cross_reference,This field is the VenCode (vendor code) that cross-references SecMapX.VenCode and GSecMapX.VenCode where VenType = 26.,25
qa_database_schema_lseg_financials_v1_2_6_2024_02_20,QA Database Schema - LSEG Financials v1.2.6 (2024-02-20).pdf,,Cross,RKDFndDesc,,cross_reference,Cross-reference ListingTypeCode with RKDFndDesc where ListingTypeCode = RKDFndDesc.Code and RKDFndDesc.Type_ = 75.,25
qa_database_schema_lseg_financials_v1_2_6_2024_02_20,QA Database Schema - LSEG Financials v1.2.6 (2024-02-20).pdf,RKDFndCmpRefIssue,RegionCode,RKDFndDesc,,cross_reference,"RegionCode may be: • AP = Asia Pacific • EU = Europe • NA = North America For other codes, cross-reference RegionCode with RKDFndDesc where RegionCode = RKDFndDesc.Code and RKDFndDesc.Type_ = 69.",26
qa_database_schema_lseg_financials_v1_2_6_2024_02_20,QA Database Schema - LSEG Financials v1.2.6 (2024-02-20).pdf,RKDFndCmpRefIssue,LicFlag,RKDFndCode,,cross_reference,LicFlag cross-references with RKDFndCode.Code where Type_ = 69. • 1 = North America (NA) • 2 = Asia Pacific (AP) • 4 = Europe (EU),26
qa_database_schema_lseg_financials_v1_2_6_2024_02_20,QA Database Schema - LSEG Financials v1.2.6 (2024-02-20).pdf,,This,RKDFndCode,,cross_reference,This field cross-references with RKDFndCode.Code where Type_ = 44.,28
qa_database_schema_lseg_financials_v1_2_6_2024_02_20,QA Database Schema - LSEG Financials v1.2.6 (2024-02-20).pdf,RKDFndStdFinVal,StmtTypeCode,RKDFndCode,,cross_reference,"StmtTypeCode may be: • 1 = INC (Income Statement) • 2 = CAS (Cash Flow) • 3 = BAL (Balance Sheet) For other codes, cross-reference StmtTypeCode with RKDFndCode where StmtTypeCode = RKDFndCode.Code and RKDFndCode.Type_ = 45.",28
qa_database_schema_lseg_financials_v1_2_6_2024_02_20,QA Database Schema - LSEG Financials v1.2.6 (2024-02-20).pdf,,To,RKDFndDesc,,cross_reference,"To translate RKDFndCode.Desc_, cross-reference RKDFndCode.Desc_ with RKDFndDesc.Code where RKDFndDesc.Type_ = 45.",28
qa_database_schema_lseg_financials_v1_2_6_2024_02_20,QA Database Schema - LSEG Financials v1.2.6 (2024-02-20).pdf,RKDFndStdFinVal,LicFlag,RKDFndCode,,cross_reference,LicFlag cross-references with RKDFndCode.Code where Type_ = 69. • 1 = North America (NA) • 2 = Asia Pacific (AP) • 4 = Europe (EU) RKDFndStdItem: Standardized COA Codes Use this table to retrieve the standardized description of the COA Codes.,28
qa_database_schema_lseg_financials_v1_2_6_2024_02_20,QA Database Schema - LSEG Financials v1.2.6 (2024-02-20).pdf,,This,other,,cross_reference,This field is cross-referenced from other tables.,29
qa_database_schema_lseg_financials_v1_2_6_2024_02_20,QA Database Schema - LSEG Financials v1.2.6 (2024-02-20).pdf,RKDFndStdItem,StmtTypeCode,RKDFndCode,,cross_reference,"StmtTypeCode may be: • 1 = INC (Income Statement) • 2 = CAS (Cash Flow) • 3 = BAL (Balance Sheet) For other codes, cross-reference StmtTypeCode with RKDFndCode where StmtTypeCode = RKDFndCode.Code and RKDFndCode.Type_ = 45.",29
qa_database_schema_lseg_financials_v1_2_6_2024_02_20,QA Database Schema - LSEG Financials v1.2.6 (2024-02-20).pdf,,To,RKDFndDesc,,cross_reference,"To translate RKDFndCode.Desc_, cross-reference RKDFndCode.Desc_ with RKDFndDesc.Code where RKDFndDesc.Type_ = 45.",29
qa_database_schema_lseg_financials_v1_2_6_2024_02_20,QA Database Schema - LSEG Financials v1.2.6 (2024-02-20).pdf,RKDFndStdItem,Table_,RKDFndDesc,,cross_reference,Table_ cross-references with RKDFndDesc where Table_ = RKDFndDesc.Code and RKDFndDesc.Type_ = 80.,30
qa_database_schema_lseg_financials_v1_2_6_2024_02_20,QA Database Schema - LSEG Financials v1.2.6 (2024-02-20).pdf,RKDFndStdPerFiling,CurrRepCode,,,cross_reference,CurrRepCode cross-references RKDFndCode where CurrRepCode = RKDFndCode.Code and RKDFndCode.Type_ = 58.,31
qa_database_schema_lseg_financials_v1_2_6_2024_02_20,QA Database Schema - LSEG Financials v1.2.6 (2024-02-20).pdf,,To,RKDFndDesc,,cross_reference,"To translate RKDFndCode.Desc_, cross-reference RKDFndCode.Desc_ with RKDFndDesc.Code where RKDFndDesc.Type_ = 58.",31
qa_database_schema_lseg_financials_v1_2_6_2024_02_20,QA Database Schema - LSEG Financials v1.2.6 (2024-02-20).pdf,RKDFndStdPerFiling,CurrConvToCode,,,cross_reference,CurrConvToCode cross-references RKDFndCode where CurrConvToCode = RKDFndCode.Code and RKDFndCode.Type_ = 58.,31
qa_database_schema_lseg_financials_v1_2_6_2024_02_20,QA Database Schema - LSEG Financials v1.2.6 (2024-02-20).pdf,,To,RKDFndDesc,,cross_reference,"To translate RKDFndCode.Desc_, cross-reference RKDFndCode.Desc_ with RKDFndDesc.Code where RKDFndDesc.Type_ = 58.",31
qa_database_schema_lseg_financials_v1_2_6_2024_02_20,QA Database Schema - LSEG Financials v1.2.6 (2024-02-20).pdf,RKDFndStdPerFiling,UnitsRepCode,RKDFndDesc,,cross_reference,"UnitsRepCode may be: • B = Billions • M = Millions • T = Thousands For other codes, cross-reference UnitsRepCode with RKDFndDesc where UnitsRepCode = RKDFndDesc.Code and RKDFndDesc.Type_ = 27.",31
qa_database_schema_lseg_financials_v1_2_6_2024_02_20,QA Database Schema - LSEG Financials v1.2.6 (2024-02-20).pdf,,Cross,RKDFndDesc,,cross_reference,Cross-reference AuditorCode with RKDFndDesc where AuditorCode = RKDFndDesc.Code and RKDFndDesc.Type_ = 30.,31
qa_database_schema_lseg_financials_v1_2_6_2024_02_20,QA Database Schema - LSEG Financials v1.2.6 (2024-02-20).pdf,RKDFndStdPeriod,LicFlag,RKDFndCode,,cross_reference,LicFlag cross-references with RKDFndCode.Code where Type_ = 69. • 1 = North America (NA),32
qa_database_schema_lseg_financials_v1_2_6_2024_02_20,QA Database Schema - LSEG Financials v1.2.6 (2024-02-20).pdf,StmtTypeCode,StmtTypeCode,RKDFndCode,,cross_reference,"StmtTypeCode may be: • 1 = INC (Income Statement) • 2 = CAS (Cash Flow) • 3 = BAL (Balance Sheet) For other codes, cross-reference StmtTypeCode with RKDFndCode where StmtTypeCode = RKDFndCode.Code and RKDFndCode.Type_ = 45.",33
qa_database_schema_lseg_financials_v1_2_6_2024_02_20,QA Database Schema - LSEG Financials v1.2.6 (2024-02-20).pdf,,To,RKDFndDesc,,cross_reference,"To translate RKDFndCode.Desc_, cross-reference RKDFndCode.Desc_ with RKDFndDesc.Code where RKDFndDesc.Type_ = 45.",33
qa_database_schema_lseg_financials_v1_2_6_2024_02_20,QA Database Schema - LSEG Financials v1.2.6 (2024-02-20).pdf,StmtTypeCode,UpdTypeCode,RKDFndCode,,cross_reference,"UpdTypeCode char(3) Y If a company submits an update to their original financials, UpdTypeCode indicates the update type: • 1 = CCA = Reclassified calculated • 2 = CLA = Reclassified normal • 3 = CSP = Reclassified special • 4 = RCA = Restated calculated • 5 = RES = Restated normal • 6 = RSP = Restated special • 7 = UCA = Updated calculated • 8 = UPD = Updated normal • 9 = USP = Updated special This field cross-references with RKDFndCode.Code and RKDFndDesc.Code where Type_ = 33.",34
qa_database_schema_lseg_financials_v1_2_6_2024_02_20,QA Database Schema - LSEG Financials v1.2.6 (2024-02-20).pdf,,Cross,RKDFndDesc,,cross_reference,Cross-reference RepAcctStdCode with RKDFndDesc where RepAcctStdCode = RKDFndDesc.Code and RKDFndDesc.Type_ = 34.,35
qa_database_schema_lseg_financials_v1_2_6_2024_02_20,QA Database Schema - LSEG Financials v1.2.6 (2024-02-20).pdf,StmtTypeCode,LicFlag,RKDFndCode,,cross_reference,LicFlag cross-references with RKDFndCode.Code where Type_ = 69. • 1 = North America (NA) • 2 = Asia Pacific (AP) • 4 = Europe (EU),35
qa_database_schema_lseg_financials_v1_2_6_2024_02_20,QA Database Schema - LSEG Financials v1.2.6 (2024-02-20).pdf,,This,RKDFndCode,,cross_reference,This field cross-references with RKDFndCode.Code where Type_ = 44.,37
qa_database_schema_lseg_financials_v1_2_6_2024_02_20,QA Database Schema - LSEG Financials v1.2.6 (2024-02-20).pdf,RKDFndCSFFinVal,StmtTypeCode,RKDFndCode,,cross_reference,"StmtTypeCode may be: • 1 = INC (Income Statement) • 2 = CAS (Cash Flow) • 3 = BAL (Balance Sheet) For other codes, cross-reference StmtTypeCode with RKDFndCode where StmtTypeCode = RKDFndCode.Code and RKDFndCode.Type_ = 45.",37
qa_database_schema_lseg_financials_v1_2_6_2024_02_20,QA Database Schema - LSEG Financials v1.2.6 (2024-02-20).pdf,,To,RKDFndDesc,,cross_reference,"To translate RKDFndCode.Desc_, cross-reference RKDFndCode.Desc_ with RKDFndDesc.Code where RKDFndDesc.Type_ = 45.",37
qa_database_schema_lseg_financials_v1_2_6_2024_02_20,QA Database Schema - LSEG Financials v1.2.6 (2024-02-20).pdf,RKDFndCSFFinVal,LicFlag,RKDFndCode,,cross_reference,LicFlag cross-references with RKDFndCode.Code where Type_ = 69. • 1 = North America (NA),37
qa_database_schema_lseg_financials_v1_2_6_2024_02_20,QA Database Schema - LSEG Financials v1.2.6 (2024-02-20).pdf,,This,other,,cross_reference,This field is cross-referenced from other tables.,38
qa_database_schema_lseg_financials_v1_2_6_2024_02_20,QA Database Schema - LSEG Financials v1.2.6 (2024-02-20).pdf,RKDFndCSFItem,StmtTypeCode,RKDFndCode,,cross_reference,"StmtTypeCode may be: • 1 = INC (Income Statement) • 2 = CAS (Cash Flow) • 3 = BAL (Balance Sheet) For other codes, cross-reference StmtTypeCode with RKDFndCode where StmtTypeCode = RKDFndCode.Code and RKDFndCode.Type_ = 45.",38
qa_database_schema_lseg_financials_v1_2_6_2024_02_20,QA Database Schema - LSEG Financials v1.2.6 (2024-02-20).pdf,,To,RKDFndDesc,,cross_reference,"To translate RKDFndCode.Desc_, cross-reference RKDFndCode.Desc_ with RKDFndDesc.Code where RKDFndDesc.Type_ = 45.",38
qa_database_schema_lseg_financials_v1_2_6_2024_02_20,QA Database Schema - LSEG Financials v1.2.6 (2024-02-20).pdf,RKDFndCSFItemSub,StmtTypeCode,RKDFndCode,,cross_reference,"StmtTypeCode may be: • 1 = INC (Income Statement) • 2 = CAS (Cash Flow) • 3 = BAL (Balance Sheet) For other codes, cross-reference StmtTypeCode with RKDFndCode where StmtTypeCode = RKDFndCode.Code and RKDFndCode.Type_ = 45.",40
qa_database_schema_lseg_financials_v1_2_6_2024_02_20,QA Database Schema - LSEG Financials v1.2.6 (2024-02-20).pdf,,To,RKDFndDesc,,cross_reference,"To translate RKDFndCode.Desc_, cross-reference RKDFndCode.Desc_ with RKDFndDesc.Code where RKDFndDesc.Type_ = 45.",40
qa_database_schema_lseg_financials_v1_2_6_2024_02_20,QA Database Schema - LSEG Financials v1.2.6 (2024-02-20).pdf,RKDFndCSFItemSub,LicFlag,RKDFndCode,,cross_reference,LicFlag cross-references with RKDFndCode.Code where Type_ = 69. • 1 = North America (NA) • 2 = Asia Pacific (AP) • 4 = Europe (EU) RKDFndCSFPerFiling: Company-Specific Period Filings Use this table to retrieve data on company-specific period filings.,40
qa_database_schema_lseg_financials_v1_2_6_2024_02_20,QA Database Schema - LSEG Financials v1.2.6 (2024-02-20).pdf,RKDFndCSFPerFiling,CurrRepCode,,,cross_reference,CurrRepCode cross-references RKDFndCode where CurrRepCode = RKDFndCode.Code and RKDFndCode.Type_ = 58.,41
qa_database_schema_lseg_financials_v1_2_6_2024_02_20,QA Database Schema - LSEG Financials v1.2.6 (2024-02-20).pdf,,To,RKDFndDesc,,cross_reference,"To translate RKDFndCode.Desc_, cross-reference RKDFndCode.Desc_ with RKDFndDesc.Code where RKDFndDesc.Type_ = 58.",41
qa_database_schema_lseg_financials_v1_2_6_2024_02_20,QA Database Schema - LSEG Financials v1.2.6 (2024-02-20).pdf,RKDFndCSFPerFiling,CurrConvToCode,,,cross_reference,CurrConvToCode cross-references RKDFndCode where CurrConvToCode = RKDFndCode.Code and RKDFndCode.Type_ = 58.,41
qa_database_schema_lseg_financials_v1_2_6_2024_02_20,QA Database Schema - LSEG Financials v1.2.6 (2024-02-20).pdf,,To,RKDFndDesc,,cross_reference,"To translate RKDFndCode.Desc_, cross-reference RKDFndCode.Desc_ with RKDFndDesc.Code where RKDFndDesc.Type_ = 58.",41
qa_database_schema_lseg_financials_v1_2_6_2024_02_20,QA Database Schema - LSEG Financials v1.2.6 (2024-02-20).pdf,RKDFndCSFPerFiling,UnitsRepCode,RKDFndDesc,,cross_reference,"UnitsRepCode may be: • B = Billions • M = Millions • T = Thousands For other codes, cross-reference UnitsRepCode with RKDFndDesc where UnitsRepCode = RKDFndDesc.Code and RKDFndDesc.Type_ = 27.",41
qa_database_schema_lseg_financials_v1_2_6_2024_02_20,QA Database Schema - LSEG Financials v1.2.6 (2024-02-20).pdf,,Cross,RKDFndDesc,,cross_reference,Cross-reference AuditorCode with RKDFndDesc where AuditorCode = RKDFndDesc.Code and RKDFndDesc.Type_ = 30.,41
qa_database_schema_lseg_financials_v1_2_6_2024_02_20,QA Database Schema - LSEG Financials v1.2.6 (2024-02-20).pdf,RKDFndCSFPeriod,LicFlag,This,,cross_reference,LicFlag cross-references with RKDFndCode.Code where Type_ = 69. • 1 = North America (NA) • 2 = Asia Pacific (AP) • 4 = Europe (EU) RKDFndCSFStmt: Company-Specific Statements This table contains statement information in company-specific formats.,43
qa_database_schema_lseg_financials_v1_2_6_2024_02_20,QA Database Schema - LSEG Financials v1.2.6 (2024-02-20).pdf,StmtTypeCode,StmtTypeCode,RKDFndCode,,cross_reference,"StmtTypeCode may be: • 1 = INC (Income Statement) • 2 = CAS (Cash Flow) • 3 = BAL (Balance Sheet) For other codes, cross-reference StmtTypeCode with RKDFndCode where StmtTypeCode = RKDFndCode.Code and RKDFndCode.Type_ = 45.",43
qa_database_schema_lseg_financials_v1_2_6_2024_02_20,QA Database Schema - LSEG Financials v1.2.6 (2024-02-20).pdf,,Database,RKDFndDesc,,cross_reference,"Database Schema for LSEG Financials 44 Field Type Nullable Description To translate RKDFndCode.Desc_, cross-reference RKDFndCode.Desc_ with RKDFndDesc.Code where RKDFndDesc.Type_ = 45.",44
qa_database_schema_lseg_financials_v1_2_6_2024_02_20,QA Database Schema - LSEG Financials v1.2.6 (2024-02-20).pdf,StmtTypeCode,UpdTypeCode,RKDFndCode,,cross_reference,"UpdTypeCode char(3) Y If a company submits an update to their original financials, UpdTypeCode indicates the update type: • 1 = CCA = Reclassified calculated • 2 = CLA = Reclassified normal • 3 = CSP = Reclassified special • 4 = RCA = Restated calculated • 5 = RES = Restated normal • 6 = RSP = Restated special • 7 = UCA = Updated calculated • 8 = UPD = Updated normal • 9 = USP = Updated special This field cross-references with RKDFndCode.Code and RKDFndDesc.Code where Type_ = 33.",44
qa_database_schema_lseg_financials_v1_2_6_2024_02_20,QA Database Schema - LSEG Financials v1.2.6 (2024-02-20).pdf,,Cross,RKDFndDesc,,cross_reference,Cross-reference RepAcctStdCode with RKDFndDesc where RepAcctStdCode = RKDFndDesc.Code and RKDFndDesc.Type_ = 34.,45
qa_database_schema_lseg_financials_v1_2_6_2024_02_20,QA Database Schema - LSEG Financials v1.2.6 (2024-02-20).pdf,StmtTypeCode,LicFlag,RKDFndCode,,cross_reference,LicFlag cross-references with RKDFndCode.Code where Type_ = 69. • 1 = North America (NA) • 2 = Asia Pacific (AP) • 4 = Europe (EU),45
qa_database_schema_lseg_financials_v1_2_6_2024_02_20,QA Database Schema - LSEG Financials v1.2.6 (2024-02-20).pdf,RKDFndCRASCSpec,RasFldNameCode,RKDFndCode,,cross_reference,RasFldNameCode cross-references with RKDFndCode where RasFldNameCode = RKDFndCode.Code and RKDFndCode.Type_ = 48.,47
qa_database_schema_lseg_financials_v1_2_6_2024_02_20,QA Database Schema - LSEG Financials v1.2.6 (2024-02-20).pdf,RKDFndCRASCSpec,GroupCode,RKDFndCode,,cross_reference,GroupCode cross-references with RKDFndCode where GroupCode = RKDFndCode.Code and RKDFndCode.Type_ = 46.,47
qa_database_schema_lseg_financials_v1_2_6_2024_02_20,QA Database Schema - LSEG Financials v1.2.6 (2024-02-20).pdf,,It,RKDFndCode,,cross_reference,"It may be: • 1 = Date • 2 = Numeric • 3 = Character For other values, RasFldTypeCode cross-references with RKDFndCode where RasFldTypeCode = RKDFndCode.Code and RKDFndCode.Type_ = 67 To translate RKDFndCode.Desc_, cross-reference RKDFndCode.Desc_ with RKDFndDesc.Code where RKDFndDesc.Type_ = 67.",47
qa_database_schema_lseg_financials_v1_2_6_2024_02_20,QA Database Schema - LSEG Financials v1.2.6 (2024-02-20).pdf,RKDFndCRASCSpec,LicFlag,RKDFndCode,,cross_reference,LicFlag cross-references with RKDFndCode.Code where Type_ = 69. • 1 = North America (NA) • 2 = Asia Pacific (AP) • 4 = Europe (EU) Example: Linking RKDFndCRASCSpec to RKDFndCode and RKDFndDesc Use this query to join RKDFndCRASCSpec to the metadata tables RKDFndCode and RKDFndDesc.,47
qa_database_schema_lseg_financials_v1_2_6_2024_02_20,QA Database Schema - LSEG Financials v1.2.6 (2024-02-20).pdf,,,RKDFNDCRASCSPEC,,join_hint,"SELECT I.NAME_, S.*, C.*, D.DESC_ FROM RKDFNDCRASCSPEC S JOIN RKDFNDINFO I ON S.CODE = I.CODE JOIN RKDFNDCODE C ON S.RASFLDNAMECODE = C.CODE AND C.TYPE_ = 48 JOIN RKDFNDDESC D ON C.DESC_ = D.CODE",47
qa_database_schema_lseg_financials_v1_2_6_2024_02_20,QA Database Schema - LSEG Financials v1.2.6 (2024-02-20).pdf,RKDFndCRASISpec,RasFldNameCode,RKDFndCode,,cross_reference,RasFldNameCode cross-references with RKDFndCode where RasFldNameCode = RKDFndCode.Code and RKDFndCode.Type_ = 48.,48
qa_database_schema_lseg_financials_v1_2_6_2024_02_20,QA Database Schema - LSEG Financials v1.2.6 (2024-02-20).pdf,RKDFndCRASISpec,GroupCode,RKDFndCode,,cross_reference,GroupCode cross-references with RKDFndCode where GroupCode = RKDFndCode.Code and RKDFndCode.Type_ = 46.,48
qa_database_schema_lseg_financials_v1_2_6_2024_02_20,QA Database Schema - LSEG Financials v1.2.6 (2024-02-20).pdf,,It,RKDFndCode,,cross_reference,"It may be: • 1 = Date • 2 = Numeric • 3 = Character For other values, RasFldTypeCode cross-references with RKDFndCode where RasFldTypeCode = RKDFndCode.Code and RKDFndCode.Type_ = 67 To translate RKDFndCode.Desc_, cross-reference RKDFndCode.Desc_ with RKDFndDesc.Code where RKDFndDesc.Type_ = 67.",48
qa_database_schema_lseg_financials_v1_2_6_2024_02_20,QA Database Schema - LSEG Financials v1.2.6 (2024-02-20).pdf,RKDFndCRASPrCurr,LicFlag,This,,cross_reference,LicFlag cross-references with RKDFndCode.Code where Type_ = 69. • 1 = North America (NA) • 2 = Asia Pacific (AP) • 4 = Europe (EU) RKDFndCRASPrCurr: Current Pricing and Reporting Currencies This table provides the company's pricing currency and the exchange rate between pricing currency and the most recent reporting currency.,49
qa_database_schema_lseg_financials_v1_2_6_2024_02_20,QA Database Schema - LSEG Financials v1.2.6 (2024-02-20).pdf,RKDFndCRASPrCurr,ISOCurCode,,,cross_reference,ISOCurCode cross-references RKDFndCode where ISOCurCode = RKDFndCode.Code and RKDFndCode.Type_ = 58.,49
qa_database_schema_lseg_financials_v1_2_6_2024_02_20,QA Database Schema - LSEG Financials v1.2.6 (2024-02-20).pdf,,To,RKDFndDesc,,cross_reference,"To translate RKDFndCode.Desc_, cross-reference RKDFndCode.Desc_ with RKDFndDesc.Code where RKDFndDesc.Type_ = 58.",49
qa_database_schema_lseg_financials_v1_2_6_2024_02_20,QA Database Schema - LSEG Financials v1.2.6 (2024-02-20).pdf,RKDFndCRASPrCurr,LicFlag,RKDFndCode,,cross_reference,LicFlag cross-references with RKDFndCode.Code where Type_ = 69. • 1 = North America (NA) • 2 = Asia Pacific (AP) • 4 = Europe (EU),49
qa_database_schema_lseg_financials_v1_2_6_2024_02_20,QA Database Schema - LSEG Financials v1.2.6 (2024-02-20).pdf,RKDFndBGSeg,LicFlag,RKDFndCode,,cross_reference,LicFlag cross-references with RKDFndCode.Code where Type_ = 69. • 1 = North America (NA),50
qa_database_schema_lseg_financials_v1_2_6_2024_02_20,QA Database Schema - LSEG Financials v1.2.6 (2024-02-20).pdf,RKDFndBGSegData,LicFlag,This,,cross_reference,LicFlag cross-references with RKDFndCode.Code where Type_ = 69. • 1 = North America (NA) • 2 = Asia Pacific (AP) • 4 = Europe (EU) RKDFndBGSegItem: Segment Item Information This table contains information for business and geographic segment items.,52
qa_database_schema_lseg_financials_v1_2_6_2024_02_20,QA Database Schema - LSEG Financials v1.2.6 (2024-02-20).pdf,,This,other,,cross_reference,This field is cross-referenced from other tables.,52
qa_database_schema_lseg_financials_v1_2_6_2024_02_20,QA Database Schema - LSEG Financials v1.2.6 (2024-02-20).pdf,RKDFndBGSegItem,Table_,RKDFndDesc,,cross_reference,Table_ cross-references with RKDFndDesc where Table_ = RKDFndDesc.Code and RKDFndDesc.Type_ = 80.,52
qa_database_schema_lseg_financials_v1_2_6_2024_02_20,QA Database Schema - LSEG Financials v1.2.6 (2024-02-20).pdf,RKDFndBGSegVal,LicFlag,RKDFndCode,,cross_reference,LicFlag cross-references with RKDFndCode.Code where Type_ = 69. • 1 = North America (NA) • 2 = Asia Pacific (AP) • 4 = Europe (EU),53
qa_database_schema_lseg_financials_v1_2_6_2024_02_20,QA Database Schema - LSEG Financials v1.2.6 (2024-02-20).pdf,RKDOnDOfficerInfo,LicFlag,This,,cross_reference,"LicFlag cross-references with RKDFndCode.Code where Type_ = 69. • 1 = North America (NA) • 2 = Asia Pacific (AP) • 4 = Europe (EU) RKDOnDPerInfo This table contains information such as the person's name, age, date of birth, sex, and certifications.",57
qa_database_schema_lseg_financials_v1_2_6_2024_02_20,QA Database Schema - LSEG Financials v1.2.6 (2024-02-20).pdf,RKDOnDSubmitInfo,LicFlag,This,,cross_reference,LicFlag cross-references with RKDFndCode.Code where Type_ = 69. • 1 = North America (NA) • 2 = Asia Pacific (AP) • 4 = Europe (EU) RKDOnDSubmitInfo This table provides the submission details of the officer and director-related information.,58
qa_database_schema_lseg_financials_v1_2_6_2024_02_20,QA Database Schema - LSEG Financials v1.2.6 (2024-02-20).pdf,RKDOnDSubmitInfo,LicFlag,RKDFndCode,,cross_reference,LicFlag cross-references with RKDFndCode.Code where Type_ = 69. • 1 = North America (NA) • 2 = Asia Pacific (AP) • 4 = Europe (EU),58
qa_database_schema_lseg_financials_v1_2_6_2024_02_20,QA Database Schema - LSEG Financials v1.2.6 (2024-02-20).pdf,,To,RKDFndCode,,cross_reference,"To translate this code, cross-reference this field with RKDFndCode.Code where Type_ = 49.",59
qa_database_schema_lseg_financials_v1_2_6_2024_02_20,QA Database Schema - LSEG Financials v1.2.6 (2024-02-20).pdf,,Then,RKDFndDesc,,cross_reference,Then cross-reference the corresponding code in the RKDFndCode.Desc_ field with RKDFndDesc.Code where Type_ = 49.,59
qa_database_schema_lseg_financials_v1_2_6_2024_02_20,QA Database Schema - LSEG Financials v1.2.6 (2024-02-20).pdf,,To,RKDFndCode,,cross_reference,"To translate this code, cross-reference this field with RKDFndCode.Code where Type_ = 52.",59
qa_database_schema_lseg_financials_v1_2_6_2024_02_20,QA Database Schema - LSEG Financials v1.2.6 (2024-02-20).pdf,,Then,RKDFndDesc,,cross_reference,Then cross-reference the corresponding code in the RKDFndCode.Desc_ field with RKDFndDesc.Code where Type_ = 52.,59
qa_database_schema_lseg_financials_v1_2_6_2024_02_20,QA Database Schema - LSEG Financials v1.2.6 (2024-02-20).pdf,,To,RKDFndCode,,cross_reference,"To translate this code, cross-reference this field with RKDFndCode.Code where Type_ = 85.",59
qa_database_schema_lseg_financials_v1_2_6_2024_02_20,QA Database Schema - LSEG Financials v1.2.6 (2024-02-20).pdf,RKDOnDPerEduInfo,LicFlag,RKDFndCode,,cross_reference,LicFlag cross-references with RKDFndCode.Code where Type_ = 69. • 1 = North America (NA) • 2 = Asia Pacific (AP) • 4 = Europe (EU),59
qa_database_schema_lseg_financials_v1_2_6_2024_02_20,QA Database Schema - LSEG Financials v1.2.6 (2024-02-20).pdf,RKDOnDBio,LicFlag,This,,cross_reference,"LicFlag cross-references with RKDFndCode.Code where Type_ = 69. • 1 = North America (NA) • 2 = Asia Pacific (AP) • 4 = Europe (EU) RKDOnDContactInfo This table provides the officer's contact details, including email, messenger address, website, and contact person.",60
qa_database_schema_lseg_financials_v1_2_6_2024_02_20,QA Database Schema - LSEG Financials v1.2.6 (2024-02-20).pdf,RKDOnDPhoneInfo,LicFlag,This,,cross_reference,"LicFlag cross-references with RKDFndCode.Code where Type_ = 69. • 1 = North America (NA) • 2 = Asia Pacific (AP) • 4 = Europe (EU) RKDOnDPhoneInfo This table provides the officer's phone, fax, and mobile numbers.",61
qa_database_schema_lseg_financials_v1_2_6_2024_02_20,QA Database Schema - LSEG Financials v1.2.6 (2024-02-20).pdf,RKDOnDPhoneInfo,LicFlag,RKDFndCode,,cross_reference,LicFlag cross-references with RKDFndCode.Code where Type_ = 69. • 1 = North America (NA) • 2 = Asia Pacific (AP) • 4 = Europe (EU),61
qa_database_schema_lseg_financials_v1_2_6_2024_02_20,QA Database Schema - LSEG Financials v1.2.6 (2024-02-20).pdf,RKDOnDTitle,LicFlag,This,,cross_reference,LicFlag cross-references with RKDFndCode.Code where Type_ = 69. • 1 = North America (NA) • 2 = Asia Pacific (AP) • 4 = Europe (EU) RKDOnDTenure This table provides information on the officer/director's tenure.,62
qa_database_schema_lseg_financials_v1_2_6_2024_02_20,QA Database Schema - LSEG Financials v1.2.6 (2024-02-20).pdf,RKDOnDTenure,LicFlag,RKDFndCode,,cross_reference,LicFlag cross-references with RKDFndCode.Code where Type_ = 69. • 1 = North America (NA) • 2 = Asia Pacific (AP) • 4 = Europe (EU),63
qa_database_schema_lseg_financials_v1_2_6_2024_02_20,QA Database Schema - LSEG Financials v1.2.6 (2024-02-20).pdf,RKDOnDCommtInfo,LicFlag,RKDFndCode,,cross_reference,LicFlag cross-references with RKDFndCode.Code where Type_ = 69. • 1 = North America (NA) • 2 = Asia Pacific (AP) • 4 = Europe (EU),64
qa_database_schema_lseg_financials_v1_2_6_2024_02_20,QA Database Schema - LSEG Financials v1.2.6 (2024-02-20).pdf,,This,RKDFndInfo,,cross_reference,This field cross-references with RKDFndInfo.RepNo.,65
qa_database_schema_lseg_financials_v1_2_6_2024_02_20,QA Database Schema - LSEG Financials v1.2.6 (2024-02-20).pdf,RKDOnDCmpAffln,AfflnCmpActive,RKDFndCode,,cross_reference,AfflnCmpActive tinyint Y AfflnCmpActive indicates whether the affiliated company is active: • 0 = inactive • 1 = active This field cross-references with RKDFndCode.Code where Type_ = 50.,65
qa_database_schema_lseg_financials_v1_2_6_2024_02_20,QA Database Schema - LSEG Financials v1.2.6 (2024-02-20).pdf,RKDOnDCmpAffln,AfflnActive,RKDFndCode,,cross_reference,AfflnActive tinyint Y AfflnActive indicates whether the affiliation is active: • 0 = inactive • 1 = active This field cross-references with RKDFndCode.Code where Type_ = 50.,65
qa_database_schema_lseg_financials_v1_2_6_2024_02_20,QA Database Schema - LSEG Financials v1.2.6 (2024-02-20).pdf,RKDOnDCmpAffln,LicFlag,RKDFndCode,,cross_reference,LicFlag cross-references with RKDFndCode.Code where Type_ = 69. • 1 = North America (NA) • 2 = Asia Pacific (AP) • 4 = Europe (EU),65
qa_database_schema_lseg_financials_v1_2_6_2024_02_20,QA Database Schema - LSEG Financials v1.2.6 (2024-02-20).pdf,SubmitSeqNum,LicFlag,RKDFndCode,,cross_reference,LicFlag cross-references with RKDFndCode.Code where Type_ = 69. • 1 = North America (NA) • 2 = Asia Pacific (AP) • 4 = Europe (EU),66
qa_database_schema_lseg_financials_v1_2_6_2024_02_20,QA Database Schema - LSEG Financials v1.2.6 (2024-02-20).pdf,RKDOnDSTDSalData,COACode,RKDFndCode,,cross_reference,COACode tinyint N COACode is a three-digit alphanumeric code for a line item.This field cross-references with RKDFndCode where Type_ = 88.,67
qa_database_schema_lseg_financials_v1_2_6_2024_02_20,QA Database Schema - LSEG Financials v1.2.6 (2024-02-20).pdf,RKDOnDSTDSalData,LicFlag,This,,cross_reference,LicFlag cross-references with RKDFndCode.Code where Type_ = 69. • 1 = North America (NA) • 2 = Asia Pacific (AP) • 4 = Europe (EU) RKDOnDCSFSalData This table contains information about the officer's company-specific compensation.,67
qa_database_schema_lseg_financials_v1_2_6_2024_02_20,QA Database Schema - LSEG Financials v1.2.6 (2024-02-20).pdf,RKDOnDOptionData,LicFlag,This,,cross_reference,LicFlag cross-references with RKDFndCode.Code where Type_ = 69. • 1 = North America (NA) • 2 = Asia Pacific (AP) • 4 = Europe (EU) RKDOnDOptionData This table contains stock options-related information.,68
qa_database_schema_lseg_financials_v1_2_6_2024_02_20,QA Database Schema - LSEG Financials v1.2.6 (2024-02-20).pdf,RKDOnDOptionData,LicFlag,RKDFndCode,,cross_reference,LicFlag cross-references with RKDFndCode.Code where Type_ = 69. • 1 = North America (NA) • 2 = Asia Pacific (AP) • 4 = Europe (EU),68
qa_database_schema_lseg_financials_v1_2_6_2024_02_20,QA Database Schema - LSEG Financials v1.2.6 (2024-02-20).pdf,RKDOnDCertInfo,LicFlag,RKDFndCode,,cross_reference,LicFlag cross-references with RKDFndCode.Code where Type_ = 69. • 1 = North America (NA) • 2 = Asia Pacific (AP) • 4 = Europe (EU) Field Type Nullable Description Code int N Code is the primary link across all RKD* tables.,69
qa_database_schema_lseg_financials_v1_2_6_2024_02_20,QA Database Schema - LSEG Financials v1.2.6 (2024-02-20).pdf,RKDOnDCertInfo,LicFlag,RKDFndCode,,cross_reference,LicFlag cross-references with RKDFndCode.Code where Type_ = 69. • 1 = North America (NA) • 2 = Asia Pacific (AP) • 4 = Europe (EU),69
qa_database_schema_lseg_financials_v1_2_6_2024_02_20,QA Database Schema - LSEG Financials v1.2.6 (2024-02-20).pdf,LangCode,LicFlag,RKDFndCode,,cross_reference,"LicFlag cross-references with RKDFndCode.Code where Type_ = 69. • 1 = North America (NA) • 2 = Asia Pacific (AP) • 4 = Europe (EU) RKDOnDMLPerInfo This is a multilingual table that contains information such as the person's name, age, date of birth, sex, and certifications.",70
qa_database_schema_lseg_financials_v1_2_6_2024_02_20,QA Database Schema - LSEG Financials v1.2.6 (2024-02-20).pdf,RKDOnDMLPerInfo,LicFlag,RKDFndCode,,cross_reference,LicFlag cross-references with RKDFndCode.Code where Type_ = 69. • 1 = North America (NA) • 2 = Asia Pacific (AP) • 4 = Europe (EU) RKDOnDMLBio This is a multilingual table that provides the officer's biography.,71
qa_database_schema_lseg_financials_v1_2_6_2024_02_20,QA Database Schema - LSEG Financials v1.2.6 (2024-02-20).pdf,,This,RKDFndInfo,,cross_reference,This field cross-references with RKDFndInfo.RepNo.,72
qa_database_schema_lseg_financials_v1_2_6_2024_02_20,QA Database Schema - LSEG Financials v1.2.6 (2024-02-20).pdf,LangCode,LicFlag,RKDFndCode,,cross_reference,LicFlag cross-references with RKDFndCode.Code where Type_ = 69. • 1 = North America (NA) • 2 = Asia Pacific (AP) • 4 = Europe (EU),72
qa_database_schema_lseg_financials_v1_2_6_2024_02_20,QA Database Schema - LSEG Financials v1.2.6 (2024-02-20).pdf,LangCode,AfflnCmpActive,RKDFndCode,,cross_reference,AfflnCmpActive tinyint Y AfflnCmpActive indicates whether the affiliated company is active: • 0 = inactive • 1 = active This field cross-references with RKDFndCode.Code where Type_ = 50.,73
qa_database_schema_lseg_financials_v1_2_6_2024_02_20,QA Database Schema - LSEG Financials v1.2.6 (2024-02-20).pdf,LangCode,AfflnActive,RKDFndCode,,cross_reference,AfflnActive tinyint Y AfflnActive indicates whether the affiliation is active: • 0 = inactive • 1 = active This field cross-references with RKDFndCode.Code where Type_ = 50.,73
qa_database_schema_lseg_financials_v1_2_6_2024_02_20,QA Database Schema - LSEG Financials v1.2.6 (2024-02-20).pdf,LangCode,LicFlag,RKDFndCode,,cross_reference,LicFlag cross-references with RKDFndCode.Code where Type_ = 69. • 1 = North America (NA) • 2 = Asia Pacific (AP) • 4 = Europe (EU),73
qa_database_schema_lseg_financials_v1_2_6_2024_02_20,QA Database Schema - LSEG Financials v1.2.6 (2024-02-20).pdf,RKDCmpSigDev,LicFlag,This,,cross_reference,"LicFlag cross-references with RKDFndCode.Code where Type_ = 69. • 1 = North America (NA) • 2 = Asia Pacific (AP) • 4 = Europe (EU) RKDSigTopics This table contains details about the parent topic, field, and sub-field that the description corresponds to.",75
qa_database_schema_lseg_financials_v1_2_6_2024_02_20,QA Database Schema - LSEG Financials v1.2.6 (2024-02-20).pdf,RKDSigTopics,LicFlag,This,,cross_reference,"LicFlag cross-references with RKDFndCode.Code where Type_ = 69. • 1 = North America (NA) • 2 = Asia Pacific (AP) • 4 = Europe (EU) RKDSigTopicMap This table provides the details for mapping between the parent, topic, field, and sub-field codes.",76
qa_database_schema_lseg_financials_v1_2_6_2024_02_20,QA Database Schema - LSEG Financials v1.2.6 (2024-02-20).pdf,,This,RKDFndCmpRefIssue,,cross_reference,This field cross-references with RKDFndCmpRefIssue.IssueCode.,77
qa_database_schema_lseg_financials_v1_2_6_2024_02_20,QA Database Schema - LSEG Financials v1.2.6 (2024-02-20).pdf,RKDFndSplitHist,LicFlag,This,,cross_reference,LicFlag cross-references with RKDFndCode.Code where Type_ = 69. • 1 = North America (NA) • 2 = Asia Pacific (AP) • 4 = Europe (EU) RKDCmpInfo This table provides company-level information.,78
qa_database_schema_lseg_financials_v1_2_6_2024_02_20,QA Database Schema - LSEG Financials v1.2.6 (2024-02-20).pdf,RKDMCPeriod,UpdTypeCode,RKDFndCode,,cross_reference,"UpdTypeCode tinyint N If a company submits an update to their original financials, UpdTypeCode indicates the update type: • 1 = CCA = Reclassified calculated • 2 = CLA = Reclassified normal • 3 = CSP = Reclassified special • 4 = RCA = Restated calculated • 5 = RES = Restated normal • 6 = RSP = Restated special • 7 = UCA = Updated calculated • 8 = UPD = Updated normal • 9 = USP = Updated special This field cross-references with RKDFndCode.Code and RKDFndDesc.Code where Type_ = 33.",81
qa_database_schema_lseg_financials_v1_2_6_2024_02_20,QA Database Schema - LSEG Financials v1.2.6 (2024-02-20).pdf,RKDMCPeriod,LicFlag,This,,cross_reference,LicFlag cross-references with RKDFndCode.Code where Type_ = 69. • 1 = North America (NA) • 2 = Asia Pacific (AP) • 4 = Europe (EU) RKDMajCustInfo This table contains major customer details.,82
qa_database_schema_lseg_financials_v1_2_6_2024_02_20,QA Database Schema - LSEG Financials v1.2.6 (2024-02-20).pdf,RKDMajCustInfo,UpdTypeCode,RKDFndCode,,cross_reference,"UpdTypeCode tinyint N If a company submits an update to their original financials, UpdTypeCode indicates the update type: • 1 = CCA = Reclassified calculated • 2 = CLA = Reclassified normal • 3 = CSP = Reclassified special • 4 = RCA = Restated calculated • 5 = RES = Restated normal • 6 = RSP = Restated special • 7 = UCA = Updated calculated • 8 = UPD = Updated normal • 9 = USP = Updated special This field cross-references with RKDFndCode.Code and RKDFndDesc.Code where Type_ = 33.",82
qa_database_schema_lseg_financials_v1_2_6_2024_02_20,QA Database Schema - LSEG Financials v1.2.6 (2024-02-20).pdf,RKDMajCustInfo,LicFlag,RKDFndCode,,cross_reference,LicFlag cross-references with RKDFndCode.Code where Type_ = 69. • 1 = North America (NA) • 2 = Asia Pacific (AP) • 4 = Europe (EU),83
qa_database_schema_lseg_financials_v1_2_6_2024_02_20,QA Database Schema - LSEG Financials v1.2.6 (2024-02-20).pdf,RKDCompetitorInfo,ComptTypeCode,RKDFndCode,,cross_reference,ComptTypeCode tinyint Y ComptTypeCode is the company type (capital structure) of the competitor company: • DBT (Debt Issue) • EQU (Equity Issue) • IPO (Pre-IPO) • PRE (Preferred) • PVT (Private) ComptCmpStatus tinyint Y ComptCmpStatus is the competitor company's status: • 0 = inactive • 1 = active This field cross-references with RKDFndCode where Type_ = 50.,84
qa_database_schema_lseg_financials_v1_2_6_2024_02_20,QA Database Schema - LSEG Financials v1.2.6 (2024-02-20).pdf,RKDCompetitorInfo,LicFlag,RKDFndCode,,cross_reference,LicFlag cross-references with RKDFndCode.Code where Type_ = 69. • 1 = North America (NA),84
qa_database_schema_lseg_financials_v1_2_6_2024_02_20,QA Database Schema - LSEG Financials v1.2.6 (2024-02-20).pdf,,This,RKDFndCode,,cross_reference,This field cross-references with RKDFndCode.Code where Type_ = 40.,86
qa_database_schema_lseg_financials_v1_2_6_2024_02_20,QA Database Schema - LSEG Financials v1.2.6 (2024-02-20).pdf,,To,RKDFndDesc,,cross_reference,"To translate RKDFndCode.Desc_, cross-reference RKDFndCode.Desc_ with RKDFndDesc.Code where Type_ = 40.",86
qa_database_schema_lseg_financials_v1_2_6_2024_02_20,QA Database Schema - LSEG Financials v1.2.6 (2024-02-20).pdf,RKDTxoInfo,LicFlag,RKDFndCode,,cross_reference,LicFlag cross-references with RKDFndCode.Code where Type_ = 69. • 1 = North America (NA) • 2 = Asia Pacific (AP) • 4 = Europe (EU),86
qa_database_schema_lseg_financials_v1_2_6_2024_02_20,QA Database Schema - LSEG Financials v1.2.6 (2024-02-20).pdf,RKDIndDesc,LicFlag,RKDFndCode,,cross_reference,LicFlag cross-references with RKDFndCode.Code where Type_ = 69. • 1 = North America (NA) • 2 = Asia Pacific (AP) • 4 = Europe (EU) TextInfo varchar(max) Y TextInfo is the long business description.,87
qa_database_schema_lseg_financials_v1_2_6_2024_02_20,QA Database Schema - LSEG Financials v1.2.6 (2024-02-20).pdf,,,rkdfndcode,,join_hint,"To translate the currency code in one step, you can use this query: select a.type_, a.code, a.desc_, b.desc_ from rkdfndcode a left join rkdfnddesc b on a.type_ = b.type_ and a.desc_ = b.code where b.type_ = 58 order by code You can modify this code sample to work with other Type_ values as needed.",88
qa_database_schema_lseg_financials_v1_2_6_2024_02_20,QA Database Schema - LSEG Financials v1.2.6 (2024-02-20).pdf,RKDPIT2FndCmpData,LicFlag,This,,cross_reference,"LicFlag cross-references with RKDFndCode.Code where Type_ = 69. • 1 = North America (NA) • 2 = Asia Pacific (AP) • 4 = Europe (EU) RKDPIT2FndCmpIssData: PIT Historical Company Issue Details This table contains a historical view of the data provided in RKDPIT2FndCmpRefIss, including market-level details such as CUSIP, ISIN, and SEDOL codes, as well as the split factor and public status.",91
qa_database_schema_lseg_financials_v1_2_6_2024_02_20,QA Database Schema - LSEG Financials v1.2.6 (2024-02-20).pdf,RKDPIT2FndCmpIssData,LicFlag,RKDFndCode,,cross_reference,"LicFlag cross-references with RKDFndCode.Code where Type_ = 69. • 1 = North America (NA) • 2 = Asia Pacific (AP) • 4 = Europe (EU) RKDPIT2FndCmpRef: Company Details Use this table to retrieve basic company details such as company status, reporting currency, financials availability, dates, and auditors.",92
qa_database_schema_lseg_financials_v1_2_6_2024_02_20,QA Database Schema - LSEG Financials v1.2.6 (2024-02-20).pdf,RKDPIT2FndCmpRef,COATypeCode,RKDFndDesc,,cross_reference,"COATypeCode may be: UTL Utilities, including companies engaged in the provision of utility services BNK Banks, including bank holding companies, savings institutions, and commercial banks IND Industrial Companies FIN Insurance/Finance, including companies primarily engaged in underwriting annuities and insurance policies, and investing premiums to develop a portfolio of financial assets For other codes, cross-reference COATypeCode with RKDFndDesc where COATypeCode = RKDFndDesc.Code and RKDFndDesc.Type_ = 21.",93
qa_database_schema_lseg_financials_v1_2_6_2024_02_20,QA Database Schema - LSEG Financials v1.2.6 (2024-02-20).pdf,,For,RKDFndDesc,,cross_reference,"For other codes, cross-reference BSDCode with RKDFndDesc where BSDCode = RKDFndDesc.Code and RKDFndDesc.Type_ = 22.",93
qa_database_schema_lseg_financials_v1_2_6_2024_02_20,QA Database Schema - LSEG Financials v1.2.6 (2024-02-20).pdf,RKDPIT2FndCmpRef,FilingStatusCode,RKDFndCode,,cross_reference,"FilingStatusCode may be: • 0 (Filing) • 1 (Bankruptcy) • 2 (Termination of Registration) • 3 (Notification of Late Filing) • 4 (Other) • 5 (Inactive) For other codes, cross-reference FilingStatusCode with RKDFndCode where FilingStatusCode = RKDFndCode.Code and RKDFndCode.Type_ = 74.",93
qa_database_schema_lseg_financials_v1_2_6_2024_02_20,QA Database Schema - LSEG Financials v1.2.6 (2024-02-20).pdf,,Cross,RKDFndCode,,cross_reference,Cross-reference RelCode with RKDFndCode where RelCode = RKDFndCode.Code and RKDFndCode.Type_ = 53 AuditorCode varchar(10) Y AuditorCode is the auditor code.,93
qa_database_schema_lseg_financials_v1_2_6_2024_02_20,QA Database Schema - LSEG Financials v1.2.6 (2024-02-20).pdf,,Cross,RKDFndDesc,,cross_reference,Cross-reference AuditorCode with RKDFndDesc where AuditorCode = RKDFndDesc.Code and RKDFndDesc.Type_ = 30.,93
qa_database_schema_lseg_financials_v1_2_6_2024_02_20,QA Database Schema - LSEG Financials v1.2.6 (2024-02-20).pdf,RKDPIT2FndCmpRef,LicFlag,RKDFndCode,,cross_reference,LicFlag cross-references with RKDFndCode.Code where Type_ = 69. • 1 = North America (NA) • 2 = Asia Pacific (AP) • 4 = Europe (EU) RKDPIT2FndCmpRefIss: Company Issue Information Use this table to retrieve issue-level information for a company.,94
qa_database_schema_lseg_financials_v1_2_6_2024_02_20,QA Database Schema - LSEG Financials v1.2.6 (2024-02-20).pdf,,This,,,cross_reference,This field is the VenCode (vendor code) that cross-references SecMapX.VenCode and GSecMapX.VenCode where VenType = 26.,94
qa_database_schema_lseg_financials_v1_2_6_2024_02_20,QA Database Schema - LSEG Financials v1.2.6 (2024-02-20).pdf,,Cross,RKDFndDesc,,cross_reference,Cross-reference ListingTypeCode with RKDFndDesc where ListingTypeCode = RKDFndDesc.Code and RKDFndDesc.Type_ = 75.,95
qa_database_schema_lseg_financials_v1_2_6_2024_02_20,QA Database Schema - LSEG Financials v1.2.6 (2024-02-20).pdf,,Cross,RKDFndDesc,,cross_reference,Cross-reference ExchCntryCode with RKDFndDesc where ExchCntryCode = RKDFndDesc.Code and RKDFndDesc.Type_ = 3.,95
qa_database_schema_lseg_financials_v1_2_6_2024_02_20,QA Database Schema - LSEG Financials v1.2.6 (2024-02-20).pdf,RKDPIT2FndCmpRefIss,RegionCode,RKDFndDesc,,cross_reference,"RegionCode may be: AP (Asia Pacific) EU (Europe) NA (North America) For other codes, cross-reference RegionCode with RKDFndDesc where RegionCode = RKDFndDesc.Code and RKDFndDesc.Type_ = 69.",95
qa_database_schema_lseg_financials_v1_2_6_2024_02_20,QA Database Schema - LSEG Financials v1.2.6 (2024-02-20).pdf,RKDPIT2FndCmpRefIss,ISOCurrCode,,,cross_reference,ISOCurrCode cross-references RKDFndDesc where ISOCurrCode = RKDFndDesc.Code and RKDFndDesc.Type_ = 58.,95
qa_database_schema_lseg_financials_v1_2_6_2024_02_20,QA Database Schema - LSEG Financials v1.2.6 (2024-02-20).pdf,RKDPIT2FndCmpRefIss,LicFlag,RKDFndCode,,cross_reference,LicFlag cross-references with RKDFndCode.Code where Type_ = 69. • 1 = North America (NA) • 2 = Asia Pacific (AP) • 4 = Europe (EU),96
qa_database_schema_lseg_financials_v1_2_6_2024_02_20,QA Database Schema - LSEG Financials v1.2.6 (2024-02-20).pdf,RKDPIT2FndExchRate,ISOCurrFromCode,,,cross_reference,ISOCurrFromCode cross-references RKDFndCode where ISOCurrFromCode = RKDFndCode.Code and RKDFndCode.Type_ = 58.,97
qa_database_schema_lseg_financials_v1_2_6_2024_02_20,QA Database Schema - LSEG Financials v1.2.6 (2024-02-20).pdf,,To,RKDFndDesc,,cross_reference,"To translate RKDFndCode.Desc_, cross-reference RKDFndCode.Desc_ with RKDFndDesc.Code where RKDFndDesc.Type_ = 58.",97
qa_database_schema_lseg_financials_v1_2_6_2024_02_20,QA Database Schema - LSEG Financials v1.2.6 (2024-02-20).pdf,RKDPIT2FndExchRate,ISOCurrToCode,,,cross_reference,ISOCurrToCode cross-references RKDFndCode where ISOCurrToCode = RKDFndCode.Code and RKDFndCode.Type_ = 58.,98
qa_database_schema_lseg_financials_v1_2_6_2024_02_20,QA Database Schema - LSEG Financials v1.2.6 (2024-02-20).pdf,,To,RKDFndDesc,,cross_reference,"To translate RKDFndCode.Desc_, cross-reference RKDFndCode.Desc_ with RKDFndDesc.Code where RKDFndDesc.Type_ = 58.",98
qa_database_schema_lseg_financials_v1_2_6_2024_02_20,QA Database Schema - LSEG Financials v1.2.6 (2024-02-20).pdf,,Cross,RKDFndDesc,,cross_reference,Cross-reference ISOCurrCode with RKDFndDesc where ISOCurrCode = RKDFndDesc.Code and RKDFndDesc.Type_ = 58.,98
qa_database_schema_lseg_financials_v1_2_6_2024_02_20,QA Database Schema - LSEG Financials v1.2.6 (2024-02-20).pdf,RKDPIT2FndPrc,LicFlag,RKDFndCode,,cross_reference,LicFlag cross-references with RKDFndCode.Code where Type_ = 69. • 1 = North America (NA) • 2 = Asia Pacific (AP) • 4 = Europe (EU),99
qa_database_schema_lseg_financials_v1_2_6_2024_02_20,QA Database Schema - LSEG Financials v1.2.6 (2024-02-20).pdf,,This,RKDFndCode,,cross_reference,This field cross-references with RKDFndCode.Code where Type_ = 44.,101
qa_database_schema_lseg_financials_v1_2_6_2024_02_20,QA Database Schema - LSEG Financials v1.2.6 (2024-02-20).pdf,RKDPIT2FndStdFinVal,StmtTypeCode,RKDFndCode,,cross_reference,"StmtTypeCode may be: • 1 INC (Income Statement) • 2 CAS (Cash Flow) • 3 BAL (Balance Sheet) For other codes, cross-reference StmtTypeCode with RKDFndCode where StmtTypeCode = RKDFndCode.Code and RKDFndCode.Type_ = 45.",101
qa_database_schema_lseg_financials_v1_2_6_2024_02_20,QA Database Schema - LSEG Financials v1.2.6 (2024-02-20).pdf,,To,RKDFndDesc,,cross_reference,"To translate RKDFndCode.Desc_, cross-reference RKDFndCode.Desc_ with RKDFndDesc.Code where RKDFndDesc.Type_ = 45.",101
qa_database_schema_lseg_financials_v1_2_6_2024_02_20,QA Database Schema - LSEG Financials v1.2.6 (2024-02-20).pdf,RKDPIT2FndStdFinVal,LicFlag,RKDPIT2FndStdFinVal,,cross_reference,LicFlag cross-references with RKDFndCode.Code where Type_ = 69. • 1 = North America (NA) • 2 = Asia Pacific (AP) • 4 = Europe (EU) ItemFlgCode: Additional financial statement level information ItemFlgCode is a field in the RKDPIT2FndStdFinVal table (page 100).,101
qa_database_schema_lseg_financials_v1_2_6_2024_02_20,QA Database Schema - LSEG Financials v1.2.6 (2024-02-20).pdf,,So,RKDFNDCode,,cross_reference,"So, to interpret the ItemFlgCode value, cross-reference it with RKDFNDCode where RKDFNDCode.Type_ = 81.",101
qa_database_schema_lseg_financials_v1_2_6_2024_02_20,QA Database Schema - LSEG Financials v1.2.6 (2024-02-20).pdf,,This,RKDFndCode,,cross_reference,This field cross-references with RKDFndCode.Code where Type_ = 44.,102
qa_database_schema_lseg_financials_v1_2_6_2024_02_20,QA Database Schema - LSEG Financials v1.2.6 (2024-02-20).pdf,,Cross,RKDFndDesc,,cross_reference,Cross-reference AudOpnCode with RKDFndDesc where AudOpnCode = RKDFndDesc.Code and RKDFndDesc.Type_ = 29.,102
qa_database_schema_lseg_financials_v1_2_6_2024_02_20,QA Database Schema - LSEG Financials v1.2.6 (2024-02-20).pdf,RKDPIT2FndStdPeriod,ISOCurrCode,,,cross_reference,ISOCurrCode cross-references RKDFndDesc where ISOCurrCode = RKDFndDesc.Code and RKDFndDesc.Type_ = 58.,102
qa_database_schema_lseg_financials_v1_2_6_2024_02_20,QA Database Schema - LSEG Financials v1.2.6 (2024-02-20).pdf,RKDPIT2FndStdPrdDt,LicFlag,RKDFndCode,,cross_reference,"LicFlag cross-references with RKDFndCode.Code where Type_ = 69. • 1 = North America (NA) • 2 = Asia Pacific (AP) • 4 = Europe (EU) RKDPIT2FndStdPrdDt: PIT Standardized Period Dates Use this table to retrieve fiscal period, calendar year, and preliminary or final dates for a financial statement.",103
qa_database_schema_lseg_financials_v1_2_6_2024_02_20,QA Database Schema - LSEG Financials v1.2.6 (2024-02-20).pdf,,This,RKDFndCode,,cross_reference,This field cross-references with RKDFndCode.Code where Type_ = 44.,103
qa_database_schema_lseg_financials_v1_2_6_2024_02_20,QA Database Schema - LSEG Financials v1.2.6 (2024-02-20).pdf,RKDPIT2FndStdPrdDt,LicFlag,RKDFndCode,,cross_reference,LicFlag cross-references with RKDFndCode.Code where Type_ = 69. • 1 = North America (NA) • 2 = Asia Pacific (AP) • 4 = Europe (EU),103
qa_database_schema_lseg_financials_v1_2_6_2024_02_20,QA Database Schema - LSEG Financials v1.2.6 (2024-02-20).pdf,,StmtTypeCode,RKDFndCode,,cross_reference,"StmtTypeCode may be: • 1 INC (Income Statement) • 2 CAS (Cash Flow) • 3 BAL (Balance Sheet) For other codes, cross-reference StmtTypeCode with RKDFndCode where StmtTypeCode = RKDFndCode.Code and RKDFndCode.Type_ = 45.",104
qa_database_schema_lseg_financials_v1_2_6_2024_02_20,QA Database Schema - LSEG Financials v1.2.6 (2024-02-20).pdf,,To,RKDFndDesc,,cross_reference,"To translate RKDFndCode.Desc_, cross-reference RKDFndCode.Desc_ with RKDFndDesc.Code where RKDFndDesc.Type_ = 45.",104
qa_database_schema_lseg_financials_v1_2_6_2024_02_20,QA Database Schema - LSEG Financials v1.2.6 (2024-02-20).pdf,,For,RKDFndCode,,cross_reference,"For other codes, cross-reference PerLenCode with RKDFndCode where PerLenCode = RKDFndCode.Code and RKDFndCode.Type_ = 32.",104
qa_database_schema_lseg_financials_v1_2_6_2024_02_20,QA Database Schema - LSEG Financials v1.2.6 (2024-02-20).pdf,,To,RKDFndDesc,,cross_reference,"To translate RKDFndCode.Desc_, cross-reference RKDFndCode.Desc_ with RKDFndDesc.Code where RKDFndDesc.Type_ = 32.",104
qa_database_schema_lseg_financials_v1_2_6_2024_02_20,QA Database Schema - LSEG Financials v1.2.6 (2024-02-20).pdf,,Database,RKDFndCode,,cross_reference,"Database Schema for LSEG Financials 105 Field Type Nullable Description UpdTypeCode char(3) Y If a company submits an update to their original financials, UpdTypeCode indicates the update type: • 1 = CCA = Reclassified calculated • 2 = CLA = Reclassified normal • 3 = CSP = Reclassified special • 4 = RCA = Restated calculated • 5 = RES = Restated normal • 6 = RSP = Restated special • 7 = UCA = Updated calculated • 8 = UPD = Updated normal • 9 = USP = Updated special This field cross-references with RKDFndCode.Code and RKDFndDesc.Code where Type_ = 33.",105
qa_database_schema_lseg_financials_v1_2_6_2024_02_20,QA Database Schema - LSEG Financials v1.2.6 (2024-02-20).pdf,,Cross,RKDFndDesc,,cross_reference,Cross-reference RepAcctStdCode with RKDFndDesc where RepAcctStdCode = RKDFndDesc.Code and RKDFndDesc.Type_ = 34.,105
qa_database_schema_lseg_financials_v1_2_6_2024_02_20,QA Database Schema - LSEG Financials v1.2.6 (2024-02-20).pdf,PerEndDt,LicFlag,RKDFndCode,,cross_reference,LicFlag cross-references with RKDFndCode.Code where Type_ = 69. • 1 = North America (NA) • 2 = Asia Pacific (AP) • 4 = Europe (EU),105
qa_database_schema_lseg_indices_v1_0_3_2022_05_10,QA Database Schema - LSEG Indices v1.0.3 (2022-05-10).pdf,,IdxTRChg,IdxTRCode,,cross_reference,IdxTRChg.CtryRegCode cross-references with IdxTRCode.Code where Type_ = 2.,6
qa_database_schema_lseg_indices_v1_0_3_2022_05_10,QA Database Schema - LSEG Indices v1.0.3 (2022-05-10).pdf,,The,IdxTRDesc,,cross_reference,The two-letter country code descriptions cross-reference with IdxTRDesc.Code where Type_ = 1.,6
qa_database_schema_lseg_indices_v1_0_3_2022_05_10,QA Database Schema - LSEG Indices v1.0.3 (2022-05-10).pdf,IdxTRChg,RetTypeCode,IdxTRDesc,,cross_reference,RetTypeCode char(1) Y RetTypeCode can be the following: – P = Price only – T = Total return IdxTRChg.RetTypeCode cross-references with IdxTRDesc.Code where Type_ = 2.,6
qa_database_schema_lseg_indices_v1_0_3_2022_05_10,QA Database Schema - LSEG Indices v1.0.3 (2022-05-10).pdf,IdxTRChg,CapCode,IdxTRDesc,,cross_reference,CapCode char(2) Y CapCode is the capitalization group code for the index: – L = Large Cap – M = Mid Cap – S = Small Cap IdxTRChg.CapCode cross-references with IdxTRDesc.Code where Type_ = 4.,6
qa_database_schema_lseg_indices_v1_0_3_2022_05_10,QA Database Schema - LSEG Indices v1.0.3 (2022-05-10).pdf,,IdxTRChg,IdxTRCode,,cross_reference,IdxTRChg.LicFlag cross-references with IdxTRCode.Code where Type_ = 3.,6
qa_database_schema_lseg_indices_v1_0_3_2022_05_10,QA Database Schema - LSEG Indices v1.0.3 (2022-05-10).pdf,,IdxTRConst,IdxTRCode,,cross_reference,IdxTRConst.LicFlag cross-references with IdxTRCode.Code where Type_ = 3.,7
qa_database_schema_lseg_indices_v1_0_3_2022_05_10,QA Database Schema - LSEG Indices v1.0.3 (2022-05-10).pdf,,IdxTRFxRate,IdxTRCode,,cross_reference,IdxTRFxRate.CrossRate cross-references with IdxTRCode.Code where Type_ = 1.,8
qa_database_schema_lseg_indices_v1_0_3_2022_05_10,QA Database Schema - LSEG Indices v1.0.3 (2022-05-10).pdf,,IdxTRFxRate,IdxTRCode,,cross_reference,IdxTRFxRate.CtryRegCode cross-references with IdxTRCode.Code where Type_ = 2.,8
qa_database_schema_lseg_indices_v1_0_3_2022_05_10,QA Database Schema - LSEG Indices v1.0.3 (2022-05-10).pdf,,The,IdxTRDesc,,cross_reference,The two-letter country code descriptions cross-reference with IdxTRDesc.Code where Type_ = 1.,8
qa_database_schema_lseg_indices_v1_0_3_2022_05_10,QA Database Schema - LSEG Indices v1.0.3 (2022-05-10).pdf,,IdxTRInfo,IdxTRCode,,cross_reference,IdxTRInfo.CtryRegCode cross-references with IdxTRCode.Code where Type_ = 2.,8
qa_database_schema_lseg_indices_v1_0_3_2022_05_10,QA Database Schema - LSEG Indices v1.0.3 (2022-05-10).pdf,,The,IdxTRDesc,,cross_reference,The two-letter country code descriptions cross-reference with IdxTRDesc.Code where Type_ = 1.,8
qa_database_schema_lseg_indices_v1_0_3_2022_05_10,QA Database Schema - LSEG Indices v1.0.3 (2022-05-10).pdf,IdxTRInfo,RetTypeCode,IdxTRDesc,,cross_reference,RetTypeCode char(1) Y RetTypeCode can be the following: – P = Price only – T = Total return IdxTRInfo.RetTypeCode cross-references with IdxTRDesc.Code where Type_ = 2.,8
qa_database_schema_lseg_indices_v1_0_3_2022_05_10,QA Database Schema - LSEG Indices v1.0.3 (2022-05-10).pdf,,LSEG,IdxTRDesc,,cross_reference,LSEG Quantitative Analytics LSEG Indices 9 CORPORATE Field Type Nullable Description IdxTRInfo.CapCode cross-references with IdxTRDesc.Code where Type_ = 4.,9
qa_database_schema_lseg_indices_v1_0_3_2022_05_10,QA Database Schema - LSEG Indices v1.0.3 (2022-05-10).pdf,,IdxTRInfo,IdxTRCode,,cross_reference,IdxTRInfo.LicFlag cross-references with IdxTRCode.Code where Type_ = 3.,9
qa_database_schema_lseg_indices_v1_0_3_2022_05_10,QA Database Schema - LSEG Indices v1.0.3 (2022-05-10).pdf,,This,other,,cross_reference,This field is cross-referenced from other tables.,9
qa_database_schema_lseg_indices_v1_0_3_2022_05_10,QA Database Schema - LSEG Indices v1.0.3 (2022-05-10).pdf,,IdxTRSecChg,IdxTRDesc,,cross_reference,IdxTRSecChg.ExchCode cross-references with IdxTRDesc.Code where Type_ = 6.,9
qa_database_schema_lseg_indices_v1_0_3_2022_05_10,QA Database Schema - LSEG Indices v1.0.3 (2022-05-10).pdf,,IdxTRSecChg,IdxTRCode,,cross_reference,IdxTRSecChg.CtryCode cross-references with IdxTRCode.Code where Type_ = 2.,9
qa_database_schema_lseg_indices_v1_0_3_2022_05_10,QA Database Schema - LSEG Indices v1.0.3 (2022-05-10).pdf,,The,IdxTRDesc,,cross_reference,The two-letter country code descriptions cross-reference with IdxTRDesc.Code where Type_ = 1.,9
qa_database_schema_lseg_indices_v1_0_3_2022_05_10,QA Database Schema - LSEG Indices v1.0.3 (2022-05-10).pdf,,LSEG,IdxTRDesc,,cross_reference,LSEG Quantitative Analytics LSEG Indices 10 CORPORATE Field Type Nullable Description IdxTRSecChg.CapCode cross-references with IdxTRDesc.Code where Type_ = 4.,10
qa_database_schema_lseg_indices_v1_0_3_2022_05_10,QA Database Schema - LSEG Indices v1.0.3 (2022-05-10).pdf,,IdxTRSecInfo,IdxTRDesc,,cross_reference,IdxTRSecInfo.ExchCode cross-references with IdxTRDesc.Code where Type_ = 6.,10
qa_database_schema_lseg_indices_v1_0_3_2022_05_10,QA Database Schema - LSEG Indices v1.0.3 (2022-05-10).pdf,,LSEG,IdxTRCode,,cross_reference,LSEG Quantitative Analytics LSEG Indices 11 CORPORATE Field Type Nullable Description IdxTRSecInfo.CtryCode cross-references with IdxTRCode.Code where Type_ = 2.,11
qa_database_schema_lseg_indices_v1_0_3_2022_05_10,QA Database Schema - LSEG Indices v1.0.3 (2022-05-10).pdf,,The,IdxTRDesc,,cross_reference,The two-letter country code descriptions cross-reference with IdxTRDesc.Code where Type_ = 1.,11
qa_database_schema_lseg_indices_v1_0_3_2022_05_10,QA Database Schema - LSEG Indices v1.0.3 (2022-05-10).pdf,,IdxTRSecInfo,IdxTRDesc,,cross_reference,IdxTRSecInfo.CapCode cross-references with IdxTRDesc.Code where Type_ = 4.,11
qa_database_schema_lseg_indices_v1_0_3_2022_05_10,QA Database Schema - LSEG Indices v1.0.3 (2022-05-10).pdf,,IdxTRSecMktID,IdxTRCode,,cross_reference,IdxTRSecMktID.LicFlag cross-references with IdxTRCode.Code where Type_ = 3.,11
qa_database_schema_lseg_indices_v1_0_3_2022_05_10,QA Database Schema - LSEG Indices v1.0.3 (2022-05-10).pdf,,LSEG,IdxTRDesc,,cross_reference,LSEG Quantitative Analytics LSEG Indices 13 CORPORATE Field Type Nullable Description IdxTRVal.ISOCurCode cross-references with IdxTRDesc.Code where Type_ = 3.,13
qa_database_schema_lseg_indices_v1_0_3_2022_05_10,QA Database Schema - LSEG Indices v1.0.3 (2022-05-10).pdf,,IdxTRVal,IdxTRCode,,cross_reference,IdxTRVal.LicFlag cross-references with IdxTRCode.Code where Type_ = 3.,13
qa_database_schema_marketpsych_analytics_v1_0_4_2025_12_09,QA Database Schema - MarketPsych Analytics v1.0.4 (2025-12-09).pdf,,Cross,MPIDesc,,cross_reference,Cross-reference DomISOCntryCode with MPIDesc.Code where Type_ = 3.,8
qa_database_schema_marketpsych_analytics_v1_0_4_2025_12_09,QA Database Schema - MarketPsych Analytics v1.0.4 (2025-12-09).pdf,,Company,MPIDesc,,cross_reference,Company Region can take one of the following values: – 1: AMER – 2: APAC – 3: EMEA Cross-reference RegionCode with MPIDesc.Code where Type_ = 2.,8
qa_database_schema_marketpsych_analytics_v1_0_4_2025_12_09,QA Database Schema - MarketPsych Analytics v1.0.4 (2025-12-09).pdf,,Commodity,MPIDesc,,cross_reference,Commodity Type can take one of the following values: – 1: AGR - Agricultural commodities – 2: EGR - Energy & material commodities Cross-reference CmdtyType with MPIDesc.Code where Type_ = 5.,9
qa_database_schema_marketpsych_analytics_v1_0_4_2025_12_09,QA Database Schema - MarketPsych Analytics v1.0.4 (2025-12-09).pdf,MPICmpAmerData,DataType,MPICode,,cross_reference,DataType can take one of the following values: – “News” for news – “Social” for social media – “News_Social” for the combined content Cross-reference DataType with MPICode.Code where Type_ = 2.,10
qa_database_schema_marketpsych_analytics_v1_0_4_2025_12_09,QA Database Schema - MarketPsych Analytics v1.0.4 (2025-12-09).pdf,MPICmpApacData,DataType,MPICode,,cross_reference,DataType can take one of the following values: – “News” for news – “Social” for social media – “News_Social” for the combined content Cross-reference DataType with MPICode.Code where Type_ = 2.,12
qa_database_schema_marketpsych_analytics_v1_0_4_2025_12_09,QA Database Schema - MarketPsych Analytics v1.0.4 (2025-12-09).pdf,MPICmpEmeaData,DataType,MPICode,,cross_reference,DataType can take one of the following values: – “News” for news – “Social” for social media – “News_Social” for the combined content Cross-reference DataType with MPICode.Code where Type_ = 2.,14
qa_database_schema_marketpsych_analytics_v1_0_4_2025_12_09,QA Database Schema - MarketPsych Analytics v1.0.4 (2025-12-09).pdf,MPICmpGrpData,DataType,MPICode,,cross_reference,DataType can take one of the following values: – “News” for news – “Social” for social media – “News_Social” for the combined content Cross-reference DataType with MPICode.Code where Type_ = 2.,15
qa_database_schema_marketpsych_analytics_v1_0_4_2025_12_09,QA Database Schema - MarketPsych Analytics v1.0.4 (2025-12-09).pdf,MPICurData,DataType,MPICode,,cross_reference,DataType can take one of the following values: – “News” for news – “Social” for social media – “News_Social” for the combined content Cross-reference DataType with MPICode.Code where Type_ = 2.,17
qa_database_schema_marketpsych_analytics_v1_0_4_2025_12_09,QA Database Schema - MarketPsych Analytics v1.0.4 (2025-12-09).pdf,MPIAgrCmdtyData,DataType,MPICode,,cross_reference,DataType can take one of the following values: – “News” for news – “Social” for social media – “News_Social” for the combined content Cross-reference DataType with MPICode.Code where Type_ = 2.,18
qa_database_schema_marketpsych_analytics_v1_0_4_2025_12_09,QA Database Schema - MarketPsych Analytics v1.0.4 (2025-12-09).pdf,MPIEnmCmdtyData,DataType,MPICode,,cross_reference,DataType can take one of the following values: – “News” for news – “Social” for social media – “News_Social” for the combined content Cross-reference DataType with MPICode.Code where Type_ = 2.,20
qa_database_schema_marketpsych_analytics_v1_0_4_2025_12_09,QA Database Schema - MarketPsych Analytics v1.0.4 (2025-12-09).pdf,MPICntryData,DataType,MPICode,,cross_reference,DataType can take one of the following values: – “News” for news – “Social” for social media – “News_Social” for the combined content Cross-reference DataType with MPICode.Code where Type_ = 2.,21
qa_database_schema_marketpsych_analytics_v1_0_4_2025_12_09,QA Database Schema - MarketPsych Analytics v1.0.4 (2025-12-09).pdf,MPICntryMrktData,DataType,MPICode,,cross_reference,DataType can take one of the following values: – “News” for news – “Social” for social media – “News_Social” for the combined content Cross-reference DataType with MPICode.Code where Type_ = 2.,24
qa_database_schema_msci_v1_0_5_2023_05_05,QA Database Schema - MSCI v1.0.5 (2023-05-05).pdf,MS2IdxD,Item,MS2Item,,cross_reference,Item cross-references with MS2Item and indicates what datapoint the record represents.,10
qa_database_schema_msci_v1_0_5_2023_05_05,QA Database Schema - MSCI v1.0.5 (2023-05-05).pdf,MS2IdxDMth,Item,MS2Item,,cross_reference,Item cross-references with MS2Item and indicates what datapoint the record represents.,11
qa_database_schema_msci_v1_0_5_2023_05_05,QA Database Schema - MSCI v1.0.5 (2023-05-05).pdf,MS2IdxDMth,Item,MS2Item,,cross_reference,Item cross-references with MS2Item and indicates what datapoint the record represents.,11
qa_database_schema_msci_v1_0_5_2023_05_05,QA Database Schema - MSCI v1.0.5 (2023-05-05).pdf,MS2IdxFDly,Item,MS2Item,,cross_reference,Item cross-references with MS2Item and indicates what datapoint the record represents.,12
qa_database_schema_msci_v1_0_5_2023_05_05,QA Database Schema - MSCI v1.0.5 (2023-05-05).pdf,MS2IdxFDly,Item,MS2Item,,cross_reference,Item cross-references with MS2Item and indicates what datapoint the record represents.,12
qa_database_schema_msci_v1_0_5_2023_05_05,QA Database Schema - MSCI v1.0.5 (2023-05-05).pdf,MS2IdxI,Item,MS2Item,,cross_reference,Item cross-references with MS2Item and indicates what datapoint the record represents.,13
qa_database_schema_msci_v1_0_5_2023_05_05,QA Database Schema - MSCI v1.0.5 (2023-05-05).pdf,MS2IdxI,Item,MS2Item,,cross_reference,Item cross-references with MS2Item and indicates what datapoint the record represents.,13
qa_database_schema_msci_v1_0_5_2023_05_05,QA Database Schema - MSCI v1.0.5 (2023-05-05).pdf,MS2IdxIMth,Item,MS2Item,,cross_reference,Item cross-references with MS2Item and indicates what datapoint the record represents.,14
qa_database_schema_msci_v1_0_5_2023_05_05,QA Database Schema - MSCI v1.0.5 (2023-05-05).pdf,MS2IdxIMth,Item,MS2Item,,cross_reference,Item cross-references with MS2Item and indicates what datapoint the record represents.,14
qa_database_schema_msci_v1_0_5_2023_05_05,QA Database Schema - MSCI v1.0.5 (2023-05-05).pdf,,This,MS2Code,,cross_reference,This field cross-references with MS2Code.Code where Type_ = 12.,15
qa_database_schema_msci_v1_0_5_2023_05_05,QA Database Schema - MSCI v1.0.5 (2023-05-05).pdf,,This,MS2Code,,cross_reference,This field cross-references with MS2Code.Code where Type_ = 12.,16
qa_database_schema_msci_v1_0_5_2023_05_05,QA Database Schema - MSCI v1.0.5 (2023-05-05).pdf,MS2IdxSDly,Item,MS2Item,,cross_reference,Item cross-references with MS2Item and indicates what datapoint the record represents.,16
qa_database_schema_msci_v1_0_5_2023_05_05,QA Database Schema - MSCI v1.0.5 (2023-05-05).pdf,MS2IdxSDly,Item,MS2Item,,cross_reference,Item cross-references with MS2Item and indicates what datapoint the record represents.,16
qa_database_schema_msci_v1_0_5_2023_05_05,QA Database Schema - MSCI v1.0.5 (2023-05-05).pdf,MS2IdxSMth,Item,MS2Item,,cross_reference,Item cross-references with MS2Item and indicates what datapoint the record represents.,17
qa_database_schema_msci_v1_0_5_2023_05_05,QA Database Schema - MSCI v1.0.5 (2023-05-05).pdf,,This,MS2Code,,cross_reference,This field cross-references with MS2Code.Code where Type_ = 12.,20
qa_database_schema_msci_v1_0_5_2023_05_05,QA Database Schema - MSCI v1.0.5 (2023-05-05).pdf,,LSEG,MS2Code,,cross_reference,LSEG Quantitative Analytics Database Schema for MSCI 21 CORPORATE Field Type Nullable Description – 1 = Final – 2 = Interim – 3 = Quarterly – 4 = Extra – 5 = Monthly – 6 = Regular – 7 = Commemorative This field cross-references with MS2Code.Code where Type_ = 5.,21
qa_database_schema_msci_v1_0_5_2023_05_05,QA Database Schema - MSCI v1.0.5 (2023-05-05).pdf,,This,MS2Desc,,cross_reference,This field cross-references with MS2Desc.Code where Type_ = 2.,21
qa_database_schema_msci_v1_0_5_2023_05_05,QA Database Schema - MSCI v1.0.5 (2023-05-05).pdf,MS2SecDACE,Item,MS2Item,,cross_reference,Item cross-references with MS2Item and indicates what datapoint the record represents.,22
qa_database_schema_msci_v1_0_5_2023_05_05,QA Database Schema - MSCI v1.0.5 (2023-05-05).pdf,MS2SecDACE,Item,MS2Item,,cross_reference,Item cross-references with MS2Item and indicates what datapoint the record represents.,22
qa_database_schema_msci_v1_0_5_2023_05_05,QA Database Schema - MSCI v1.0.5 (2023-05-05).pdf,MS2SecDMth,Item,MS2Item,,cross_reference,Item cross-references with MS2Item and indicates what datapoint the record represents.,23
qa_database_schema_msci_v1_0_5_2023_05_05,QA Database Schema - MSCI v1.0.5 (2023-05-05).pdf,MS2SecDMth,Item,MS2Item,,cross_reference,Item cross-references with MS2Item and indicates what datapoint the record represents.,23
qa_database_schema_msci_v1_0_5_2023_05_05,QA Database Schema - MSCI v1.0.5 (2023-05-05).pdf,,This,MS2Code,,cross_reference,This field cross-references with MS2Code.Code where Type_ = 12.,24
qa_database_schema_msci_v1_0_5_2023_05_05,QA Database Schema - MSCI v1.0.5 (2023-05-05).pdf,MS2SecDivDly,DivDesc,MS2Code,,cross_reference,DivDesc tinyint Y DivDesc is the MSCI dividend description: – 0 = Annual – 1 = Final – 2 = Interim – 3 = Quarterly – 4 = Extra – 5 = Monthly – 6 = Regular – 7 = Commemorative This field cross-references with MS2Code.Code where Type_ = 5.,24
qa_database_schema_msci_v1_0_5_2023_05_05,QA Database Schema - MSCI v1.0.5 (2023-05-05).pdf,,This,MS2Code,,cross_reference,This field cross-references with MS2Code.Code where Type_ = 12.,25
qa_database_schema_msci_v1_0_5_2023_05_05,QA Database Schema - MSCI v1.0.5 (2023-05-05).pdf,MS2SecDivMth,DivDesc,MS2Code,,cross_reference,DivDesc tinyint Y DivDesc is the MSCI dividend description: – 0 = Annual – 1 = Final – 2 = Interim – 3 = Quarterly – 4 = Extra – 5 = Monthly – 6 = Regular – 7 = Commemorative This field cross-references with MS2Code.Code where Type_ = 5.,25
qa_database_schema_msci_v1_0_5_2023_05_05,QA Database Schema - MSCI v1.0.5 (2023-05-05).pdf,MS2SecFACE,Item,MS2Item,,cross_reference,Item cross-references with MS2Item and indicates what datapoint the record represents.,26
qa_database_schema_msci_v1_0_5_2023_05_05,QA Database Schema - MSCI v1.0.5 (2023-05-05).pdf,MS2SecFACE,Item,MS2Item,,cross_reference,Item cross-references with MS2Item and indicates what datapoint the record represents.,26
qa_database_schema_msci_v1_0_5_2023_05_05,QA Database Schema - MSCI v1.0.5 (2023-05-05).pdf,MS2SecFMth,Item,MS2Item,,cross_reference,Item cross-references with MS2Item and indicates what datapoint the record represents.,27
qa_database_schema_msci_v1_0_5_2023_05_05,QA Database Schema - MSCI v1.0.5 (2023-05-05).pdf,MS2SecFMth,Item,MS2Item,,cross_reference,Item cross-references with MS2Item and indicates what datapoint the record represents.,27
qa_database_schema_msci_v1_0_5_2023_05_05,QA Database Schema - MSCI v1.0.5 (2023-05-05).pdf,MS2SecIACE,Item,MS2Item,,cross_reference,Item cross-references with MS2Item and indicates what datapoint the record represents.,28
qa_database_schema_msci_v1_0_5_2023_05_05,QA Database Schema - MSCI v1.0.5 (2023-05-05).pdf,MS2SecIACE,Item,MS2Item,,cross_reference,Item cross-references with MS2Item and indicates what datapoint the record represents.,28
qa_database_schema_msci_v1_0_5_2023_05_05,QA Database Schema - MSCI v1.0.5 (2023-05-05).pdf,MS2SecIMth,Item,MS2Item,,cross_reference,Item cross-references with MS2Item and indicates what datapoint the record represents.,29
qa_database_schema_msci_v1_0_5_2023_05_05,QA Database Schema - MSCI v1.0.5 (2023-05-05).pdf,MS2SecIMth,Item,MS2Item,,cross_reference,Item cross-references with MS2Item and indicates what datapoint the record represents.,29
qa_database_schema_msci_v1_0_5_2023_05_05,QA Database Schema - MSCI v1.0.5 (2023-05-05).pdf,MS2SecSACE,Item,MS2Item,,cross_reference,Item cross-references with MS2Item and indicates what datapoint the record represents.,33
qa_database_schema_msci_v1_0_5_2023_05_05,QA Database Schema - MSCI v1.0.5 (2023-05-05).pdf,MS2SecSDly,Item,MS2Item,,cross_reference,Item cross-references with MS2Item and indicates what datapoint the record represents.,34
qa_database_schema_msci_v1_0_5_2023_05_05,QA Database Schema - MSCI v1.0.5 (2023-05-05).pdf,MS2SecSMaxACE,Item,MS2Item,,cross_reference,Item cross-references with MS2Item and indicates what datapoint the record represents.,35
qa_database_schema_msci_v1_0_5_2023_05_05,QA Database Schema - MSCI v1.0.5 (2023-05-05).pdf,MS2SecSMaxACE,Item,MS2Item,,cross_reference,Item cross-references with MS2Item and indicates what datapoint the record represents.,35
qa_database_schema_msci_v1_0_5_2023_05_05,QA Database Schema - MSCI v1.0.5 (2023-05-05).pdf,MS2SecSMaxMth,Item,MS2Item,,cross_reference,Item cross-references with MS2Item and indicates what datapoint the record represents.,36
qa_database_schema_msci_v1_0_5_2023_05_05,QA Database Schema - MSCI v1.0.5 (2023-05-05).pdf,MS2SecSMaxMth,Item,MS2Item,,cross_reference,Item cross-references with MS2Item and indicates what datapoint the record represents.,36
qa_database_schema_msci_v1_0_5_2023_05_05,QA Database Schema - MSCI v1.0.5 (2023-05-05).pdf,MS2ItemChg,Item,MS2Item,,cross_reference,Item cross-references with MS2Item and indicates what datapoint the record represents.,41
qa_database_schema_msci_v1_0_5_2023_05_05,QA Database Schema - MSCI v1.0.5 (2023-05-05).pdf,,,MS2Item,,join_hint,"The following query returns the full mapping of the MSCI version 2 data items and corresponding data tables. select i.Item, i.Mnemonic, i.Desc_, i.AdjCode, i.ParentItem, i.DataTypeCode, i.DecimalNum, i.BoxFlg, i.DSFlg, i.BasicFlg, i.EnhFlg, i.LegacyMnem, m.SecFlg, m.IdxFlg, m.FrqFlg, m.DlyFlg, m.MthFlg, m.ACEFlg, m.TableName from MS2Item i join MS2ItemMap m on m.DataTypeCode = i.DataTypeCode and ((m.SecFlg = i.SecFlg) or (m.IdxFlg = i.IdxFlg)) -- AN ITEM MAY BE SECURITY LEVEL, INDEX LEVEL OR BOTH and ((m.MthFlg = i.MthFlg) or (m.DlyFlg = i.DlyFlg and m.FrqFlg = i.FrqFlg)) -- AN ITEM MAY BE MONTHLY OR DAILY.",42
qa_database_schema_northfield_risk_factors_v1_0_3_2022_05_11,QA Database Schema - Northfield Risk Factors v1.0.3 (2022-05-11).pdf,,There,,,cross_reference,There are five types of risk models in Northfield Risk Factors: – Domestic – Global – Regional – Single Country – Everything Everywhere NFCmFactors.ModelType cross-references NFCmCode.Code where Type_ = 7.,7
qa_database_schema_northfield_risk_factors_v1_0_3_2022_05_11,QA Database Schema - Northfield Risk Factors v1.0.3 (2022-05-11).pdf,,,This,,join_hint,Use the following query: select C.Desc_ from NFCmFactors F join NFCmCode C on F.ModelType=C.Code and C.Type_=7 where F.FactorCode=73 NFCmIndustry: Common Industry Information This table contains industry information.,7
qa_database_schema_northfield_risk_factors_v1_0_3_2022_05_11,QA Database Schema - Northfield Risk Factors v1.0.3 (2022-05-11).pdf,,NFCmIndustry,NFCmCode,,cross_reference,NFCmIndustry.SectorType cross-references with NFCmCode where Type_ = 5.,7
qa_database_schema_northfield_risk_factors_v1_0_3_2022_05_11,QA Database Schema - Northfield Risk Factors v1.0.3 (2022-05-11).pdf,,NFCmIndustry,NFCmCode,,cross_reference,NFCmIndustry.SectorCode cross-references with NFCmCode.Code where Type_ = 10.,7
qa_database_schema_northfield_risk_factors_v1_0_3_2022_05_11,QA Database Schema - Northfield Risk Factors v1.0.3 (2022-05-11).pdf,,There,NFCmCode,,cross_reference,There are three types of risk models in Northfield Risk Factors: – 1 = Domestic – 2 = Global – 3= Regional – 4 = Single Country – 5 = Everything Everywhere NFCmModel.ModelType cross-references with NFCmCode.Code where Type_ = 7.,8
qa_database_schema_northfield_risk_factors_v1_0_3_2022_05_11,QA Database Schema - Northfield Risk Factors v1.0.3 (2022-05-11).pdf,,NFModCor,NFCmCode,,cross_reference,NFModCor.ModelCode cross-references with NFCmCode.Code where Type_ = 6.,9
qa_database_schema_northfield_risk_factors_v1_0_3_2022_05_11,QA Database Schema - Northfield Risk Factors v1.0.3 (2022-05-11).pdf,,NFModCor,NFCmCode,,cross_reference,NFModCor.CurrCode cross-references with NFCmCode.Code where Type_ = 8.,9
qa_database_schema_northfield_risk_factors_v1_0_3_2022_05_11,QA Database Schema - Northfield Risk Factors v1.0.3 (2022-05-11).pdf,,NFModCor,NFCmCode,,cross_reference,NFModCor.LicFlag cross-references with NFCmCode.Code where Type_ = 12.,9
qa_database_schema_northfield_risk_factors_v1_0_3_2022_05_11,QA Database Schema - Northfield Risk Factors v1.0.3 (2022-05-11).pdf,,NFModFactor,NFCmCode,,cross_reference,NFModFactor.LicFlag cross-references with NFCmCode.Code where Type_ = 12.,10
qa_database_schema_northfield_risk_factors_v1_0_3_2022_05_11,QA Database Schema - Northfield Risk Factors v1.0.3 (2022-05-11).pdf,,NFModSec,NFCmCode,,cross_reference,NFModSec.LicFlag cross-references with NFCmCode.Code where Type_ = 12.,10
qa_database_schema_northfield_risk_factors_v1_0_3_2022_05_11,QA Database Schema - Northfield Risk Factors v1.0.3 (2022-05-11).pdf,,NFModSecCntryCurr,NFCmCode,,cross_reference,NFModSecCntryCurr.ModelCode cross-references with NFCmCode.Code where Type_ = 6.,11
qa_database_schema_northfield_risk_factors_v1_0_3_2022_05_11,QA Database Schema - Northfield Risk Factors v1.0.3 (2022-05-11).pdf,,NFModSecCntryCurr,NFCmCode,,cross_reference,NFModSecCntryCurr.CurrCode cross-references with NFCmCode.Code where Type_ = 8.,11
qa_database_schema_northfield_risk_factors_v1_0_3_2022_05_11,QA Database Schema - Northfield Risk Factors v1.0.3 (2022-05-11).pdf,,NFModSecCntryCurr,NFCmCode,,cross_reference,NFModSecCntryCurr.LicFlag cross-references with NFCmCode.Code where Type_ = 12.,11
qa_database_schema_northfield_risk_factors_v1_0_3_2022_05_11,QA Database Schema - Northfield Risk Factors v1.0.3 (2022-05-11).pdf,,NFModSecExposure,NFCmCode,,cross_reference,NFModSecExposure.ModelCode cross-references with NFCmCode.Code where Type_ = 6.,11
qa_database_schema_northfield_risk_factors_v1_0_3_2022_05_11,QA Database Schema - Northfield Risk Factors v1.0.3 (2022-05-11).pdf,,NFModSecExposure,NFCmCode,,cross_reference,NFModSecExposure.LicFlag cross-references with NFCmCode.Code where Type_ = 12.,11
qa_database_schema_northfield_risk_factors_v1_0_3_2022_05_11,QA Database Schema - Northfield Risk Factors v1.0.3 (2022-05-11).pdf,,NFModSecExposure,NFCmCode,,cross_reference,NFModSecExposure.LicFlag cross-references with NFCmCode.Code where Type_ = 12.,12
qa_database_schema_northfield_risk_factors_v1_0_3_2022_05_11,QA Database Schema - Northfield Risk Factors v1.0.3 (2022-05-11).pdf,,NFModSecIndustry,NFCmCode,,cross_reference,NFModSecIndustry.ModelCode cross-references with NFCmCode.Code where Type_ = 6.,12
qa_database_schema_northfield_risk_factors_v1_0_3_2022_05_11,QA Database Schema - Northfield Risk Factors v1.0.3 (2022-05-11).pdf,,NFCmIndustry,NFCmCode,,cross_reference,NFCmIndustry.SectorType cross-references with NFCmCode where Type_ = 5.,12
qa_database_schema_northfield_risk_factors_v1_0_3_2022_05_11,QA Database Schema - Northfield Risk Factors v1.0.3 (2022-05-11).pdf,,NFModSecIndustry,NFCmCode,,cross_reference,NFModSecIndustry.LicFlag cross-references with NFCmCode.Code where Type_ = 12.,13
qa_database_schema_northfield_risk_factors_v1_0_3_2022_05_11,QA Database Schema - Northfield Risk Factors v1.0.3 (2022-05-11).pdf,,NFCmIndustry,NFCmCode,,cross_reference,NFCmIndustry.SectorType cross-references with NFCmCode where Type_ = 5.,13
qa_database_schema_northfield_risk_factors_v1_0_3_2022_05_11,QA Database Schema - Northfield Risk Factors v1.0.3 (2022-05-11).pdf,,NFModSecUniverse,NFCmCode,,cross_reference,NFModSecUniverse.ModelCode cross-references with NFCmCode.Code where Type_ = 6.,13
qa_database_schema_northfield_risk_factors_v1_0_3_2022_05_11,QA Database Schema - Northfield Risk Factors v1.0.3 (2022-05-11).pdf,,NFModSecUniverse,NFCmCode,,cross_reference,NFModSecUniverse.LicFlag cross-references with NFCmCode.Code where Type_ = 12.,13
qa_database_schema_northfield_risk_factors_v1_0_3_2022_05_11,QA Database Schema - Northfield Risk Factors v1.0.3 (2022-05-11).pdf,,NFModVar,NFCmCode,,cross_reference,NFModVar.CurrCode cross-references with NFCmCode.Code where Type_ = 8.,14
qa_database_schema_northfield_risk_factors_v1_0_3_2022_05_11,QA Database Schema - Northfield Risk Factors v1.0.3 (2022-05-11).pdf,,NFModVar,NFCmCode,,cross_reference,NFModVar.LicFlag cross-references with NFCmCode.Code where Type_ = 12.,14
qa_database_schema_ownership_and_global_insider_v1_0_3_2022_05_11,QA Database Schema - Ownership and Global Insider v1.0.3 (2022-05-11).pdf,,This,,,cross_reference,This field cross-references OwnCode where OwnCode.Type_ = 8 and OwnCode.Code = OwnAstAlloc.AstTypeCode.,9
qa_database_schema_ownership_and_global_insider_v1_0_3_2022_05_11,QA Database Schema - Ownership and Global Insider v1.0.3 (2022-05-11).pdf,,This,,,cross_reference,This field cross-references OwnCode where OwnCode.Type_ = 7 and OwnCode.Code = OwnAstAlloc.AstRegionCode.,9
qa_database_schema_ownership_and_global_insider_v1_0_3_2022_05_11,QA Database Schema - Ownership and Global Insider v1.0.3 (2022-05-11).pdf,,This,,,cross_reference,This field cross-references OwnAstCode.,9
qa_database_schema_ownership_and_global_insider_v1_0_3_2022_05_11,QA Database Schema - Ownership and Global Insider v1.0.3 (2022-05-11).pdf,,This,,,cross_reference,This field cross-references OwnAstAlloc.,9
qa_database_schema_ownership_and_global_insider_v1_0_3_2022_05_11,QA Database Schema - Ownership and Global Insider v1.0.3 (2022-05-11).pdf,,This,,,cross_reference,This field cross-references OwnCode where OwnCode.Type_ = 6 and OwnCode.Code = OwnCtrRegReln.CtrCode.,10
qa_database_schema_ownership_and_global_insider_v1_0_3_2022_05_11,QA Database Schema - Ownership and Global Insider v1.0.3 (2022-05-11).pdf,,This,,,cross_reference,This field cross-references OwnCode where OwnCode.Type_ = 10 and OwnCode.Code = OwnCtrRegReln.RegionCode.,10
qa_database_schema_ownership_and_global_insider_v1_0_3_2022_05_11,QA Database Schema - Ownership and Global Insider v1.0.3 (2022-05-11).pdf,OwnData,AstFlgCode,,,cross_reference,AstFlgCode cross-references OwnDesc where OwnDesc.Type_ = 3 and OwnDesc.Code = OwnData.AstFlgCode.,10
qa_database_schema_ownership_and_global_insider_v1_0_3_2022_05_11,QA Database Schema - Ownership and Global Insider v1.0.3 (2022-05-11).pdf,,This,,,cross_reference,This field cross-references OwnCode where OwnCode.Type_ = 4 and OwnCode.Code = OwnData.TORateCode.,10
qa_database_schema_ownership_and_global_insider_v1_0_3_2022_05_11,QA Database Schema - Ownership and Global Insider v1.0.3 (2022-05-11).pdf,,This,,,cross_reference,This field cross-references OwnCode where OwnCode.Type_ = 16 and OwnCode.Code = OwnInfo.OwnTypeCode.,12
qa_database_schema_ownership_and_global_insider_v1_0_3_2022_05_11,QA Database Schema - Ownership and Global Insider v1.0.3 (2022-05-11).pdf,,This,,,cross_reference,This field cross-references OwnCode where OwnCode.Type_ = 14 and OwnCode.Code = OwnInfo.MetroAreaCode.,12
qa_database_schema_ownership_and_global_insider_v1_0_3_2022_05_11,QA Database Schema - Ownership and Global Insider v1.0.3 (2022-05-11).pdf,,This,,,cross_reference,This field cross-references OwnDesc where OwnDesc.Type_ = 2 and OwnDesc.Code = OwnInfo.StateCode.,12
qa_database_schema_ownership_and_global_insider_v1_0_3_2022_05_11,QA Database Schema - Ownership and Global Insider v1.0.3 (2022-05-11).pdf,,This,,,cross_reference,This field cross-references OwnCode where OwnCode.Type_ = 9 and OwnCode.Code = OwnInfo.USRegionCode.,12
qa_database_schema_ownership_and_global_insider_v1_0_3_2022_05_11,QA Database Schema - Ownership and Global Insider v1.0.3 (2022-05-11).pdf,,This,,,cross_reference,This field cross-references OwnCode where OwnCode.Type_ = 6 and OwnCode.Code = OwnInfo.CtrCode.,12
qa_database_schema_ownership_and_global_insider_v1_0_3_2022_05_11,QA Database Schema - Ownership and Global Insider v1.0.3 (2022-05-11).pdf,OwnInfo,OrientCode,,,cross_reference,OrientCode cross-references OwnDesc where OwnDesc.Type_ = 1 and OwnDesc.Code = OwnInfo.OrientCode.,12
qa_database_schema_ownership_and_global_insider_v1_0_3_2022_05_11,QA Database Schema - Ownership and Global Insider v1.0.3 (2022-05-11).pdf,,This,,,cross_reference,This field cross-references OwnCode where OwnCode.Type_ = 18 and OwnCode.Code = OwnInfo.OwnStyleCode.,12
qa_database_schema_ownership_and_global_insider_v1_0_3_2022_05_11,QA Database Schema - Ownership and Global Insider v1.0.3 (2022-05-11).pdf,,This,,,cross_reference,This field cross-references OwnCode where OwnCode.Type_ = 5 and OwnCode.Code = OwnProfCode.ProfTypeCode.,13
qa_database_schema_ownership_and_global_insider_v1_0_3_2022_05_11,QA Database Schema - Ownership and Global Insider v1.0.3 (2022-05-11).pdf,,This,,,cross_reference,This field cross-references OwnCode where OwnCode.Type_ = 6 and OwnCode.Code = OwnSecData.TradCtrCode.,16
qa_database_schema_ownership_and_global_insider_v1_0_3_2022_05_11,QA Database Schema - Ownership and Global Insider v1.0.3 (2022-05-11).pdf,,This,,,cross_reference,This field cross-references OwnDesc where OwnDesc.Type_ = 6 and OwnDesc.Code = OwnSecData.ExchCode.,16
qa_database_schema_ownership_and_global_insider_v1_0_3_2022_05_11,QA Database Schema - Ownership and Global Insider v1.0.3 (2022-05-11).pdf,OwnSecFData,DataItemCode,,,cross_reference,DataItemCode int N DataItemCode is the data item code: – 1 = share price (monthly price per share) – 2 = shares outstanding (quarterly shares outstanding for the security) This field cross-references OwnCode.Code where OwnCode.Type_ = 25.,17
qa_database_schema_ownership_and_global_insider_v1_0_3_2022_05_11,QA Database Schema - Ownership and Global Insider v1.0.3 (2022-05-11).pdf,OwnSecIdent,IdentType,OwnCode,,cross_reference,IdentType int N IdentType indicates the type of identifier contained in the IdentValue field. – 1 = CINS/CUSIP – 2 = SEDOL – 3 = ISIN This field cross-references with OwnCode.Code where OwnCode.Type_ = 26.,17
qa_database_schema_ownership_and_global_insider_v1_0_3_2022_05_11,QA Database Schema - Ownership and Global Insider v1.0.3 (2022-05-11).pdf,,This,,,cross_reference,This field cross-references OwnSecSectorCode.,18
qa_database_schema_ownership_and_global_insider_v1_0_3_2022_05_11,QA Database Schema - Ownership and Global Insider v1.0.3 (2022-05-11).pdf,,This,,,cross_reference,This field cross-references OwnCode.Code where OwnCode.Type_ = 6.,18
qa_database_schema_ownership_and_global_insider_v1_0_3_2022_05_11,QA Database Schema - Ownership and Global Insider v1.0.3 (2022-05-11).pdf,,This,,,cross_reference,This field cross-references OwnDesc.Code where OwnDesc.Type_ = 6.,18
qa_database_schema_ownership_and_global_insider_v1_0_3_2022_05_11,QA Database Schema - Ownership and Global Insider v1.0.3 (2022-05-11).pdf,,This,,,cross_reference,This field cross-references OwnCode.Code where OwnCode.Type_ = 6.,19
qa_database_schema_ownership_and_global_insider_v1_0_3_2022_05_11,QA Database Schema - Ownership and Global Insider v1.0.3 (2022-05-11).pdf,,This,,,cross_reference,This field cross-references OwnSecSectorCode.,19
qa_database_schema_ownership_and_global_insider_v1_0_3_2022_05_11,QA Database Schema - Ownership and Global Insider v1.0.3 (2022-05-11).pdf,,LSEG,,,cross_reference,LSEG Quantitative Analytics Database Schema for Ownership and Global Insider 21 CORPORATE Field Type Nullable Description HldgType int N HldgType is the category of the holding: – 1 = CONS (consolidated) – 2 = Inst (institutional) – 3 = MF (mutual fund) This field cross-references OwnCode.Code where OwnCode.Type_ = 20.,21
qa_database_schema_ownership_and_global_insider_v1_0_3_2022_05_11,QA Database Schema - Ownership and Global Insider v1.0.3 (2022-05-11).pdf,,This,,,cross_reference,This field cross-references OwnCode.Code where OwnCode.Type_ = 11.,21
qa_database_schema_ownership_and_global_insider_v1_0_3_2022_05_11,QA Database Schema - Ownership and Global Insider v1.0.3 (2022-05-11).pdf,OwnHoldDet,HldgType,,,cross_reference,HldgType int N HldgType is the category of the holding: – 1 = CONS (consolidated) – 2 = Inst (institutional) – 3 = MF (mutual fund) This field cross-references OwnCode.Code where OwnCode.Type_ = 20.,21
qa_database_schema_ownership_and_global_insider_v1_0_3_2022_05_11,QA Database Schema - Ownership and Global Insider v1.0.3 (2022-05-11).pdf,OwnHoldDet,TranCode,,,cross_reference,TranCode cross-references OwnDesc where OwnDesc.Type_ = 4 and OwnDesc.Code = OwnHoldDet.TranCode.,21
qa_database_schema_ownership_and_global_insider_v1_0_3_2022_05_11,QA Database Schema - Ownership and Global Insider v1.0.3 (2022-05-11).pdf,OwnCon,ContactJobCode,,,cross_reference,ContactJobCode cross-references OwnCode where OwnCode.Type_ = 2 and OwnCode.Code = OwnCon.ContactJobCode.,24
qa_database_schema_ownership_and_global_insider_v1_0_3_2022_05_11,QA Database Schema - Ownership and Global Insider v1.0.3 (2022-05-11).pdf,,This,,,cross_reference,This field cross-references OwnCode where OwnCode.Type_ = 6 and OwnCode.Code = OwnConAddress.CountryCode.,24
qa_database_schema_ownership_and_global_insider_v1_0_3_2022_05_11,QA Database Schema - Ownership and Global Insider v1.0.3 (2022-05-11).pdf,,This,,,cross_reference,This field cross-references OwnCode where OwnCode.Type_ = 14 and OwnCode.Code = OwnConAddress.MetroAreaCode.,24
qa_database_schema_ownership_and_global_insider_v1_0_3_2022_05_11,QA Database Schema - Ownership and Global Insider v1.0.3 (2022-05-11).pdf,,This,,,cross_reference,This field cross-references OwnInsDesc where OwnInsDesc.Type_ = 1 and OwnInsDesc.Code = OwnInsAsiaData.TranType.,28
qa_database_schema_ownership_and_global_insider_v1_0_3_2022_05_11,QA Database Schema - Ownership and Global Insider v1.0.3 (2022-05-11).pdf,,Trancode,,,cross_reference,Trancode cross-references OwnInsCode where OwnInsCode.Type_ = 6 and OwnInsCode.Code = OwnInsAsiaData.Trancode.,28
qa_database_schema_ownership_and_global_insider_v1_0_3_2022_05_11,QA Database Schema - Ownership and Global Insider v1.0.3 (2022-05-11).pdf,,This,,,cross_reference,This field cross-references OwnInsDesc where OwnInsDesc.Type_ = 2 and OwnInsDesc.Code = OwnInsAsiaData.BuySellFlag.,28
qa_database_schema_ownership_and_global_insider_v1_0_3_2022_05_11,QA Database Schema - Ownership and Global Insider v1.0.3 (2022-05-11).pdf,OwnInsData,FeedCode,,,cross_reference,FeedCode cross-references OwnInsCode where OwnInsCode.Type_ = 1 and OwnInsCode.Code = OwnInsData.FeedCode.,29
qa_database_schema_ownership_and_global_insider_v1_0_3_2022_05_11,QA Database Schema - Ownership and Global Insider v1.0.3 (2022-05-11).pdf,,This,,,cross_reference,This field cross-references OwnInsDesc where OwnInsDesc.Type_ = 1 and OwnInsDesc.Code = OwnInsData.TranType.,29
qa_database_schema_ownership_and_global_insider_v1_0_3_2022_05_11,QA Database Schema - Ownership and Global Insider v1.0.3 (2022-05-11).pdf,OwnInsData,Trancode,,,cross_reference,Trancode cross-references OwnInsCode where OwnInsCode.Type_ = 3 and OwnInsCode.Code = OwnInsData.Trancode.,29
qa_database_schema_ownership_and_global_insider_v1_0_3_2022_05_11,QA Database Schema - Ownership and Global Insider v1.0.3 (2022-05-11).pdf,,This,,,cross_reference,This field cross-references OwnInsDesc where OwnInsDesc.Type_ = 2 and OwnInsDesc.Code = OwnInsData.BuySellFlag.,30
qa_database_schema_ownership_and_global_insider_v1_0_3_2022_05_11,QA Database Schema - Ownership and Global Insider v1.0.3 (2022-05-11).pdf,,This,,,cross_reference,This field cross-references OwnInsDesc where OwnInsDesc.Type_ = 4 and OwnInsDesc.Code = OwnInsData.GLTPctUK.,30
qa_database_schema_ownership_and_global_insider_v1_0_3_2022_05_11,QA Database Schema - Ownership and Global Insider v1.0.3 (2022-05-11).pdf,OwnInsInfo,FeedCode,,,cross_reference,FeedCode cross-references OwnInsCode where OwnInsCode.Type_ = 1 and OwnInsCode.Code = OwnInsInfo.FeedCode.,31
qa_database_schema_ownership_and_global_insider_v1_0_3_2022_05_11,QA Database Schema - Ownership and Global Insider v1.0.3 (2022-05-11).pdf,,,QAI_MASTER,,join_hint,"DECLARE @ID VARCHAR(20) SET @ID = 'IBM' -- IBM SELECT T.VENNAME , S2.ID , O.ISSUERNAME , I2.SECNAME , I2.CUSIP , D.DESC_ AS SECURITY_CLASS FROM QAI_MASTER.DBO.SECMSTRX S JOIN QAI_MASTER.DBO.SECMAPX M ON M.SECCODE = S.SECCODE AND M.VENTYPE = 21 AND M.RANK = 1 JOIN QAI_MASTER.DBO.OWNSECINFO I ON I.SECURITYCODE = M.VENCODE JOIN QAI_MASTER.DBO.OWNSECISSUER O ON O.ISSUERCODE = I.ISSUERCODE JOIN QAI_MASTER.DBO.OWNSECINFO I2 ON I2.ISSUERCODE = I.ISSUERCODE JOIN QAI_MASTER.DBO.SECMAPX M2 ON M2.VENCODE = I2.SECURITYCODE AND M2.VENTYPE = 21 JOIN QAI_MASTER.DBO.SECVENTYPE T ON M.VENTYPE = T.VENTYPE",32
qa_database_schema_ownership_and_global_insider_v1_0_3_2022_05_11,QA Database Schema - Ownership and Global Insider v1.0.3 (2022-05-11).pdf,,,QAI_MASTER,,join_hint,LSEG Quantitative Analytics Database Schema for Ownership and Global Insider 33 CORPORATE JOIN QAI_MASTER.DBO.SECMSTRX S2 ON S2.SECCODE = M2.SECCODE AND S2.TYPE_ = 1 LEFT JOIN QAI_MASTER.DBO.OWNDESC D ON D.CODE = I2.SECCLSCODE AND D.TYPE_ = 5 -- Security Class Description WHERE S.ID = @ID Example 2: Holdings by Owner This query uses an owner ID and a date to return the holdings of the given owner on the given date.,33
qa_database_schema_ownership_and_global_insider_v1_0_3_2022_05_11,QA Database Schema - Ownership and Global Insider v1.0.3 (2022-05-11).pdf,,,QAI_MASTER,,join_hint,"DECLARE @OWNER INT DECLARE @DATE SMALLDATETIME SET @OWNER = 22006187 -- Berkshire Hathaway SET @DATE = '2008-06-30' SELECT T.VENNAME , O.OWNERCODE , O.OWNERNAME , H.QTRDATE , H.REPORTDATE , ISNULL(S.ID, S2.ID) AS ID , ISNULL(S.NAME, S2.NAME) AS NAME , ISNULL(S.CUSIP, S2.SEDOL) AS CUSIP_OR_SEDOL , H.SHARESHELD , H.VALUEHELD , H.SHARESCHG , H.VALUECHG FROM QAI_MASTER.DBO.OWNINFO O JOIN QAI_MASTER.DBO.OWNHOLDDET H ON H.OWNERCODE = O.OWNERCODE AND H.QTRDATE = @DATE AND H.REPORTDATE =( SELECT MAX(REPORTDATE) FROM QAI_MASTER.DBO.OWNHOLDDET WHERE OWNERCODE = H.OWNERCODE AND SECURITYCODE = H.SECURITYCODE ) JOIN QAI_MASTER.DBO.OWNSECINFO I ON I.SECURITYCODE = H.SECURITYCODE LEFT JOIN QAI_MASTER.DBO.SECMAPX M",33
qa_database_schema_ownership_and_global_insider_v1_0_3_2022_05_11,QA Database Schema - Ownership and Global Insider v1.0.3 (2022-05-11).pdf,,,QAI_MASTER,,join_hint,"LSEG Quantitative Analytics Database Schema for Ownership and Global Insider 34 CORPORATE ON M.VENCODE = I.SECURITYCODE AND M.VENTYPE = 21 LEFT JOIN QAI_MASTER.DBO.SECVENTYPE T ON M.VENTYPE = T.VENTYPE LEFT JOIN QAI_MASTER.DBO.SECMSTRX S ON S.SECCODE = M.SECCODE AND S.TYPE_ = 1 LEFT JOIN QAI_MASTER.DBO.GSECMAPX M2 ON M2.VENCODE = I.SECURITYCODE AND M2.VENTYPE = 21 LEFT JOIN QAI_MASTER.DBO.GSECMSTRX S2 ON S2.SECCODE = M2.SECCODE WHERE O.OWNERCODE = @OWNER ORDER BY VALUEHELD DESC Example 3: Funds and Holdings This query shows how to see a company, the funds it operates, and the holdings of one of its funds. --1) Name of the Asset Management (Fund) house: select * from owninfo where ownercode = 22027248 --2) Funds managed by the “Macquarie” as a Asset Manager. select a.ownercode, a.ownername, a.address1, a.address2, a.city, a.url, a.p_ownercode, a.statuscode, a.orientcode, a.ownstylecode, d.Desc_ as OwnStyleDesc, a.owntypecode, b.Desc_ as OwnTypeDesc from OwnInfo a left join OwnCode b on ",34
qa_database_schema_ownership_and_global_insider_v1_0_3_2022_05_11,QA Database Schema - Ownership and Global Insider v1.0.3 (2022-05-11).pdf,,,QAI_MASTER,,join_hint,"LSEG Quantitative Analytics Database Schema for Ownership and Global Insider 35 CORPORATE DECLARE @OWNER INT DECLARE @DATE SMALLDATETIME SET @OWNER = 22503079 -- Ownercode of one of the Funds held in #2 SET @DATE = '2010-12-31' SELECT T.VENNAME , O.OWNERCODE , O.OWNERNAME , H.QTRDATE , H.REPORTDATE , ISNULL(S.ID, S2.ID) AS ID , ISNULL(S.NAME, S2.NAME) AS NAME , ISNULL(S.CUSIP, S2.SEDOL) AS CUSIP_OR_SEDOL , H.SHARESHELD , H.VALUEHELD , H.SHARESCHG , H.VALUECHG FROM QAI_MASTER.DBO.OWNINFO O JOIN QAI_MASTER.DBO.OWNHOLDDET H ON H.OWNERCODE = O.OWNERCODE AND H.QTRDATE = @DATE AND H.REPORTDATE =( SELECT MAX(REPORTDATE) FROM QAI_MASTER.DBO.OWNHOLDDET WHERE OWNERCODE = H.OWNERCODE AND SECURITYCODE = H.SECURITYCODE ) JOIN QAI_MASTER.DBO.OWNSECINFO I ON I.SECURITYCODE = H.SECURITYCODE LEFT JOIN QAI_MASTER.DBO.SECMAPX M ON M.VENCODE = I.SECURITYCODE AND M.VENTYPE = 21 LEFT JOIN QAI_MASTER.DBO.SECVENTYPE T ON M.VENTYPE = T.VENTYPE LEFT JOIN QAI_MASTER.DBO.SECMSTRX S ON S.SECCODE = M.SECCODE AND S.",35
qa_database_schema_ownership_and_global_insider_v1_0_3_2022_05_11,QA Database Schema - Ownership and Global Insider v1.0.3 (2022-05-11).pdf,,,owncon,,join_hint,LSEG Quantitative Analytics Database Schema for Ownership and Global Insider 36 CORPORATE WHERE O.OWNERCODE = @OWNER ORDER BY VALUEHELD DESC --4) Contact info of the Fund Manager: select * from owncon a join ownconinfo b on a.contactcode = b.contactcode where a.ownercode = '22503079' Example 4: Snapshot of Owners of a Security This query returns a snapshot of the owners of a particular security.,36
qa_database_schema_ownership_and_global_insider_v1_0_3_2022_05_11,QA Database Schema - Ownership and Global Insider v1.0.3 (2022-05-11).pdf,,,OWNDATA,,join_hint,"DECLARE @DATE SMALLDATETIME SET @DATE = '8/17/09' ; WITH OWNDATA AS ( SELECT ROW_NUMBER () OVER (PARTITION BY H.OWNERCODE, H.SECURITYCODE ORDER BY REPORTDATE DESC) AS ROW , T.VENNAME , M.ID , M.CUSIP , O.OWNERCODE , O.OWNERNAME , H.QTRDATE , H.REPORTDATE , H.SHARESHELD , O.STATUSCODE , H.FLGSRCCODE , D.DESC_ AS RPT_SOURCE FROM QAI_MASTER.DBO.OWNINFO O JOIN QAI_MASTER.DBO.OWNHOLDDET H ON H.OWNERCODE = O.OWNERCODE JOIN QAI_MASTER.DBO.OWNCODE D ON H.FLGSRCCODE = D.CODE AND D.TYPE_ = 11",36
qa_database_schema_ownership_and_global_insider_v1_0_3_2022_05_11,QA Database Schema - Ownership and Global Insider v1.0.3 (2022-05-11).pdf,,,QAI_MASTER,,join_hint,"LSEG Quantitative Analytics Database Schema for Ownership and Global Insider 37 CORPORATE JOIN QAI_MASTER.DBO.SECMAPX P ON P.VENCODE = H.SECURITYCODE AND P.VENTYPE = 21 JOIN QAI_MASTER.DBO.SECVENTYPE T ON P.VENTYPE = T.VENTYPE JOIN QAI_MASTER.DBO.SECMSTRX M ON M.SECCODE = P.SECCODE AND M.TYPE_ = 1 WHERE H.SECURITYCODE = 25660 -- IBM AND H.HLDGTYPE = 1 -- INSTITUTIONS HOLDINGS AND QTRDATE = '3/31/09' AND STATUSCODE = 'Y' -- OWNER IS CURRENTLY TRACKED AND RESEARCHED (N = OWNER IS NOT TRACKED) AND H.FLGSRCCODE IN (1,6,499,503) -- REPORTING SOURCE ) SELECT * FROM OWNDATA WHERE ROW = 1 AND SHARESHELD > 0 ORDER BY REPORTDATE , OWNERNAME",37
qa_database_schema_ownership_version_2_v1_2_5_2025_07_08,QA Database Schema - Ownership Version 2 v1.2.5 (2025-07-08).pdf,,Cross,,,cross_reference,Cross references table Own2Code where Type_ = 3.,7
qa_database_schema_ownership_version_2_v1_2_5_2025_07_08,QA Database Schema - Ownership Version 2 v1.2.5 (2025-07-08).pdf,,Cross,,,cross_reference,Cross references table Own2Code where Type_ = 4.,7
qa_database_schema_ownership_version_2_v1_2_5_2025_07_08,QA Database Schema - Ownership Version 2 v1.2.5 (2025-07-08).pdf,,Cross,,,cross_reference,Cross references table Own2Code where Type_ = 3.,8
qa_database_schema_ownership_version_2_v1_2_5_2025_07_08,QA Database Schema - Ownership Version 2 v1.2.5 (2025-07-08).pdf,,Cross,,,cross_reference,Cross references table Own2Code where Type_ = 3.,8
qa_database_schema_ownership_version_2_v1_2_5_2025_07_08,QA Database Schema - Ownership Version 2 v1.2.5 (2025-07-08).pdf,,Cross,,,cross_reference,Cross references table Own2Code where Type_ = 3.,9
qa_database_schema_ownership_version_2_v1_2_5_2025_07_08,QA Database Schema - Ownership Version 2 v1.2.5 (2025-07-08).pdf,,Cross,,,cross_reference,Cross references table Own2Code where Type_ = 14.,9
qa_database_schema_ownership_version_2_v1_2_5_2025_07_08,QA Database Schema - Ownership Version 2 v1.2.5 (2025-07-08).pdf,,Cross,,,cross_reference,Cross references table Own2Code where Type_ = 4.,10
qa_database_schema_ownership_version_2_v1_2_5_2025_07_08,QA Database Schema - Ownership Version 2 v1.2.5 (2025-07-08).pdf,,Cross,,,cross_reference,Cross references table Own2Code where Type_ = 3.,10
qa_database_schema_ownership_version_2_v1_2_5_2025_07_08,QA Database Schema - Ownership Version 2 v1.2.5 (2025-07-08).pdf,,Cross,,,cross_reference,Cross references table Own2Code where Type_ = 17.,16
qa_database_schema_ownership_version_2_v1_2_5_2025_07_08,QA Database Schema - Ownership Version 2 v1.2.5 (2025-07-08).pdf,,Cross,,,cross_reference,Cross references table Own2Code where Type_ = 11.,17
qa_database_schema_ownership_version_2_v1_2_5_2025_07_08,QA Database Schema - Ownership Version 2 v1.2.5 (2025-07-08).pdf,,Cross,,,cross_reference,Cross references table Own2Code where Type_ = 26.,18
qa_database_schema_ownership_version_2_v1_2_5_2025_07_08,QA Database Schema - Ownership Version 2 v1.2.5 (2025-07-08).pdf,,Cross,,,cross_reference,Cross references table Own2Code where Type_ = 26.,18
qa_database_schema_ownership_version_2_v1_2_5_2025_07_08,QA Database Schema - Ownership Version 2 v1.2.5 (2025-07-08).pdf,,Cross,,,cross_reference,Cross references table Own2Code where Type_ = 26.,18
qa_database_schema_ownership_version_2_v1_2_5_2025_07_08,QA Database Schema - Ownership Version 2 v1.2.5 (2025-07-08).pdf,,Cross,,,cross_reference,Cross references table Own2Code where Type_ = 26.,18
qa_database_schema_ownership_version_2_v1_2_5_2025_07_08,QA Database Schema - Ownership Version 2 v1.2.5 (2025-07-08).pdf,,Cross,,,cross_reference,Cross references table Own2Code where Type_ = 9.,18
qa_database_schema_ownership_version_2_v1_2_5_2025_07_08,QA Database Schema - Ownership Version 2 v1.2.5 (2025-07-08).pdf,,Cross,,,cross_reference,Cross references table Own2Code where Type_ = 38.,18
qa_database_schema_ownership_version_2_v1_2_5_2025_07_08,QA Database Schema - Ownership Version 2 v1.2.5 (2025-07-08).pdf,,Cross,,,cross_reference,Cross references table Own2Code where Type_ = 36.,18
qa_database_schema_ownership_version_2_v1_2_5_2025_07_08,QA Database Schema - Ownership Version 2 v1.2.5 (2025-07-08).pdf,,Cross,,,cross_reference,Cross references table Own2Code where Type_ = 37.,18
qa_database_schema_ownership_version_2_v1_2_5_2025_07_08,QA Database Schema - Ownership Version 2 v1.2.5 (2025-07-08).pdf,,Cross,,,cross_reference,Cross references table Own2Code where Type_ = 12.,19
qa_database_schema_ownership_version_2_v1_2_5_2025_07_08,QA Database Schema - Ownership Version 2 v1.2.5 (2025-07-08).pdf,,Update,Own2Code,,cross_reference,"Update Cycle: 30 minutes Adjusted: N/A Indexes Index Fields pkey_Own2InvContSpec (Clustered) LgcyPersonId, SpecCode Field Type Nullable Description LgcyPersonId int No Investor Contact Specialties Legacy Person ID SpecCode int No Indicates the specific industry, investment style or market cap range in which the Investor Contact specializes. – Cross references table Own2Code using both Type_ 33 and 13. – Use Own2Code table where Type_ = 33 to map from SpecCode integer to alphanumeric ContactSpecialityCode. – Own2InvContSpec.SpecCode = Own2Code.Code and Own2Code.Type_ = 33 – Use Own2Code table where Type_ = 13 to map from alphanumeric ContactSpecialityCode in Type_ = 33 Desc_ for ContactSpecialityCode description – Own2Code.Desc_ = Own2Code.Code and Own2Code.Type_ = 13 Example: select * from Own2InvContSpec A join Own2Code B on A.SpecCode = B.Code and B.Type_ = 33 join Own2Code C on B.Desc_ = C.Code and C.Type_ = 13",20
qa_database_schema_ownership_version_2_v1_2_5_2025_07_08,QA Database Schema - Ownership Version 2 v1.2.5 (2025-07-08).pdf,,,Own2Code,,join_hint,"Update Cycle: 30 minutes Adjusted: N/A Indexes Index Fields pkey_Own2InvContSpec (Clustered) LgcyPersonId, SpecCode Field Type Nullable Description LgcyPersonId int No Investor Contact Specialties Legacy Person ID SpecCode int No Indicates the specific industry, investment style or market cap range in which the Investor Contact specializes. – Cross references table Own2Code using both Type_ 33 and 13. – Use Own2Code table where Type_ = 33 to map from SpecCode integer to alphanumeric ContactSpecialityCode. – Own2InvContSpec.SpecCode = Own2Code.Code and Own2Code.Type_ = 33 – Use Own2Code table where Type_ = 13 to map from alphanumeric ContactSpecialityCode in Type_ = 33 Desc_ for ContactSpecialityCode description – Own2Code.Desc_ = Own2Code.Code and Own2Code.Type_ = 13 Example: select * from Own2InvContSpec A join Own2Code B on A.SpecCode = B.Code and B.Type_ = 33 join Own2Code C on B.Desc_ = C.Code and C.Type_ = 13",20
qa_database_schema_ownership_version_2_v1_2_5_2025_07_08,QA Database Schema - Ownership Version 2 v1.2.5 (2025-07-08).pdf,,Cross,,,cross_reference,Cross references table Own2Code where Type_ = 17.,21
qa_database_schema_ownership_version_2_v1_2_5_2025_07_08,QA Database Schema - Ownership Version 2 v1.2.5 (2025-07-08).pdf,,Cross,,,cross_reference,Cross references table Own2Code where Type_ = 17.,22
qa_database_schema_ownership_version_2_v1_2_5_2025_07_08,QA Database Schema - Ownership Version 2 v1.2.5 (2025-07-08).pdf,,Cross,,,cross_reference,Cross references table Own2Code where Type_ = 17.,23
qa_database_schema_ownership_version_2_v1_2_5_2025_07_08,QA Database Schema - Ownership Version 2 v1.2.5 (2025-07-08).pdf,,,Own2Code,,join_hint,"TypeId integer No Indicates type of profile text (i.e., affiliations, investment approach) – Cross reference code to description with Own2Code using both Type_ 29 and 25 – Use Own2Code table where Type_ = 29 to map from TypeID integer to alphanumeric code. – Own2InvProfile.TypeID = Own2Code.Code and Own2Code.Type_ = 29 – Use Own2Code table where Type_ = 25 to map from alphanumeric code in Type_ = 29 Desc_ to TypeID – Own2Code.Desc_ = Own2Code.Code and Own2Code.Type_ = 25 Example: select * from Own2InvProfile A join Own2Code B on A.TypeID = B.Code and B.Type_ = 29 join Own2Code C on B.Desc_ = C.Code and C.Type_ = 25",26
qa_database_schema_ownership_version_2_v1_2_5_2025_07_08,QA Database Schema - Ownership Version 2 v1.2.5 (2025-07-08).pdf,,Cross,,,cross_reference,Cross references table Own2Code where Type_ = 45.,27
qa_database_schema_ownership_version_2_v1_2_5_2025_07_08,QA Database Schema - Ownership Version 2 v1.2.5 (2025-07-08).pdf,,Cross,,,cross_reference,Cross references table Own2Code where Type_ = 1.,27
qa_database_schema_ownership_version_2_v1_2_5_2025_07_08,QA Database Schema - Ownership Version 2 v1.2.5 (2025-07-08).pdf,,Cross,,,cross_reference,Cross references table Own2Code where Type_ = 38.,27
qa_database_schema_ownership_version_2_v1_2_5_2025_07_08,QA Database Schema - Ownership Version 2 v1.2.5 (2025-07-08).pdf,,Cross,,,cross_reference,Cross references table Own2Code where Type_ = 36.,27
qa_database_schema_ownership_version_2_v1_2_5_2025_07_08,QA Database Schema - Ownership Version 2 v1.2.5 (2025-07-08).pdf,,Cross,,,cross_reference,Cross references table Own2Code where Type_ = 37.,27
qa_database_schema_ownership_version_2_v1_2_5_2025_07_08,QA Database Schema - Ownership Version 2 v1.2.5 (2025-07-08).pdf,,Cross,,,cross_reference,Cross references table Own2Code where Type_ = 39.,28
qa_database_schema_ownership_version_2_v1_2_5_2025_07_08,QA Database Schema - Ownership Version 2 v1.2.5 (2025-07-08).pdf,,Cross,,,cross_reference,Cross references table Own2Code where Type_ = 2.,28
qa_database_schema_ownership_version_2_v1_2_5_2025_07_08,QA Database Schema - Ownership Version 2 v1.2.5 (2025-07-08).pdf,,Cross,,,cross_reference,Cross references table Own2Code where Type_ = 3.,28
qa_database_schema_ownership_version_2_v1_2_5_2025_07_08,QA Database Schema - Ownership Version 2 v1.2.5 (2025-07-08).pdf,,Cross,,,cross_reference,Cross references table Own2Code where Type_ = 18.,28
qa_database_schema_ownership_version_2_v1_2_5_2025_07_08,QA Database Schema - Ownership Version 2 v1.2.5 (2025-07-08).pdf,,Cross,,,cross_reference,Cross references table Own2Code where Type_ = 14.,28
qa_database_schema_ownership_version_2_v1_2_5_2025_07_08,QA Database Schema - Ownership Version 2 v1.2.5 (2025-07-08).pdf,,Cross,,,cross_reference,Cross references table Own2Code where Type_ = 27.,29
qa_database_schema_ownership_version_2_v1_2_5_2025_07_08,QA Database Schema - Ownership Version 2 v1.2.5 (2025-07-08).pdf,,Cross,,,cross_reference,Cross references table Own2Code where Type_ = 3.,30
qa_database_schema_ownership_version_2_v1_2_5_2025_07_08,QA Database Schema - Ownership Version 2 v1.2.5 (2025-07-08).pdf,,,Own2Code,,join_hint,"FilingId int No Sequence number to uniquely identify each transaction available for an investor TransDate smalldatetime No Date securities were purchased or sold TrdSeqNum int No As-reported sequence of insider transactions reported on same filing RoleTypeCode int No Relationship of insider to issuer (e.g., director, CEO, etc). – Cross reference code to description with Own2Code using both Type_ 34 and 7 – Use Own2Code table where Type_ = 34 to map from the RoleTypeCode integer to alpha, numeric or special code. – Own2InvtransRole.RoleTypeCode = Own2Code.Code and Own2Code.Type_ = 34 – Use Own2Code table where Type_ = 7 to map from alpha, numeric or special code in Type_ = 34 Desc_ to description for RoleTypeCode – Own2Code.Desc_ = Own2Code.Code and Own2Code.Type_ = 7 Example: select * from Own2InvtransRole A join Own2Code B on A.RoleTypeCode = B.Code and B.Type_ = 34 join Own2Code C on B.Desc_ = C.Code and C.Type_ = 7 where A.OwnershipID = 48434388335 RoleSeqNum int No Sequence number ",30
qa_database_schema_ownership_version_2_v1_2_5_2025_07_08,QA Database Schema - Ownership Version 2 v1.2.5 (2025-07-08).pdf,,Cross,,,cross_reference,Cross references table Own2Code where Type_ = 35.,31
qa_database_schema_ownership_version_2_v1_2_5_2025_07_08,QA Database Schema - Ownership Version 2 v1.2.5 (2025-07-08).pdf,,Cross,,,cross_reference,Cross references table Own2Code where Type_ = 3.,32
qa_database_schema_ownership_version_2_v1_2_5_2025_07_08,QA Database Schema - Ownership Version 2 v1.2.5 (2025-07-08).pdf,,Cross,,,cross_reference,Cross references table Own2Code where Type_ = 14.,32
qa_database_schema_ownership_version_2_v1_2_5_2025_07_08,QA Database Schema - Ownership Version 2 v1.2.5 (2025-07-08).pdf,,Cross,,,cross_reference,Cross references table Own2Code where Type_ = 5.,32
qa_database_schema_ownership_version_2_v1_2_5_2025_07_08,QA Database Schema - Ownership Version 2 v1.2.5 (2025-07-08).pdf,,Cross,,,cross_reference,Cross references table Own2Code where Type_ = 17.,33
qa_database_schema_ownership_version_2_v1_2_5_2025_07_08,QA Database Schema - Ownership Version 2 v1.2.5 (2025-07-08).pdf,,Cross,,,cross_reference,Cross references table Own2Code where Type_ = 46.,35
qa_database_schema_ownership_version_2_v1_2_5_2025_07_08,QA Database Schema - Ownership Version 2 v1.2.5 (2025-07-08).pdf,,Cross,,,cross_reference,Cross references table Own2Code where Type_ = 46.,36
qa_database_schema_ownership_version_2_v1_2_5_2025_07_08,QA Database Schema - Ownership Version 2 v1.2.5 (2025-07-08).pdf,,Cross,,,cross_reference,Cross references table Own2Code where Type_ = 3.,37
qa_database_schema_ownership_version_2_v1_2_5_2025_07_08,QA Database Schema - Ownership Version 2 v1.2.5 (2025-07-08).pdf,,Cross,,,cross_reference,Cross references table Own2Code where Type_ = 3.,37
qa_database_schema_ownership_version_2_v1_2_5_2025_07_08,QA Database Schema - Ownership Version 2 v1.2.5 (2025-07-08).pdf,,,This,,join_hint,"LSEG Quantitative Analytics Database Schema for Ownership Version 2 38 CORPORATE Field Type Nullable Description Example: select r.LgcyInvestorId,r.FullName,m.InstrId,a.*,c.Desc_ as Role_desc from Own2OwnerMap m join Own2InvResume r on m.lgcyinvestorID = r.lgcyinvestorID join Own2InsHoldPos a on m.ownershipid=a.ownershipid left join Own2Code B on A.Reltoissuer = B.Desc_ and B.Type_ = 34 left join Own2Code C on B.Desc_ = C.Code and C.Type_ = 7 where m.instrid='8590921450' Own2InstrReg This table links the RegistrarID with the Instrument.",38
qa_database_schema_ownership_version_2_v1_2_5_2025_07_08,QA Database Schema - Ownership Version 2 v1.2.5 (2025-07-08).pdf,,Cross,,,cross_reference,Cross references table Own2Code where Type_ = 3.,39
qa_database_schema_ownership_version_2_v1_2_5_2025_07_08,QA Database Schema - Ownership Version 2 v1.2.5 (2025-07-08).pdf,,RDCInstrInfo,RDCDesc,,cross_reference,RDCInstrInfo.IssueISOCurrCode cross-references with RDCDesc.Code where Type_ = 80867.,42
qa_database_schema_ownership_version_2_v1_2_5_2025_07_08,QA Database Schema - Ownership Version 2 v1.2.5 (2025-07-08).pdf,,Cross,,,cross_reference,Cross references table Own2Code where Type_ = 38.,43
qa_database_schema_ownership_version_2_v1_2_5_2025_07_08,QA Database Schema - Ownership Version 2 v1.2.5 (2025-07-08).pdf,,Cross,,,cross_reference,Cross references table Own2Code where Type_ = 36.,43
qa_database_schema_ownership_version_2_v1_2_5_2025_07_08,QA Database Schema - Ownership Version 2 v1.2.5 (2025-07-08).pdf,,Cross,,,cross_reference,Cross references table Own2Code where Type_ = 37.,43
qa_database_schema_ownership_version_2_v1_2_5_2025_07_08,QA Database Schema - Ownership Version 2 v1.2.5 (2025-07-08).pdf,,Cross,,,cross_reference,Cross references table Own2Code where Type_ = 39.,43
qa_database_schema_ownership_version_2_v1_2_5_2025_07_08,QA Database Schema - Ownership Version 2 v1.2.5 (2025-07-08).pdf,,,vw_SecurityMasterX,,join_hint,"Website varchar yes URL for investor's website LtstRepDate smalldatetime yes Latest holdings date for investor PriorRepDate smalldatetime yes Previous holdings date for investor IsActiveInv tinyint yes Indicates investor is active (i.e., still in existence) IsNLE tinyint yes Investor no longer exists IsNLEDate smalldatetime yes Date investor ceased to exist Example Use Case: --This query returns the Ownership IDs that have Microsoft as owned security. select aa.*, cc.* from vw_SecurityMasterX aa join vw_RDCInstrMappingX bb on bb.SecCode = aa.seccode and bb.Typ = aa.typ join vw_Own2RDCMapping cc on cc.InstrID = bb.VenCode where aa.id = 'MSFT' order by cc.OwnershipId",43
qa_database_schema_ownership_version_2_v1_2_5_2025_07_08,QA Database Schema - Ownership Version 2 v1.2.5 (2025-07-08).pdf,,Cross,,,cross_reference,Cross references table Own2Code where Type_ = 38.,45
qa_database_schema_ownership_version_2_v1_2_5_2025_07_08,QA Database Schema - Ownership Version 2 v1.2.5 (2025-07-08).pdf,,Cross,,,cross_reference,Cross references table Own2Code where Type_ = 36.,45
qa_database_schema_ownership_version_2_v1_2_5_2025_07_08,QA Database Schema - Ownership Version 2 v1.2.5 (2025-07-08).pdf,,Cross,,,cross_reference,Cross references table Own2Code where Type_ = 37.,45
qa_database_schema_ownership_version_2_v1_2_5_2025_07_08,QA Database Schema - Ownership Version 2 v1.2.5 (2025-07-08).pdf,,Cross,,,cross_reference,Cross references table Own2Code where Type_ = 39.,45
qa_database_schema_ownership_version_2_v1_2_5_2025_07_08,QA Database Schema - Ownership Version 2 v1.2.5 (2025-07-08).pdf,,,vw_SecurityMasterX,,join_hint,"Website varchar yes URL for investor's website LtstRepDate smalldatetime yes Latest holdings date for investor PriorRepDate smalldatetime yes Previous holdings date for investor IsActiveInv tinyint yes Indicates investor is active (i.e., still in existence) IsNLE tinyint yes Investor no longer exists IsNLEDate smalldatetime yes Date investor ceased to exist Example Use Case: --This query returns the Ownership IDs that have Microsoft as owned security. select aa.*, cc.* from vw_SecurityMasterX aa join vw_PermInstrMappingX bb on bb.SecCode = aa.seccode and bb.Typ = aa.typ join vw_Own2PermMapping cc on cc.InstrPermID = bb.EntPermID where aa.id = 'MSFT' order by cc.OwnershipId",45
qa_database_schema_ownership_version_2_v1_2_5_2025_07_08,QA Database Schema - Ownership Version 2 v1.2.5 (2025-07-08).pdf,,,vw_SecurityMasterX,,join_hint,"Example Use Case: --This query returns the consolidated ownership history for Bailard as owner of Microsoft. select aa.*, cc.*, dd.* from vw_SecurityMasterX aa join vw_RDCInstrMappingX bb on bb.SecCode = aa.seccode and bb.Typ = aa.typ join vw_Own2RDCMapping cc",46
qa_database_schema_ownership_version_2_v1_2_5_2025_07_08,QA Database Schema - Ownership Version 2 v1.2.5 (2025-07-08).pdf,,,vw_Own2CHoldDet,,join_hint,LSEG Quantitative Analytics Database Schema for Ownership Version 2 47 CORPORATE on cc.InstrID = bb.VenCode join vw_Own2CHoldDet dd on dd.OwnershipId = cc.OwnershipId where aa.id = 'MSFT' and cc.LgcyInvestorId = 2002497 order by dd.EffectFromDate vw_Own2CAdjUnadjHoldDet This view provides adjusted and unadjusted values for Own2CHoldDet records.,47
qa_database_schema_ownership_version_2_v1_2_5_2025_07_08,QA Database Schema - Ownership Version 2 v1.2.5 (2025-07-08).pdf,,,vw_SecurityMasterX,,join_hint,"Example Use Case: --This query returns the adjusted and unadjusted consolidated ownership history for Bailard as owner of Microsoft. select aa.*, cc.*, dd.* from vw_SecurityMasterX aa join vw_RDCInstrMappingX bb on bb.SecCode = aa.seccode and bb.Typ = aa.typ join vw_Own2RDCMapping cc on cc.InstrID = bb.VenCode join vw_Own2CAdjUnadjHoldDet dd on dd.OwnershipId = cc.OwnershipId where aa.id = 'MSFT' and cc.LgcyInvestorId = 2002497 and dd.CumRatio is not null order by dd.EffectFromDate",48
qa_database_schema_ownership_version_2_v1_2_5_2025_07_08,QA Database Schema - Ownership Version 2 v1.2.5 (2025-07-08).pdf,,,vw_SecurityMasterX,,join_hint,"IsNLFDate smalldatetime yes Date the investor was considered as no longer filing IsPooledAct tinyint yes Indicates whether nominee account is pooled IsGrpFiler tinyint yes Indicates if investor is filing as a member of a limited partnership, syndicate or other group of investors IsMultiMngd tinyint yes Indicates that a mutual fund employs more than one portfolio manager (firm) to manage the holdings of the fund CreateDate smalldatetime yes Date holdings position entered Ownership UpdateDate smalldatetime yes Date holdings position was last updated Example Use Case: --This query returns the “as reported” ownership history for Bailard as owner of Microsoft. select aa.*, cc.*, dd.* from vw_SecurityMasterX aa join vw_RDCInstrMappingX bb on bb.SecCode = aa.seccode and bb.Typ = aa.typ join vw_Own2RDCMapping cc on cc.InstrID = bb.VenCode join vw_Own2AsRepHold dd on dd.OwnershipId = cc.OwnershipId where aa.id = 'MSFT' and cc.LgcyInvestorId = 2002497 order by dd.HoldDate",50
qa_database_schema_ownership_version_2_v1_2_5_2025_07_08,QA Database Schema - Ownership Version 2 v1.2.5 (2025-07-08).pdf,,,vw_SecurityMasterX,,join_hint,"Example Use Case: --This query returns the adjusted and unadjusted “as reported” ownership history for Bailard as owner of Microsoft. select aa.*, cc.*, dd.* from vw_SecurityMasterX aa join vw_RDCInstrMappingX bb on bb.SecCode = aa.seccode and bb.Typ = aa.typ join vw_Own2RDCMapping cc on cc.InstrID = bb.VenCode join vw_Own2AsRepAdjUnadjHold dd on dd.OwnershipId = cc.OwnershipId where aa.id = 'MSFT' and cc.LgcyInvestorId = 2002497 and dd.CumRatio is not null order by dd.HoldDate vw_Own2RDC13F This view shows the information about the 13F protfolios linked with an OwnershipID, using RDC tables for the mapping.",52
qa_database_schema_ownership_version_2_v1_2_5_2025_07_08,QA Database Schema - Ownership Version 2 v1.2.5 (2025-07-08).pdf,,RDCInstrInfo,RDCDesc,,cross_reference,RDCInstrInfo.IssueISOCurrCode cross-references with RDCDesc.Code where Type_ = 80867.,53
qa_database_schema_ownership_version_2_v1_2_5_2025_07_08,QA Database Schema - Ownership Version 2 v1.2.5 (2025-07-08).pdf,,Cross,,,cross_reference,Cross references table Own2Code where Type_ = 38.,54
qa_database_schema_ownership_version_2_v1_2_5_2025_07_08,QA Database Schema - Ownership Version 2 v1.2.5 (2025-07-08).pdf,,Cross,,,cross_reference,Cross references table Own2Code where Type_ = 36.,54
qa_database_schema_ownership_version_2_v1_2_5_2025_07_08,QA Database Schema - Ownership Version 2 v1.2.5 (2025-07-08).pdf,,Cross,,,cross_reference,Cross references table Own2Code where Type_ = 37.,54
qa_database_schema_ownership_version_2_v1_2_5_2025_07_08,QA Database Schema - Ownership Version 2 v1.2.5 (2025-07-08).pdf,,Cross,,,cross_reference,Cross references table Own2Code where Type_ = 39.,54
qa_database_schema_ownership_version_2_v1_2_5_2025_07_08,QA Database Schema - Ownership Version 2 v1.2.5 (2025-07-08).pdf,,,vw_SecurityMasterX,,join_hint,"LSEG Quantitative Analytics Database Schema for Ownership Version 2 55 CORPORATE Example Use Case: --This query returns the 13F data for ESL Investments as owner of Dow Chemical. select aa.*, cc.* from vw_SecurityMasterX aa join vw_RDCInstrMappingX bb on bb.SecCode = aa.seccode and bb.Typ = aa.typ join vw_Own2RDC13F cc on cc.InstrID = bb.VenCode where aa.id = 'DOW' and cc.LgcyInvestorId = 2002228 order by cc.Port13FEffectFromDate vw_Own2Perm13F This view shows the information about the 13F protfolios linked with an OwnershipID, using Symbology tables for the mapping.",55
qa_database_schema_ownership_version_2_v1_2_5_2025_07_08,QA Database Schema - Ownership Version 2 v1.2.5 (2025-07-08).pdf,,Cross,,,cross_reference,Cross references table Own2Code where Type_ = 38.,56
qa_database_schema_ownership_version_2_v1_2_5_2025_07_08,QA Database Schema - Ownership Version 2 v1.2.5 (2025-07-08).pdf,,Cross,,,cross_reference,Cross references table Own2Code where Type_ = 36.,56
qa_database_schema_ownership_version_2_v1_2_5_2025_07_08,QA Database Schema - Ownership Version 2 v1.2.5 (2025-07-08).pdf,,Cross,,,cross_reference,Cross references table Own2Code where Type_ = 37.,56
qa_database_schema_ownership_version_2_v1_2_5_2025_07_08,QA Database Schema - Ownership Version 2 v1.2.5 (2025-07-08).pdf,,Cross,,,cross_reference,Cross references table Own2Code where Type_ = 39.,56
qa_database_schema_ownership_version_2_v1_2_5_2025_07_08,QA Database Schema - Ownership Version 2 v1.2.5 (2025-07-08).pdf,,,vw_SecurityMasterX,,join_hint,"LSEG Quantitative Analytics Database Schema for Ownership Version 2 57 CORPORATE Example Use Case: --This query returns the 13F data for ESL Investments as owner of Dow Chemical. select aa.*, cc.* from vw_SecurityMasterX aa join vw_PermInstrMappingX bb on bb.SecCode = aa.seccode and bb.Typ = aa.typ join vw_Own2Perm13F cc on cc.InstrPermID = bb.EntPermID where aa.id = 'DOW' and cc.LgcyInvestorId = 2002228 order by cc.Port13FEffectFromDate vw_Own2Funds This view provides the available information for funds.",57
qa_database_schema_ownership_version_2_v1_2_5_2025_07_08,QA Database Schema - Ownership Version 2 v1.2.5 (2025-07-08).pdf,,Cross,,,cross_reference,Cross references table Own2Code where Type_ = 38.,57
qa_database_schema_ownership_version_2_v1_2_5_2025_07_08,QA Database Schema - Ownership Version 2 v1.2.5 (2025-07-08).pdf,,Cross,,,cross_reference,Cross references table Own2Code where Type_ = 36.,57
qa_database_schema_ownership_version_2_v1_2_5_2025_07_08,QA Database Schema - Ownership Version 2 v1.2.5 (2025-07-08).pdf,,Cross,,,cross_reference,Cross references table Own2Code where Type_ = 37.,57
qa_database_schema_ownership_version_2_v1_2_5_2025_07_08,QA Database Schema - Ownership Version 2 v1.2.5 (2025-07-08).pdf,,Cross,,,cross_reference,Cross references table Own2Code where Type_ = 39.,58
qa_database_schema_ownership_version_2_v1_2_5_2025_07_08,QA Database Schema - Ownership Version 2 v1.2.5 (2025-07-08).pdf,,,vw_Own2Funds,,join_hint,"Website varchar yes URL for investor's website LtstRepDate smalldatetime yes Latest holdings date for investor PriorRepDate smalldatetime yes Previous holdings date for investor IsActiveInv tinyint yes Indicates investor is active (i.e., still in existence) IsNLE tinyint yes Investor no longer exists IsNLEDate smalldatetime yes Date investor ceased to exist Example Use Case: --This query shows the “as reported” records for the funds of Fidelity International, since 2018-01-01. select * from vw_Own2Funds aa join vw_Own2AsRepAdjUnadjHold bb on bb.LgcyInvestorId = aa.LgcyFundId and bb.HoldDate between aa.EffectFromDate and ISNULL(aa.EffectToDate, '2075-05- 05') where aa.LgcyInvestorId = 2003665 and bb.holddate >= '2018-01-01' order by aa.LgcyFundId, bb.HoldDate vw_Own2invPerson This view provides the information available about people linked to investor companies.",58
qa_database_schema_ownership_version_2_v1_2_5_2025_07_08,QA Database Schema - Ownership Version 2 v1.2.5 (2025-07-08).pdf,,Cross,,,cross_reference,Cross references table Own2Code where Type_ = 9.,58
qa_database_schema_ownership_version_2_v1_2_5_2025_07_08,QA Database Schema - Ownership Version 2 v1.2.5 (2025-07-08).pdf,,Cross,,,cross_reference,Cross references table Own2Code where Type_ = 38.,59
qa_database_schema_ownership_version_2_v1_2_5_2025_07_08,QA Database Schema - Ownership Version 2 v1.2.5 (2025-07-08).pdf,,Cross,,,cross_reference,Cross references table Own2Code where Type_ = 36.,59
qa_database_schema_ownership_version_2_v1_2_5_2025_07_08,QA Database Schema - Ownership Version 2 v1.2.5 (2025-07-08).pdf,,Cross,,,cross_reference,Cross references table Own2Code where Type_ = 37.,59
qa_database_schema_ownership_version_2_v1_2_5_2025_07_08,QA Database Schema - Ownership Version 2 v1.2.5 (2025-07-08).pdf,,Cross,,,cross_reference,Cross references table Own2Code where Type_ = 12.,59
qa_database_schema_ownership_version_2_v1_2_5_2025_07_08,QA Database Schema - Ownership Version 2 v1.2.5 (2025-07-08).pdf,,,Own2InvMap,,join_hint,"Example Use Case: --This query returns the information about funds formerly managed by people that have worked in Ashfield Capital Partners, LLC select * from Own2InvMap aa join vw_Own2invPerson bb on bb.LgcyInvestorId = aa.LgcyInvestorId",59
qa_database_schema_ownership_version_2_v1_2_5_2025_07_08,QA Database Schema - Ownership Version 2 v1.2.5 (2025-07-08).pdf,,Cross,,,cross_reference,Cross references table Own2Code where Type_ = 1.,60
qa_database_schema_ownership_version_2_v1_2_5_2025_07_08,QA Database Schema - Ownership Version 2 v1.2.5 (2025-07-08).pdf,,Cross,,,cross_reference,Cross references table Own2Code where Type_ = 38.,60
qa_database_schema_ownership_version_2_v1_2_5_2025_07_08,QA Database Schema - Ownership Version 2 v1.2.5 (2025-07-08).pdf,,Cross,,,cross_reference,Cross references table Own2Code where Type_ = 36.,60
qa_database_schema_ownership_version_2_v1_2_5_2025_07_08,QA Database Schema - Ownership Version 2 v1.2.5 (2025-07-08).pdf,,Cross,,,cross_reference,Cross references table Own2Code where Type_ = 37.,60
qa_database_schema_ownership_version_2_v1_2_5_2025_07_08,QA Database Schema - Ownership Version 2 v1.2.5 (2025-07-08).pdf,,Cross,,,cross_reference,Cross references table Own2Code where Type_ = 39.,60
qa_database_schema_ownership_version_2_v1_2_5_2025_07_08,QA Database Schema - Ownership Version 2 v1.2.5 (2025-07-08).pdf,,,Own2InvProfile,,join_hint,LSEG Quantitative Analytics Database Schema for Ownership Version 2 61 CORPORATE Field Type Nullable Description – Own2Code.Desc_ = Own2Code.Code and Own2Code.Type_ = 25 Example: select * from Own2InvProfile A join Own2Code B on A.TypeID = B.Code and B.Type_ = 29 join Own2Code C on B.Desc_ = C.Code and C.Type_ = 25 where LgcyInvestorID = 2004260 ProfileText varchar yes Details affiliations and investment approach for investor IncWrntsCert tinyint yes Indicates if statistical (aggregated) data at investor level includes warrants and certificates in the calculations.,61
qa_database_schema_ownership_version_2_v1_2_5_2025_07_08,QA Database Schema - Ownership Version 2 v1.2.5 (2025-07-08).pdf,,Cross,,,cross_reference,Cross references table Own2Code where Type_ = 17.,61
qa_database_schema_ownership_version_2_v1_2_5_2025_07_08,QA Database Schema - Ownership Version 2 v1.2.5 (2025-07-08).pdf,,RDCInstrInfo,RDCDesc,,cross_reference,RDCInstrInfo.IssueISOCurrCode cross-references with RDCDesc.Code where Type_ = 80867.,63
qa_database_schema_ownership_version_2_v1_2_5_2025_07_08,QA Database Schema - Ownership Version 2 v1.2.5 (2025-07-08).pdf,,Cross,,,cross_reference,Cross references table Own2Code where Type_ = 38.,64
qa_database_schema_ownership_version_2_v1_2_5_2025_07_08,QA Database Schema - Ownership Version 2 v1.2.5 (2025-07-08).pdf,,Cross,,,cross_reference,Cross references table Own2Code where Type_ = 36.,64
qa_database_schema_ownership_version_2_v1_2_5_2025_07_08,QA Database Schema - Ownership Version 2 v1.2.5 (2025-07-08).pdf,,Cross,,,cross_reference,Cross references table Own2Code where Type_ = 37.,64
qa_database_schema_ownership_version_2_v1_2_5_2025_07_08,QA Database Schema - Ownership Version 2 v1.2.5 (2025-07-08).pdf,,Cross,,,cross_reference,Cross references table Own2Code where Type_ = 39.,64
qa_database_schema_ownership_version_2_v1_2_5_2025_07_08,QA Database Schema - Ownership Version 2 v1.2.5 (2025-07-08).pdf,,Cross,,,cross_reference,Cross references table Own2Code where Type_ = 18.,65
qa_database_schema_ownership_version_2_v1_2_5_2025_07_08,QA Database Schema - Ownership Version 2 v1.2.5 (2025-07-08).pdf,,Cross,,,cross_reference,Cross references table Own2Code where Type_ = 14.,65
qa_database_schema_ownership_version_2_v1_2_5_2025_07_08,QA Database Schema - Ownership Version 2 v1.2.5 (2025-07-08).pdf,,Cross,,,cross_reference,Cross references table Own2Code where Type_ = 27.,65
qa_database_schema_ownership_version_2_v1_2_5_2025_07_08,QA Database Schema - Ownership Version 2 v1.2.5 (2025-07-08).pdf,,,Own2Code,,join_hint,"RoleTypeCode int yes Relationship of insider to issuer (e.g., director, CEO, etc). – Cross reference code to description with Own2Code using both Type_ 34 and 7 – Use Own2Code table where Type_ = 34 to map from the RoleTypeCode integer to alpha, numeric or special code. – Own2InvtransRole.RoleTypeCode = Own2Code.Code and Own2Code.Type_ = 34 – Use Own2Code table where Type_ = 7 to map from alpha, numeric or special code in Type_ = 34 Desc_ to description for RoleTypeCode – Own2Code.Desc_ = Own2Code.Code and Own2Code.Type_ = 7 Example: select * from Own2InvtransRole A join Own2Code B on A.RoleTypeCode = B.Code and B.Type_ = 34 join Own2Code C on B.Desc_ = C.Code and C.Type_ = 7 where A.OwnershipID = 48434388335 RoleTypeDesc nvarchar yes RoleTypeCode description.",66
qa_database_schema_ownership_version_2_v1_2_5_2025_07_08,QA Database Schema - Ownership Version 2 v1.2.5 (2025-07-08).pdf,,,vw_SecurityMasterX,,join_hint,"RoleSeqNum int yes Sequence number to uniquely identify multiple roles reported for a particular investor's transaction Example Use Case: --This query returns the information about the transactions made by investor TA Associates Management. select aa.*, cc.* from vw_SecurityMasterX aa join vw_RDCInstrMappingX bb on bb.SecCode = aa.seccode and bb.Typ = aa.typ join vw_Own2RDCInvTransaction cc",66
qa_database_schema_ownership_version_2_v1_2_5_2025_07_08,QA Database Schema - Ownership Version 2 v1.2.5 (2025-07-08).pdf,,Cross,,,cross_reference,Cross references table Own2Code where Type_ = 38.,68
qa_database_schema_ownership_version_2_v1_2_5_2025_07_08,QA Database Schema - Ownership Version 2 v1.2.5 (2025-07-08).pdf,,Cross,,,cross_reference,Cross references table Own2Code where Type_ = 36.,68
qa_database_schema_ownership_version_2_v1_2_5_2025_07_08,QA Database Schema - Ownership Version 2 v1.2.5 (2025-07-08).pdf,,Cross,,,cross_reference,Cross references table Own2Code where Type_ = 37.,68
qa_database_schema_ownership_version_2_v1_2_5_2025_07_08,QA Database Schema - Ownership Version 2 v1.2.5 (2025-07-08).pdf,,Cross,,,cross_reference,Cross references table Own2Code where Type_ = 39.,68
qa_database_schema_ownership_version_2_v1_2_5_2025_07_08,QA Database Schema - Ownership Version 2 v1.2.5 (2025-07-08).pdf,,Cross,,,cross_reference,Cross references table Own2Code where Type_ = 18.,69
qa_database_schema_ownership_version_2_v1_2_5_2025_07_08,QA Database Schema - Ownership Version 2 v1.2.5 (2025-07-08).pdf,,Cross,,,cross_reference,Cross references table Own2Code where Type_ = 14.,69
qa_database_schema_ownership_version_2_v1_2_5_2025_07_08,QA Database Schema - Ownership Version 2 v1.2.5 (2025-07-08).pdf,,Cross,,,cross_reference,Cross references table Own2Code where Type_ = 27.,69
qa_database_schema_ownership_version_2_v1_2_5_2025_07_08,QA Database Schema - Ownership Version 2 v1.2.5 (2025-07-08).pdf,,,Own2Code,,join_hint,"RoleTypeCode int yes Relationship of insider to issuer (e.g., director, CEO, etc). – Cross reference code to description with Own2Code using both Type_ 34 and 7 – Use Own2Code table where Type_ = 34 to map from the RoleTypeCode integer to alpha, numeric or special code. – Own2InvtransRole.RoleTypeCode = Own2Code.Code and Own2Code.Type_ = 34 – Use Own2Code table where Type_ = 7 to map from alpha, numeric or special code in Type_ = 34 Desc_ to description for RoleTypeCode – Own2Code.Desc_ = Own2Code.Code and Own2Code.Type_ = 7 Example: select * from Own2InvtransRole A join Own2Code B on A.RoleTypeCode = B.Code and B.Type_ = 34 join Own2Code C on B.Desc_ = C.Code and C.Type_ = 7 where A.OwnershipID = 48434388335 RoleTypeDesc nvarchar yes RoleTypeCode description.",70
qa_database_schema_ownership_version_2_v1_2_5_2025_07_08,QA Database Schema - Ownership Version 2 v1.2.5 (2025-07-08).pdf,,,vw_SecurityMasterX,,join_hint,"RoleSeqNum int yes Sequence number to uniquely identify multiple roles reported for a particular investor's transaction Example Use Case: --This query returns the information about the transactions made by investor TA Associates Management. select aa.*, cc.* from vw_SecurityMasterX aa join vw_PermInstrMappingX bb on bb.SecCode = aa.seccode and bb.Typ = aa.typ join vw_Own2PermInvTransaction cc on cc.InstrPermID = bb.EntPermID where cc.LgcyInvestorId = 2004491 order by aa.id, cc.TransDate, cc.TrdSeqNum, cc.HoldTypeCode vw_Own2RDCIssuer This view provides information about the freefloat of the securities of a given issuer using RDC tables for the mapping.",70
qa_database_schema_ownership_version_2_v1_2_5_2025_07_08,QA Database Schema - Ownership Version 2 v1.2.5 (2025-07-08).pdf,,RDCOrgInfo,RDCDesc,,cross_reference,RDCOrgInfo.ContriCode cross-references with RDCDesc.Code where Type_ = 27035.,71
qa_database_schema_ownership_version_2_v1_2_5_2025_07_08,QA Database Schema - Ownership Version 2 v1.2.5 (2025-07-08).pdf,,RDCOrgInfo,RDCDesc,,cross_reference,RDCOrgInfo.ContriTypeCode cross-references with RDCDesc.Code where Type_ = 110661.,71
qa_database_schema_ownership_version_2_v1_2_5_2025_07_08,QA Database Schema - Ownership Version 2 v1.2.5 (2025-07-08).pdf,,RDCOrgInfo,RDCDesc,,cross_reference,RDCOrgInfo.ClSiteLocCode cross-references with RDCDesc.Code where Type_ = 114785.,71
qa_database_schema_ownership_version_2_v1_2_5_2025_07_08,QA Database Schema - Ownership Version 2 v1.2.5 (2025-07-08).pdf,,RDCOrgInfo,RDCDesc,,cross_reference,RDCOrgInfo.CntryHQISOCode cross-references with RDCDesc.Code where Type_ = 27165.,71
qa_database_schema_ownership_version_2_v1_2_5_2025_07_08,QA Database Schema - Ownership Version 2 v1.2.5 (2025-07-08).pdf,,RDCOrgInfo,RDCDesc,,cross_reference,RDCOrgInfo.CntryOfIncCode cross-references with RDCDesc.Code where Type_ = 30986.,71
qa_database_schema_ownership_version_2_v1_2_5_2025_07_08,QA Database Schema - Ownership Version 2 v1.2.5 (2025-07-08).pdf,,RDCOrgInfo,RDCDesc,,cross_reference,RDCOrgInfo.ISOCurrCode cross-references with RDCDesc.Code where Type_ = 80867.,71
qa_database_schema_ownership_version_2_v1_2_5_2025_07_08,QA Database Schema - Ownership Version 2 v1.2.5 (2025-07-08).pdf,,Cross,,,cross_reference,Cross references table Own2Code where Type_ = 17.,71
qa_database_schema_ownership_version_2_v1_2_5_2025_07_08,QA Database Schema - Ownership Version 2 v1.2.5 (2025-07-08).pdf,,,vw_SecurityMasterX,,join_hint,"FreeFltAdjRestShs float yes Number of shares in Free Float, taking into account any restricted shares. (Issuer-level) FreeFltPctAdjRestShs float yes Free Float Percent, taking into account any restricted shares. (Issuer-level) NoOfRestShs float yes Number of restricted shares for the period in question (as defined by the Start and End Dates). (Issuer-level) RestPeriodStDate datetime yes Start Date of the period for which the shares are restricted. (Issuer-level.) RestPeriodEndDate datetime yes End Date of the period for which the shares are restricted. (Issuer-level.) NoOfUnRestShs float yes Number of unrestricted shares for the period in question (as defined by the Start and End Dates). (Issuer-level) RestUnrestShsDate datetime yes Date when Issuer reported the restricted and unrestricted shares PctShsHldByStgInv float yes Percent of shares outstanding held by strategic entities (e.g., individual investors, corporations, etc.) (Issuer-level.) Example Use Case: --This query returns the",72
qa_database_schema_ownership_version_2_v1_2_5_2025_07_08,QA Database Schema - Ownership Version 2 v1.2.5 (2025-07-08).pdf,,Cross,,,cross_reference,Cross references table Own2Code where Type_ = 17.,73
qa_database_schema_ownership_version_2_v1_2_5_2025_07_08,QA Database Schema - Ownership Version 2 v1.2.5 (2025-07-08).pdf,,,vw_SecurityMasterX,,join_hint,"LSEG Quantitative Analytics Database Schema for Ownership Version 2 74 CORPORATE Example Use Case: -- This query returns the free float information about Vicor Corp. select aa.*, dd.* from vw_SecurityMasterX aa join vw_PermInstrMappingX bb on bb.SecCode = aa.seccode and bb.Typ = aa.typ join PermInstrRef cc on cc.InstrPermID = bb.EntPermID join vw_Own2PermIssuer dd on dd.OrgPermID = cc.OrgPermID where aa.id = 'VICR' and dd.AddrTypeCode = 1 order by dd.CalcBasisCode, dd.EffectFromDate",74
qa_database_schema_rdc_v1_4_6,QA Database Schema - RDC_v1.4.6.pdf,RDCOrgAddr,AddrTypeCode,RDCDesc,,cross_reference,AddrTypeCode can be: TR = Trading MK = Marketing RG = Registered HQ = Headquarters RDCOrgAddr.AddrTypeCode cross-references with RDCDesc.Code where Type_ = 80948.,8
qa_database_schema_rdc_v1_4_6,QA Database Schema - RDC_v1.4.6.pdf,,RDCOrgInfo,RDCDesc,,cross_reference,RDCOrgInfo.ContriCode cross-references with RDCDesc.Code where Type_ = 27035.,9
qa_database_schema_rdc_v1_4_6,QA Database Schema - RDC_v1.4.6.pdf,,RDCOrgInfo,RDCDesc,,cross_reference,RDCOrgInfo.ContriTypeCode cross-references with RDCDesc.Code where Type_ = 110661.,9
qa_database_schema_rdc_v1_4_6,QA Database Schema - RDC_v1.4.6.pdf,,RDCOrgInfo,RDCDesc,,cross_reference,RDCOrgInfo.ClSiteLocCode cross-references with RDCDesc.Code where Type_ = 114785.,9
qa_database_schema_rdc_v1_4_6,QA Database Schema - RDC_v1.4.6.pdf,,RDCOrgInfo,RDCDesc,,cross_reference,RDCOrgInfo.CntryHQISOCode cross-references with RDCDesc.Code where Type_ = 27165.,9
qa_database_schema_rdc_v1_4_6,QA Database Schema - RDC_v1.4.6.pdf,,RDCOrgInfo,RDCDesc,,cross_reference,RDCOrgInfo.CntryOfIncCode cross-references with RDCDesc.Code where Type_ = 30986.,10
qa_database_schema_rdc_v1_4_6,QA Database Schema - RDC_v1.4.6.pdf,,RDCOrgInfo,RDCDesc,,cross_reference,RDCOrgInfo.ISOCurrCode cross-references with RDCDesc.Code where Type_ = 80867.,10
qa_database_schema_rdc_v1_4_6,QA Database Schema - RDC_v1.4.6.pdf,RDCTRBCAudit,AuditCode,RDCCode,,cross_reference,AuditCode int N AuditCode represents the change type for TRBC assignments: – GRO: Internal growth (business) – MAA: M&A (business) – DIV: Divestiture (business) – DIS: Discontinuation (business) – SCH: Change in schema – ERR: Error Correction – REV: Review RDCTRBCAudit.AuditCode cross-references with RDCCode.Code where Type_ = 115371.,12
qa_database_schema_rdc_v1_4_6,QA Database Schema - RDC_v1.4.6.pdf,,This,RDCTRBCInfo,,cross_reference,This field cross-references with RDCTRBCInfo.TRBCId.,12
qa_database_schema_rdc_v1_4_6,QA Database Schema - RDC_v1.4.6.pdf,,This,RDCTRBCData,,cross_reference,This field cross references with RDCTRBCData.IndTRBCId.,13
qa_database_schema_rdc_v1_4_6,QA Database Schema - RDC_v1.4.6.pdf,RDCInstrInfo,InstrCatCode,,,cross_reference,InstrCatCode char(4) Y InstrCatCode cross-references RDCDesc where InstrCatCode= RDCDesc.Code and RDCDesc.Type_ = 59.,15
qa_database_schema_rdc_v1_4_6,QA Database Schema - RDC_v1.4.6.pdf,,RDCInstrInfo,RDCDesc,,cross_reference,RDCInstrInfo.IssueISOCurrCode cross-references with RDCDesc.Code where Type_ = 80867.,16
qa_database_schema_rdc_v1_4_6,QA Database Schema - RDC_v1.4.6.pdf,RDCInstrInfo,RCSAssetCla,,,cross_reference,RCSAssetCla varchar(10) Y RCSAssetCla cross-references RDCDesc where RCSAssetCla= RDCDesc.Code and RDCDesc.Type_ = 60.,16
qa_database_schema_rdc_v1_4_6,QA Database Schema - RDC_v1.4.6.pdf,RDCQuoteInfo,QuoteCatCode,,,cross_reference,QuoteCatCode char(4) Yes QuoteCatCode cross-references RDCDesc where QuoteCatCode= RDCDesc.Code and RDCDesc.Type_ = 59.,18
qa_database_schema_rdc_v1_4_6,QA Database Schema - RDC_v1.4.6.pdf,RDCQuoteInfo,RSCAssetCla,,,cross_reference,RSCAssetCla varchar(10) Yes RSCAssetCla cross-references RDCDesc where RSCAssetCla= RDCDesc.Code and RDCDesc.Type_ = 60.,19
qa_database_schema_rdc_v1_4_6,QA Database Schema - RDC_v1.4.6.pdf,,RDCItem,RDCCode,,cross_reference,RDCItem.TableCode cross-references with RDCCode.Code where Type_ = 5.,26
qa_database_schema_s_p_gics_v1_0_4_2022_05_02,QA Database Schema - S-P GICS v1.0.4 (2022-05-02).pdf,,SPG2SecInfo,SPG2Desc,,cross_reference,SPG2SecInfo.IssueTypeCode cross-references with SPG2Desc.Code where Type_ = 1.,8
qa_database_schema_s_p_gics_v1_0_4_2022_05_02,QA Database Schema - S-P GICS v1.0.4 (2022-05-02).pdf,,SPG2SecInfo,SPG2Code,,cross_reference,SPG2SecInfo.ExchCode cross-references with SPG2Code.Code where Type_ = 1.,9
qa_database_schema_starmine_v1_1_4_2024_01_22,QA Database Schema - StarMine v1.1.4 (2024-01-22).pdf,Sm2Code,Code,other,,cross_reference,Code is cross-referenced from other SM2* tables.,8
qa_database_schema_starmine_v1_1_4_2024_01_22,QA Database Schema - StarMine v1.1.4 (2024-01-22).pdf,,The,,,cross_reference,The two- character code cross-references Sm2Code where Sm2Code.Type_ = 1 and Sm2Code.Code = Sm2DInfo.CmpCtry.,9
qa_database_schema_starmine_v1_1_4_2024_01_22,QA Database Schema - StarMine v1.1.4 (2024-01-22).pdf,Sm2Item,Table_,,,cross_reference,Table_ cross-references Sm2Code where Sm2Code.Type_ = 13 and Sm2Code.Code = Sm2Item.Table_.,10
qa_database_schema_starmine_v1_1_4_2024_01_22,QA Database Schema - StarMine v1.1.4 (2024-01-22).pdf,Sm2Item,DataType,,,cross_reference,DataType cross-references Sm2Code where Sm2Code.Type_ = 4 and Sm2Code.Code = Sm2Item.DataType.,10
qa_database_schema_starmine_v1_1_4_2024_01_22,QA Database Schema - StarMine v1.1.4 (2024-01-22).pdf,,Cross,Sm2DArm,,cross_reference,Cross-reference Sm2Item.Item with Sm2DArm*.Item to identify the appropriate Measure code.,10
qa_database_schema_starmine_v1_1_4_2024_01_22,QA Database Schema - StarMine v1.1.4 (2024-01-22).pdf,,Then,Sm2Code,,cross_reference,Then cross-reference Sm2DArm*.Measure with Sm2Code.Code where Sm2Code.Type_ = 12.,10
qa_database_schema_starmine_v1_1_4_2024_01_22,QA Database Schema - StarMine v1.1.4 (2024-01-22).pdf,,Where,Sm2Code,,cross_reference,"Where Sm2DArmA*.Item = 41, cross-reference Sm2DArmA*.Value_ with Sm2Code where Sm2Code.Type_ = 11.",10
qa_database_schema_starmine_v1_1_4_2024_01_22,QA Database Schema - StarMine v1.1.4 (2024-01-22).pdf,,This,Starmine,,cross_reference,This can be cross-referenced with Starmine item 181 – Region Code.,11
qa_database_schema_starmine_v1_1_4_2024_01_22,QA Database Schema - StarMine v1.1.4 (2024-01-22).pdf,Measure,ChgPeriod,,,cross_reference,ChgPeriod cross-references Sm2Code where Sm2Code.Type_ = 7 and Sm2Code.Code = Sm2DArm*.ChgPeriod.,14
qa_database_schema_starmine_v1_1_4_2024_01_22,QA Database Schema - StarMine v1.1.4 (2024-01-22).pdf,Measure,Measure,,,cross_reference,Measure cross-references Sm2Code where Sm2Code.Type_ = 12 and Sm2Code.Code = Sm2DArm*.Measure.,14
qa_database_schema_starmine_v1_1_4_2024_01_22,QA Database Schema - StarMine v1.1.4 (2024-01-22).pdf,Measure,EstCurr,,,cross_reference,EstCurr cross-references Sm2Code where Sm2Code.Type_ = 2 and Sm2Code.Code = Sm2DArmA*.EstCurr.,15
qa_database_schema_starmine_v1_1_4_2024_01_22,QA Database Schema - StarMine v1.1.4 (2024-01-22).pdf,Measure,ChgPeriod,,,cross_reference,ChgPeriod cross-references Sm2Code where Sm2Code.Type_ = 7 and Sm2Code.Code = Sm2DEq*.ChgPeriod.,17
qa_database_schema_starmine_v1_1_4_2024_01_22,QA Database Schema - StarMine v1.1.4 (2024-01-22).pdf,Sm2HIdentChg,IdentType,Sm2Code,,cross_reference,IdentType cross-references with Sm2Code where Sm2Code.Type_ = 15 and Sm2Code.Code = Sm2HIdentChg.IdentType.,22
qa_database_schema_starmine_v1_1_4_2024_01_22,QA Database Schema - StarMine v1.1.4 (2024-01-22).pdf,Sm2HIdentChg,Exch,,,cross_reference,Exch cross-references Sm2Code where Sm2Code.Type_ = 16 and Sm2Code.Code = Sm2HIdentChg.Exch.,22
qa_database_schema_starmine_v1_1_4_2024_01_22,QA Database Schema - StarMine v1.1.4 (2024-01-22).pdf,Sm2HIv,FscPeriod,,,cross_reference,FscPeriod cross-references Sm2Code where Sm2Code.Type_ = 6 and Sm2Code.Code = Sm2HIv.FscPeriod.,23
qa_database_schema_starmine_v1_1_4_2024_01_22,QA Database Schema - StarMine v1.1.4 (2024-01-22).pdf,,The,,,cross_reference,The two- character code cross-references Sm2Code where Sm2Code.Type_ = 1 and Sm2Code.Code = Sm2DInfo.CmpCtry.,23
qa_database_schema_starmine_v1_1_4_2024_01_22,QA Database Schema - StarMine v1.1.4 (2024-01-22).pdf,,,vw_SecurityMasterX,,join_hint,"A value of 0 indicates that this field is not applicable. vencode int Y Vencode is the corresponding StarMine Daily unique code. select aa.SecCode, bb.Exchange, bb.Rank, cc.CmpName, cc.Ticker, cc.SecId from vw_SecurityMasterX aa join vw_SM2MappingDaily bb on bb.seccode = aa.seccode and bb.Typ = aa.typ join SM2DInfo cc on cc.SecId = bb.VenCode where aa.id = 'TOC' and bb.exchange = 2 -- Canadian record of Thomson Reuters",25
qa_database_schema_starmine_v1_1_4_2024_01_22,QA Database Schema - StarMine v1.1.4 (2024-01-22).pdf,,,vw_SecurityMasterX,,join_hint,"A value of 0 indicates that this field is not applicable. vencode int Y Vencode is the corresponding StarMine Historical unique code. select aa.SecCode, bb.Exchange, bb.Rank, cc.CmpName, cc.Ticker, cc.SecId from vw_SecurityMasterX aa join vw_SM2MappingHist bb on bb.seccode = aa.seccode and bb.Typ = aa.typ join SM2HInfo cc on cc.SecId = bb.VenCode where aa.id = 'TOC' and bb.exchange = 2 -- Canadian record of Thomson Reuters",26
qa_database_schema_starmine_v1_1_4_2024_01_22,QA Database Schema - StarMine v1.1.4 (2024-01-22).pdf,,Where,Sm2Code,,cross_reference,"Where Sm2DArmA*.Item = 41, cross-reference Sm2DArmA*.Value_ with Sm2Code where Sm2Code.Type_ = 11.",27
qa_database_schema_starmine_v1_1_4_2024_01_22,QA Database Schema - StarMine v1.1.4 (2024-01-22).pdf,,,vw_SecurityMasterX,,join_hint,"Example Use Case: This query returns the monthly Analyst Revision Score (ARM Model) for Thomson Reuters: select aa.SecCode, bb.Exchange, cc.CmpName, cc.Ticker, cc.SecId, dd.Date_, dd.Value_, dd.ItemName from vw_SecurityMasterX aa join vw_SM2MappingHist bb on bb.seccode = aa.seccode and bb.Typ = aa.typ join SM2HInfo cc on cc.SecId = bb.VenCode join vw_SM2HistMulti dd on dd.SecId = cc.SecId where aa.id = 'TOC' and bb.exchange = 2 -- Canadian record of Thomson Reuters and dd.Item = 44 and dd.Model = 'arm' order by dd.Date_",28
qa_database_schema_starmine_v1_1_4_2024_01_22,QA Database Schema - StarMine v1.1.4 (2024-01-22).pdf,,,vw_SecurityMasterX,,join_hint,"Example Use Case: This query returns the monthly dividend projects for Thomson Reuters: select aa.SecCode, bb.Exchange, cc.CmpName, cc.Ticker, cc.SecId, dd.ItemName, dd.Date_, dd.FscPeriod, dd.IVProjCurrDesc, dd.Value_, dd.Scale, dd.Model from vw_SecurityMasterX aa join vw_SM2MappingHist bb on bb.seccode = aa.seccode and bb.Typ = aa.typ join SM2HInfo cc on cc.SecId = bb.VenCode join vw_SM2HistIV dd on dd.SecId = cc.SecId where aa.id = 'TOC' and bb.exchange = 2 -- Canadian record of Thomson Reuters and dd.Item = 129 order by dd.Date_, dd.FscPeriod",29
qa_database_schema_starmine_v1_1_4_2024_01_22,QA Database Schema - StarMine v1.1.4 (2024-01-22).pdf,,,vw_SecurityMasterX,,join_hint,"Scale varchar Y The scale of the value; present only if required. select aa.SecCode, bb.Exchange, cc.CmpName, cc.Ticker, cc.SecId, dd.ItemName, dd.StartDate, dd.EndDate, dd.FscPeriodDesc, dd.ChgPeriodDesc, dd.MeasureDesc, dd.FscPerDate, dd.LstRptDate, dd.ExpRptDate, dd.Value_, dd.Scale, dd.EstCurrDesc from vw_SecurityMasterX aa join vw_SM2MappingDaily bb on bb.seccode = aa.seccode and bb.Typ = aa.typ join SM2DInfo cc on cc.SecId = bb.VenCode join vw_SM2DARM dd on dd.SecId = cc.SecId where aa.id = 'TOC' and bb.exchange = 2 -- Canadian record of Thomson Reuters and dd.Item = 1 and dd.Measure = 1 order by dd.StartDate, dd.FscPeriod, dd.ChgPeriod",31
qa_database_schema_starmine_v1_1_4_2024_01_22,QA Database Schema - StarMine v1.1.4 (2024-01-22).pdf,,,vw_SecurityMasterX,,join_hint,"AM for Americas, AP for Asia- Pacific, EA for EMEA. select aa.SecCode, bb.Exchange, cc.CmpName, cc.Ticker, cc.SecId, dd.ItemName, dd.StartDate, dd.EndDate, dd.Value_, dd.Scale, dd.EstCurrDesc from vw_SecurityMasterX aa join vw_SM2MappingDaily bb on bb.seccode = aa.seccode and bb.Typ = aa.typ join SM2DInfo cc on cc.SecId = bb.VenCode join vw_SM2DARMA dd on dd.SecId = cc.SecId where aa.id = 'TOC' and bb.exchange = 2 -- Canadian record of Thomson Reuters and dd.Item = 44 order by dd.StartDate",32
qa_database_schema_starmine_v1_1_4_2024_01_22,QA Database Schema - StarMine v1.1.4 (2024-01-22).pdf,,,vw_SecurityMasterX,,join_hint,"FncCurr datetime Y FncCurr is the currency of the item values. select aa.SecCode, bb.Exchange, cc.CmpName, cc.Ticker, cc.SecId, dd.ItemName, dd.StartDate, dd.EndDate, dd.Value_ from vw_SecurityMasterX aa join vw_SM2MappingDaily bb on bb.seccode = aa.seccode and bb.Typ = aa.typ join SM2DInfo cc on cc.SecId = bb.VenCode join vw_SM2DCRM dd on dd.SecId = cc.SecId where aa.id = 'TOC' and bb.exchange = 2 -- Canadian record of Thomson Reuters and dd.Item = 169 order by dd.StartDate",33
qa_database_schema_starmine_v1_1_4_2024_01_22,QA Database Schema - StarMine v1.1.4 (2024-01-22).pdf,,,vw_SecurityMasterX,,join_hint,"FscPeriodDesc varchar Y The description of FscPeriod. select aa.SecCode, bb.Exchange, cc.CmpName, cc.Ticker, cc.SecId, dd.ItemName, dd.StartDate, dd.EndDate, dd.FscPeriodDesc, dd.ChgPeriodDesc, dd.Value_, dd.LstQtrDate, dd.LstAnnDate, dd.FncCurr from vw_SecurityMasterX aa join vw_SM2MappingDaily bb on bb.seccode = aa.seccode and bb.Typ = aa.typ join SM2DInfo cc on cc.SecId = bb.VenCode join vw_SM2DEQ dd on dd.SecId = cc.SecId where aa.id = 'TOC' and bb.exchange = 2 -- Canadian record of Thomson Reuters and dd.Item = 51 and dd.FscPeriod = 21 order by dd.StartDate",34
qa_database_schema_starmine_v1_1_4_2024_01_22,QA Database Schema - StarMine v1.1.4 (2024-01-22).pdf,,,vw_SecurityMasterX,,join_hint,"Example Use Case: This query returns the daily Intrinsic Value (IV Model) for Thomson Reuters: select aa.SecCode, bb.Exchange, cc.CmpName, cc.Ticker, cc.SecId, dd.ItemName, dd.StartDate, dd.EndDate, dd.FscPeriodDesc, dd.FndDate, dd.LstFYDate, dd.Value_, dd.Scale, dd.IVProjCurrDesc from vw_SecurityMasterX aa join vw_SM2MappingDaily bb on bb.seccode = aa.seccode and bb.Typ = aa.typ join SM2DInfo cc on cc.SecId = bb.VenCode join vw_SM2DIV dd on dd.SecId = cc.SecId where aa.id = 'TOC' and bb.exchange = 2 -- Canadian record of Thomson Reuters and dd.Item = 126 order by dd.StartDate",35
qa_database_schema_starmine_v1_1_4_2024_01_22,QA Database Schema - StarMine v1.1.4 (2024-01-22).pdf,,,vw_SecurityMasterX,,join_hint,"Example Use Case: This query returns the daily Val-Mo Region Rank (Val-Mo Model) for Thomson Reuters: select aa.SecCode, bb.Exchange, cc.CmpName, cc.Ticker, cc.SecId, dd.ItemName, dd.StartDate, dd.EndDate, dd.Value_ from vw_SecurityMasterX aa join vw_SM2MappingDaily bb on bb.seccode = aa.seccode and bb.Typ = aa.typ join SM2DInfo cc on cc.SecId = bb.VenCode join vw_SM2DVMo dd on dd.SecId = cc.SecId where aa.id = 'TOC' and bb.exchange = 2 -- Canadian record of Thomson Reuters and dd.Item = 157 order by dd.StartDate",36
qa_database_schema_starmine_v1_1_4_2024_01_22,QA Database Schema - StarMine v1.1.4 (2024-01-22).pdf,,,vw_SecurityMasterX,,join_hint,"AM for Americas, AP for Asia- Pacific, EA for EMEA. select aa.SecCode, bb.Exchange, cc.CmpName, cc.Ticker, cc.SecId, dd.ItemName, dd.StartDate, dd.EndDate, dd.Value_ from vw_SecurityMasterX aa join vw_SM2MappingDaily bb on bb.seccode = aa.seccode and bb.Typ = aa.typ join SM2DInfo cc on cc.SecId = bb.VenCode join vw_SM2DSH dd on dd.SecId = cc.SecId where aa.id = 'TOC' and bb.exchange = 2 -- Canadian record of Thomson Reuters and dd.Item = 170 order by dd.StartDate",37
qa_database_schema_starmine_v1_1_4_2024_01_22,QA Database Schema - StarMine v1.1.4 (2024-01-22).pdf,vw_SM2HIdentChg,Exch,,,cross_reference,Exch cross-references Sm2Code where Sm2Code.Type_ = 16 and Sm2Code.Code = Sm2HIdentChg.Exch.,38
qa_database_schema_starmine_v1_1_4_2024_01_22,QA Database Schema - StarMine v1.1.4 (2024-01-22).pdf,vw_SM2HIdentChg,SecCtry,,,cross_reference,SecCtry cross-references Sm2Code where Sm2Code.Type_ = 1 and Sm2Code.Code = Sm2HInfo.SecCtry.,38
qa_database_schema_starmine_v1_1_4_2024_01_22,QA Database Schema - StarMine v1.1.4 (2024-01-22).pdf,,,vw_SecurityMasterX,,join_hint,"There are multiple Smart Holdings regions that fit into a single permission region. select aa.SecCode, bb.Exchange, cc.CmpName, cc.Ticker, cc.SecId, dd.StartDate, dd.EndDate, dd.IdentDesc, dd.Exch, dd.Ident from vw_SecurityMasterX aa join vw_SM2MappingHist bb on bb.seccode = aa.seccode and bb.Typ = aa.typ join SM2HInfo cc on cc.SecId = bb.VenCode join vw_SM2HIdentChg dd on dd.SecId = cc.SecId and dd.IdentType = 2 where aa.id = 'TOC' and bb.exchange = 2 -- Canadian record of Thomson Reuters order by dd.StartDate",38
qa_database_schema_starminemarketpsychmediasentiment_v1_1_1_2022_05_05,QA Database Schema - StarMineMarketPsychMediaSentiment v1.1.1(2022-05-05).pdf,,Cross,,,cross_reference,Cross references Sm2Code where type_ = 1 and Sm2Code.Code = SecCtry.,7
qa_database_schema_starminemarketpsychmediasentiment_v1_1_1_2022_05_05,QA Database Schema - StarMineMarketPsychMediaSentiment v1.1.1(2022-05-05).pdf,,Cross,,,cross_reference,Cross references security master and mapping tables.,8
qa_database_schema_starminemarketpsychmediasentiment_v1_1_1_2022_05_05,QA Database Schema - StarMineMarketPsychMediaSentiment v1.1.1(2022-05-05).pdf,,Cross,,,cross_reference,Cross references Sm2Code where type_ = 1 and Sm2Code.Code = SecCtry.,8
qa_database_schema_symbology_v1_1_9,QA Database Schema - Symbology_v1.1.9.pdf,PermOrgRef,TypeCode,PermCode,,cross_reference,TypeCode cross references with PermCode.Code where CodeType=1.,7
qa_database_schema_toyo_keizai_v1_0_5_2023_08_29,QA Database Schema - Toyo Keizai v1.0.5 (2023-08-29).pdf,,TK2Catalog,TK2Code,,cross_reference,TK2Catalog.CatalogCode cross-references with TK2Code.Code where Type_ = 12.,7
qa_database_schema_toyo_keizai_v1_0_5_2023_08_29,QA Database Schema - Toyo Keizai v1.0.5 (2023-08-29).pdf,TK2Catalog,Item,,,cross_reference,Item cross-references TK2Item.,7
qa_database_schema_toyo_keizai_v1_0_5_2023_08_29,QA Database Schema - Toyo Keizai v1.0.5 (2023-08-29).pdf,,TK2Catalog,TK2Code,,cross_reference,TK2Catalog.CatalogDescCode cross-references with TK2Code.Code where Type_ = 13.,7
qa_database_schema_toyo_keizai_v1_0_5_2023_08_29,QA Database Schema - Toyo Keizai v1.0.5 (2023-08-29).pdf,TK2Code,Code,other,,cross_reference,Code is cross-referenced from other tables.,8
qa_database_schema_toyo_keizai_v1_0_5_2023_08_29,QA Database Schema - Toyo Keizai v1.0.5 (2023-08-29).pdf,,TK2Exchange,TK2Code,,cross_reference,TK2Exchange.ExchangeCode cross-references with TK2Code.Code where Type_ = 16.,8
qa_database_schema_toyo_keizai_v1_0_5_2023_08_29,QA Database Schema - Toyo Keizai v1.0.5 (2023-08-29).pdf,,TK2Info,TK2Code,,cross_reference,TK2Info.OrgTypeCode cross-references with TK2Code.Code where Type_ = 1.,8
qa_database_schema_toyo_keizai_v1_0_5_2023_08_29,QA Database Schema - Toyo Keizai v1.0.5 (2023-08-29).pdf,,TK2Info,TK2Code,,cross_reference,TK2Info.OrgTypePosCode cross-references with TK2Code.Code where Type_ = 2.,8
qa_database_schema_toyo_keizai_v1_0_5_2023_08_29,QA Database Schema - Toyo Keizai v1.0.5 (2023-08-29).pdf,,TK2Info,TK2Code,,cross_reference,TK2Info.SICSectorCode cross-references with TK2Code.Code where Type_ = 17.,8
qa_database_schema_toyo_keizai_v1_0_5_2023_08_29,QA Database Schema - Toyo Keizai v1.0.5 (2023-08-29).pdf,,LSEG,TK2Code,,cross_reference,LSEG Quantitative Analytics Toyo Keizai 9 CORPORATE Field Type Nullable Description TK2Info.TKSectorCode cross-references with TK2Code.Code where Type_ = 18.,9
qa_database_schema_toyo_keizai_v1_0_5_2023_08_29,QA Database Schema - Toyo Keizai v1.0.5 (2023-08-29).pdf,,TK2InfoChg,TK2Code,,cross_reference,TK2InfoChg.OrgTypeCode cross-references with TK2Code.Code where Type_ = 1.,9
qa_database_schema_toyo_keizai_v1_0_5_2023_08_29,QA Database Schema - Toyo Keizai v1.0.5 (2023-08-29).pdf,,TK2InfoChg,TK2Code,,cross_reference,TK2InfoChg.OrgTypePosCode cross-references with TK2Code.Code where Type_ = 2.,9
qa_database_schema_toyo_keizai_v1_0_5_2023_08_29,QA Database Schema - Toyo Keizai v1.0.5 (2023-08-29).pdf,,TK2InfoChg,TK2Code,,cross_reference,TK2InfoChg.SICSectorCode cross-references with TK2Code.Code where Type_ = 17.,9
qa_database_schema_toyo_keizai_v1_0_5_2023_08_29,QA Database Schema - Toyo Keizai v1.0.5 (2023-08-29).pdf,,TK2InfoChg,TK2Code,,cross_reference,TK2InfoChg.TKSectorCode cross-references with TK2Code.Code where Type_ = 18.,9
qa_database_schema_toyo_keizai_v1_0_5_2023_08_29,QA Database Schema - Toyo Keizai v1.0.5 (2023-08-29).pdf,,This,other,,cross_reference,This ID is cross-referenced from other tables.,9
qa_database_schema_toyo_keizai_v1_0_5_2023_08_29,QA Database Schema - Toyo Keizai v1.0.5 (2023-08-29).pdf,,TK2Item,TK2Code,,cross_reference,TK2Item.FormatCode cross-references with TK2Code.Code where Type_ = 10.,10
qa_database_schema_toyo_keizai_v1_0_5_2023_08_29,QA Database Schema - Toyo Keizai v1.0.5 (2023-08-29).pdf,,TK2Item,TK2Code,,cross_reference,TK2Item.SignCode cross-references with TK2Code.Code where Type_ = 11.,10
qa_database_schema_toyo_keizai_v1_0_5_2023_08_29,QA Database Schema - Toyo Keizai v1.0.5 (2023-08-29).pdf,,TK2Item,TK2Code,,cross_reference,TK2Item.BizCatCode cross-references with TK2Code.Code where Type_ = 9.,10
qa_database_schema_toyo_keizai_v1_0_5_2023_08_29,QA Database Schema - Toyo Keizai v1.0.5 (2023-08-29).pdf,,TK2Item,TK2Code,,cross_reference,TK2Item.StmtTypeCode cross-references with TK2Code.Code where Type_ = 20.,10
qa_database_schema_toyo_keizai_v1_0_5_2023_08_29,QA Database Schema - Toyo Keizai v1.0.5 (2023-08-29).pdf,,TK2Shares,TK2Code,,cross_reference,TK2Shares.ShareTypeCode cross-references with TK2Code.Code where Type_ = 21.,10
qa_database_schema_toyo_keizai_v1_0_5_2023_08_29,QA Database Schema - Toyo Keizai v1.0.5 (2023-08-29).pdf,SeqNum,Item,,,cross_reference,Item cross-references TK2Item.,11
qa_database_schema_toyo_keizai_v1_0_5_2023_08_29,QA Database Schema - Toyo Keizai v1.0.5 (2023-08-29).pdf,,TK2,TK2Code,,cross_reference,TK2*Data.PerCode cross-references with TK2Code.Code where Type_ = 3.,11
qa_database_schema_toyo_keizai_v1_0_5_2023_08_29,QA Database Schema - Toyo Keizai v1.0.5 (2023-08-29).pdf,,TK2,TK2Code,,cross_reference,TK2*Data.SrcCode cross-references with TK2Code.Code where Type_ = 6.,11
qa_database_schema_toyo_keizai_v1_0_5_2023_08_29,QA Database Schema - Toyo Keizai v1.0.5 (2023-08-29).pdf,,TK2,TK2Code,,cross_reference,TK2*Data.CurrCode cross-references with TK2Code.Code where Type_ = 7.,11
qa_database_schema_toyo_keizai_v1_0_5_2023_08_29,QA Database Schema - Toyo Keizai v1.0.5 (2023-08-29).pdf,,TK2,TK2Code,,cross_reference,TK2*Data.UnitCode cross-references with TK2Code.Code where Type_ = 8.,11
qa_database_schema_toyo_keizai_v1_0_5_2023_08_29,QA Database Schema - Toyo Keizai v1.0.5 (2023-08-29).pdf,,TK2,TK2Code,,cross_reference,TK2*Data.BizCatCode cross-references with TK2Code.Code where Type_ = 9.,11
qa_database_schema_toyo_keizai_v1_0_5_2023_08_29,QA Database Schema - Toyo Keizai v1.0.5 (2023-08-29).pdf,,TK2,TK2Code,,cross_reference,TK2*Data.LicFlag cross-references with TK2Code.Code where Type_ = 19.,12
qa_database_schema_toyo_keizai_v1_0_5_2023_08_29,QA Database Schema - Toyo Keizai v1.0.5 (2023-08-29).pdf,TK2Notes,Item,,,cross_reference,Item cross-references TK2Item.,12
qa_database_schema_toyo_keizai_v1_0_5_2023_08_29,QA Database Schema - Toyo Keizai v1.0.5 (2023-08-29).pdf,,Cross,TK2Code,,cross_reference,Cross-reference BizCatCode with TK2Code where BizCatCode = TK2Code.Code and TK2Code.Type_ = 9.,12
qa_database_schema_trbc_v1_1_4_2022_05_05,QA Database Schema - TRBC v1.1.4 (2022-05-05).pdf,RDCOrgAddr,AddrTypeCode,RDCDesc,,cross_reference,AddrTypeCode can be: – TR = Trading – MK = Marketing – RG = Registered – HQ = Headquarters RDCOrgAddr.AddrTypeCode cross-references with RDCDesc.Code where Type_ = 80948.,7
qa_database_schema_trbc_v1_1_4_2022_05_05,QA Database Schema - TRBC v1.1.4 (2022-05-05).pdf,,RDCOrgInfo,RDCDesc,,cross_reference,RDCOrgInfo.ContriCode cross-references with RDCDesc.Code where Type_ = 27035.,8
qa_database_schema_trbc_v1_1_4_2022_05_05,QA Database Schema - TRBC v1.1.4 (2022-05-05).pdf,,RDCOrgInfo,RDCDesc,,cross_reference,RDCOrgInfo.ContriTypeCode cross-references with RDCDesc.Code where Type_ = 110661.,8
qa_database_schema_trbc_v1_1_4_2022_05_05,QA Database Schema - TRBC v1.1.4 (2022-05-05).pdf,,RDCOrgInfo,RDCDesc,,cross_reference,RDCOrgInfo.ClSiteLocCode cross-references with RDCDesc.Code where Type_ = 114785.,8
qa_database_schema_trbc_v1_1_4_2022_05_05,QA Database Schema - TRBC v1.1.4 (2022-05-05).pdf,,RDCOrgInfo,RDCDesc,,cross_reference,RDCOrgInfo.CntryHQISOCode cross-references with RDCDesc.Code where Type_ = 27165.,8
qa_database_schema_trbc_v1_1_4_2022_05_05,QA Database Schema - TRBC v1.1.4 (2022-05-05).pdf,,RDCOrgInfo,RDCDesc,,cross_reference,RDCOrgInfo.CntryOfIncCode cross-references with RDCDesc.Code where Type_ = 30986.,8
qa_database_schema_trbc_v1_1_4_2022_05_05,QA Database Schema - TRBC v1.1.4 (2022-05-05).pdf,,RDCOrgInfo,RDCDesc,,cross_reference,RDCOrgInfo.ISOCurrCode cross-references with RDCDesc.Code where Type_ = 80867.,8
qa_database_schema_trbc_v1_1_4_2022_05_05,QA Database Schema - TRBC v1.1.4 (2022-05-05).pdf,RDCTRBCAudit,AuditCode,RDCCode,,cross_reference,AuditCode int N AuditCode represents the change type for TRBC assignments: – GRO: Internal growth (business) – MAA: M&A (business) – DIV: Divestiture (business) – DIS: Discontinuation (business) – SCH: Change in schema – ERR: Error Correction – REV: Review RDCTRBCAudit.AuditCode cross-references with RDCCode.Code where Type_ = 115371.,9
qa_database_schema_trbc_v1_1_4_2022_05_05,QA Database Schema - TRBC v1.1.4 (2022-05-05).pdf,,This,RDCTRBCData,,cross_reference,This field cross-references with RDCTRBCData.TRBCId.,10
qa_database_schema_trbc_v1_1_4_2022_05_05,QA Database Schema - TRBC v1.1.4 (2022-05-05).pdf,,This,RDCTRBCData,,cross_reference,This field cross-references with RDCTRBCData.TRBCId.,10
qa_database_schema_trbc_v1_1_4_2022_05_05,QA Database Schema - TRBC v1.1.4 (2022-05-05).pdf,,RDCInstrInfo,RDCDesc,,cross_reference,RDCInstrInfo.IssueISOCurrCode cross-references with RDCDesc.Code where Type_ = 80867.,12
qa_database_schema_trbc_v1_1_4_2022_05_05,QA Database Schema - TRBC v1.1.4 (2022-05-05).pdf,,Cross,Prc,,cross_reference,Cross-reference with Prc.PrcIsr where Prc.PrcIss.isrcode = Prc.PrcIsr.isrcode.,14
qa_database_schema_trbc_v1_1_4_2022_05_05,QA Database Schema - TRBC v1.1.4 (2022-05-05).pdf,,,vw_SecurityMasterX,,join_hint,Example Use Case: --This query shows the TRBC mapping for QAID @honda9 select * from vw_SecurityMasterX aa join vw_TRBCMapping bb on bb.seccode = aa.seccode and bb.typ = aa.typ where aa.id = '@HONDA9' vw_TRBCHistory This view provides the historical TRBC codes for OrgIDs.,14
qa_database_schema_trbc_v1_1_4_2022_05_05,QA Database Schema - TRBC v1.1.4 (2022-05-05).pdf,,,vw_TRBCMapping,,join_hint,LSEG Quantitative Analytics TRBC 16 CORPORATE join vw_TRBCMapping bb on bb.seccode = aa.seccode and bb.typ = aa.typ join vw_TRBCHistory cc on cc.OrgId = bb.OrgID where aa.id = '@HONDA9' order by cc.StartDate vw_TRBCOrgInfo This view provides the basic information for each OrgID.,16
qa_database_schema_trbc_v1_1_4_2022_05_05,QA Database Schema - TRBC v1.1.4 (2022-05-05).pdf,,,vw_SecurityMasterX,,join_hint,"Example Use Case: --This query shows the basic information for Microsoft select aa.*, cc.* from vw_SecurityMasterX aa join vw_TRBCMapping bb on bb.seccode = aa.seccode and bb.typ = aa.typ",16
qa_database_schema_trbc_v1_1_4_2022_05_05,QA Database Schema - TRBC v1.1.4 (2022-05-05).pdf,,,vw_TRBCOrgInfo,,join_hint,LSEG Quantitative Analytics TRBC 17 CORPORATE join vw_TRBCOrgInfo cc on cc.OrgId = bb.OrgID where aa.id = 'MSFT' vw_TRBCInstrInfo This view provides the basic information for each InstrID.,17
qa_database_schema_trbc_v1_1_4_2022_05_05,QA Database Schema - TRBC v1.1.4 (2022-05-05).pdf,,,vw_SecurityMasterX,,join_hint,"Example Use Case: --This query shows the basic information for all the instruments linked to Microsoft. select aa.*, cc.* from vw_SecurityMasterX aa join vw_TRBCMapping bb on bb.seccode = aa.seccode and bb.typ = aa.typ join vw_TRBCInstrInfo cc on cc.OrgId = bb.OrgID where aa.id = 'MSFT'",17
qa_database_schema_us_insider_v1_1_2023_05_03,QA Database Schema - US Insider v1.1 (2023-05-03).pdf,InsCode,Code,other,,cross_reference,Code is cross-referenced from other tables.,7
qa_database_schema_us_insider_v1_1_2023_05_03,QA Database Schema - US Insider v1.1 (2023-05-03).pdf,InsFData,Item,InsItem,,cross_reference,Item cross-references with InsItem.,7
qa_database_schema_us_insider_v1_1_2023_05_03,QA Database Schema - US Insider v1.1 (2023-05-03).pdf,,Cross,InsCode,,cross_reference,Cross-reference FileCode with InsCode where FileCode = InsCode.Code and InsCode.Type_ = 14.,7
qa_database_schema_us_insider_v1_1_2023_05_03,QA Database Schema - US Insider v1.1 (2023-05-03).pdf,,InsFDCNInfo,InsCode,,cross_reference,InsFDCNInfo.StateCode cross-references with InsCode.Code where Type_ = 7.,8
qa_database_schema_us_insider_v1_1_2023_05_03,QA Database Schema - US Insider v1.1 (2023-05-03).pdf,,InsFDCNInfo,InsCode,,cross_reference,InsFDCNInfo.CtryCode cross-references with InsCode.Code where Type_ = 8.,8
qa_database_schema_us_insider_v1_1_2023_05_03,QA Database Schema - US Insider v1.1 (2023-05-03).pdf,,InsFDCNInfo,InsCode,,cross_reference,InsFDCNInfo.RoleCode* cross-references with InsCode.Code where Type_ = 1.,8
qa_database_schema_us_insider_v1_1_2023_05_03,QA Database Schema - US Insider v1.1 (2023-05-03).pdf,,InsFProInfo,InsCode,,cross_reference,InsFProInfo.StateCode cross-references with InsCode.Code where Type_ = 7.,10
qa_database_schema_us_insider_v1_1_2023_05_03,QA Database Schema - US Insider v1.1 (2023-05-03).pdf,,InsFProInfo,InsCode,,cross_reference,InsFProInfo.CtryCode cross-references with InsCode.Code where Type_ = 8.,10
qa_database_schema_us_insider_v1_1_2023_05_03,QA Database Schema - US Insider v1.1 (2023-05-03).pdf,,InsFRoles,InsCode,,cross_reference,InsFRoles.RoleCode* cross-references with InsCode.Code where Type_ = 1.,10
qa_database_schema_us_insider_v1_1_2023_05_03,QA Database Schema - US Insider v1.1 (2023-05-03).pdf,,Cross,InsCode,,cross_reference,Cross-reference SectIndCode with InsCode where SectIndCode = InsCode.Code and InsCode.Type_ = 6.,11
qa_database_schema_us_insider_v1_1_2023_05_03,QA Database Schema - US Insider v1.1 (2023-05-03).pdf,,Cross,InsCode,,cross_reference,Cross-reference SectIndCode with InsCode where SectIndCode = InsCode.Code and InsCode.Type_ = 6.,12
qa_database_schema_us_insider_v1_1_2023_05_03,QA Database Schema - US Insider v1.1 (2023-05-03).pdf,,Cross,InsCode,,cross_reference,Cross-reference FileCode with InsCode where FileCode = InsCode.Code and InsCode.Type_ = 14.,12
qa_database_schema_us_insider_v1_1_2023_05_03,QA Database Schema - US Insider v1.1 (2023-05-03).pdf,InsTMv2Wk,Item,InsItem,,cross_reference,Item cross-references with InsItem.,14
qa_database_schema_us_insider_v1_1_2023_05_03,QA Database Schema - US Insider v1.1 (2023-05-03).pdf,InsTMv2Wk,Item,InsItem,,cross_reference,Item cross-references with InsItem.,14
qa_database_schema_us_insider_v1_1_2023_05_03,QA Database Schema - US Insider v1.1 (2023-05-03).pdf,InsTMv2Wk,Item,InsItem,,cross_reference,Item cross-references with InsItem.,14
qa_database_schema_worldscope_point_in_time_v1_0_6_2023_09_15,QA Database Schema - Worldscope Point in Time v1.0.6 (2023-09-15).pdf,WSPITCalPrd,FreqCode,WSPITCode,,cross_reference,FreqCode tinyint N FreqCode is the frequency: – 1 = Annual (A) – 2 = Restated – Annual (B) – 3 = Restated – Quarterly (C) – 4 = Restated – Quarterly Cumulative (E) – 5 = Restated – Semi-Annual (F) – 6 = Restated – Trimester (K) – 7 = Restated – Trimester Cumulative (L) – 8 = Quarterly (Q) – 9 = Quarterly – Cumulative (R) – 10 = Semi-Annual (S) – 11 = Trimester (T) – 12 = Trimester – Cumulative (U) – 13 = Weekly (W) – 14 = Monthly (M) This field cross-references with WSPITCode.Code where Type_ = 11.,6
qa_database_schema_worldscope_point_in_time_v1_0_6_2023_09_15,QA Database Schema - Worldscope Point in Time v1.0.6 (2023-09-15).pdf,,WSPITCalPrd,WSPITCode,,cross_reference,WSPITCalPrd.UpdTypeCode cross-references with WSPITCode.Code where Type_ = 13.,6
qa_database_schema_worldscope_point_in_time_v1_0_6_2023_09_15,QA Database Schema - Worldscope Point in Time v1.0.6 (2023-09-15).pdf,Footnotes,Item,WSPITItem,,cross_reference,Item int N This field cross-references with WSPITItem.Item.,7
qa_database_schema_worldscope_point_in_time_v1_0_6_2023_09_15,QA Database Schema - Worldscope Point in Time v1.0.6 (2023-09-15).pdf,Footnotes,Item,WSPITItem,,cross_reference,Item int N This field cross-references with WSPITItem.Item.,7
qa_database_schema_worldscope_point_in_time_v1_0_6_2023_09_15,QA Database Schema - Worldscope Point in Time v1.0.6 (2023-09-15).pdf,Footnotes,Item,WSPITItem,,cross_reference,Item int N This field cross-references with WSPITItem.Item.,7
qa_database_schema_worldscope_point_in_time_v1_0_6_2023_09_15,QA Database Schema - Worldscope Point in Time v1.0.6 (2023-09-15).pdf,WSPITCmpIssSData,Item,WSPITItem,,cross_reference,Item int N This field cross-references with WSPITItem.Item.,8
qa_database_schema_worldscope_point_in_time_v1_0_6_2023_09_15,QA Database Schema - Worldscope Point in Time v1.0.6 (2023-09-15).pdf,WSPITCmpIssSData,Item,WSPITItem,,cross_reference,Item int N This field cross-references with WSPITItem.Item.,8
qa_database_schema_worldscope_point_in_time_v1_0_6_2023_09_15,QA Database Schema - Worldscope Point in Time v1.0.6 (2023-09-15).pdf,Footnotes,FreqCode,WSPITCode,,cross_reference,FreqCode tinyint N FreqCode is the frequency: – 1 = Annual (A) – 2 = Restated – Annual (B) – 3 = Restated – Quarterly (C) – 4 = Restated – Quarterly Cumulative (E) – 5 = Restated – Semi-Annual (F) – 6 = Restated – Trimester (K) – 7 = Restated – Trimester Cumulative (L) – 8 = Quarterly (Q) – 9 = Quarterly – Cumulative (R) – 10 = Semi-Annual (S) – 11 = Trimester (T) – 12 = Trimester – Cumulative (U) – 13 = Weekly (W) – 14 = Monthly (M) This field cross-references with WSPITCode.Code where Type_ = 11.,9
qa_database_schema_worldscope_point_in_time_v1_0_6_2023_09_15,QA Database Schema - Worldscope Point in Time v1.0.6 (2023-09-15).pdf,Footnotes,Item,WSPITItem,,cross_reference,Item int N This field cross-references with WSPITItem.Item.,9
qa_database_schema_worldscope_point_in_time_v1_0_6_2023_09_15,QA Database Schema - Worldscope Point in Time v1.0.6 (2023-09-15).pdf,WSPITFinVal,FreqCode,WSPITCode,,cross_reference,FreqCode tinyint N FreqCode is the frequency: – 1 = Annual (A) – 2 = Restated – Annual (B) – 3 = Restated – Quarterly (C) – 4 = Restated – Quarterly Cumulative (E) – 5 = Restated – Semi-Annual (F) – 6 = Restated – Trimester (K) – 7 = Restated – Trimester Cumulative (L) – 8 = Quarterly (Q) – 9 = Quarterly – Cumulative (R) – 10 = Semi-Annual (S) – 11 = Trimester (T) – 12 = Trimester – Cumulative (U) – 13 = Weekly (W) – 14 = Monthly (M) This field cross-references with WSPITCode.Code where Type_ = 11.,10
qa_database_schema_worldscope_point_in_time_v1_0_6_2023_09_15,QA Database Schema - Worldscope Point in Time v1.0.6 (2023-09-15).pdf,,WSPITInfo,WSPITCode,,cross_reference,WSPITInfo.NationCode cross-references with WSPITCode.Code where Type_ = 12.,11
qa_database_schema_worldscope_point_in_time_v1_0_6_2023_09_15,QA Database Schema - Worldscope Point in Time v1.0.6 (2023-09-15).pdf,,WSPITInfo,WSPITDesc,,cross_reference,WSPITInfo.ISOCurrCode cross-references with WSPITDesc.Code where Type_ = 4.,11
qa_database_schema_worldscope_point_in_time_v1_0_6_2023_09_15,QA Database Schema - Worldscope Point in Time v1.0.6 (2023-09-15).pdf,,Update,,,cross_reference,Update Cycle: Daily Adjusted: N/A Indexes Index Fields pkey_WSPITITEM (Clustered) Item WSPITITEM_1 Name_ Field Type Nullable Description Item int N Item is a unique integer code that cross-references all the items in the data tables.,11
qa_database_schema_worldscope_point_in_time_v1_0_6_2023_09_15,QA Database Schema - Worldscope Point in Time v1.0.6 (2023-09-15).pdf,Codes,Item,WSPITItem,,cross_reference,Item int N This field cross-references with WSPITItem.Item.,12
qa_database_schema_worldscope_point_in_time_v1_0_6_2023_09_15,QA Database Schema - Worldscope Point in Time v1.0.6 (2023-09-15).pdf,,LSEG,WSPITCode,,cross_reference,LSEG Quantitative Analytics Worldscope Point in Time 13 CORPORATE Field Type Nullable Description – 1 = CB Code – 2 = Cusip – 4 = Sedol – 8 = ISIN – 16 = Cusip-based ISIN WSPITLicMrktID.LicFlag cross-references with WSPITCode.Code where Type_ = 16.,13
qa_database_schema_worldscope_point_in_time_v1_0_6_2023_09_15,QA Database Schema - Worldscope Point in Time v1.0.6 (2023-09-15).pdf,WSPITPrcFtNote,FreqCode,WSPITCode,,cross_reference,FreqCode tinyint N FreqCode is the frequency: – 1 = Annual (A) – 2 = Restated – Annual (B) – 3 = Restated – Quarterly (C) – 4 = Restated – Quarterly Cumulative (E) – 5 = Restated – Semi-Annual (F) – 6 = Restated – Trimester (K) – 7 = Restated – Trimester Cumulative (L) – 8 = Quarterly (Q) – 9 = Quarterly – Cumulative (R) – 10 = Semi-Annual (S) – 11 = Trimester (T) – 12 = Trimester – Cumulative (U) – 13 = Weekly (W) – 14 = Monthly (M) This field cross-references with WSPITCode.Code where Type_ = 11.,13
qa_database_schema_worldscope_point_in_time_v1_0_6_2023_09_15,QA Database Schema - Worldscope Point in Time v1.0.6 (2023-09-15).pdf,WSPITPrcFtNote,Item,WSPITItem,,cross_reference,Item int N This field cross-references with WSPITItem.Item.,13
qa_database_schema_worldscope_point_in_time_v1_0_6_2023_09_15,QA Database Schema - Worldscope Point in Time v1.0.6 (2023-09-15).pdf,WSPITRatios,FreqCode,WSPITCode,,cross_reference,FreqCode tinyint N FreqCode is the frequency: – 1 = Annual (A) – 2 = Restated – Annual (B) – 3 = Restated – Quarterly (C) – 4 = Restated – Quarterly Cumulative (E) – 5 = Restated – Semi-Annual (F) – 6 = Restated – Trimester (K) – 7 = Restated – Trimester Cumulative (L) – 8 = Quarterly (Q) – 9 = Quarterly – Cumulative (R) – 10 = Semi-Annual (S) – 11 = Trimester (T) – 12 = Trimester – Cumulative (U) – 13 = Weekly (W) – 14 = Monthly (M) This field cross-references with WSPITCode.Code where Type_ = 11.,14
qa_database_schema_worldscope_point_in_time_v1_0_6_2023_09_15,QA Database Schema - Worldscope Point in Time v1.0.6 (2023-09-15).pdf,,Cross,WSPITDesc,,cross_reference,Cross-reference the alphabetic codes with WSPITDesc.Code where Type_ = 5 for descriptions.,14
qa_database_schema_worldscope_point_in_time_v1_0_6_2023_09_15,QA Database Schema - Worldscope Point in Time v1.0.6 (2023-09-15).pdf,WSPITPrcRetVol,Item,WSPITItem,,cross_reference,Item int N This field cross-references with WSPITItem.Item.,14
qa_database_schema_worldscope_point_in_time_v1_0_6_2023_09_15,QA Database Schema - Worldscope Point in Time v1.0.6 (2023-09-15).pdf,,LSEG,WSPITCode,,cross_reference,LSEG Quantitative Analytics Worldscope Point in Time 15 CORPORATE Field Type Nullable Description – 3 = Restated – Quarterly (C) – 4 = Restated – Quarterly Cumulative (E) – 5 = Restated – Semi-Annual (F) – 6 = Restated – Trimester (K) – 7 = Restated – Trimester Cumulative (L) – 8 = Quarterly (Q) – 9 = Quarterly – Cumulative (R) – 10 = Semi-Annual (S) – 11 = Trimester (T) – 12 = Trimester – Cumulative (U) – 13 = Weekly (W) – 14 = Monthly (M) This field cross-references with WSPITCode.Code where Type_ = 11.,15
qa_database_schema_worldscope_point_in_time_v1_0_6_2023_09_15,QA Database Schema - Worldscope Point in Time v1.0.6 (2023-09-15).pdf,WSPITRatios,Item,WSPITItem,,cross_reference,Item int N This field cross-references with WSPITItem.Item.,15
qa_database_schema_worldscope_point_in_time_v1_0_6_2023_09_15,QA Database Schema - Worldscope Point in Time v1.0.6 (2023-09-15).pdf,WSPITRepPrd,FreqCode,WSPITCode,,cross_reference,FreqCode tinyint N FreqCode is the frequency: – 1 = Annual (A) – 2 = Restated – Annual (B) – 3 = Restated – Quarterly (C) – 4 = Restated – Quarterly Cumulative (E) – 5 = Restated – Semi-Annual (F) – 6 = Restated – Trimester (K) – 7 = Restated – Trimester Cumulative (L) – 8 = Quarterly (Q) – 9 = Quarterly – Cumulative (R) – 10 = Semi-Annual (S) – 11 = Trimester (T) – 12 = Trimester – Cumulative (U) – 13 = Weekly (W) – 14 = Monthly (M) This field cross-references with WSPITCode.Code where Type_ = 11.,15
qa_database_schema_worldscope_point_in_time_v1_0_6_2023_09_15,QA Database Schema - Worldscope Point in Time v1.0.6 (2023-09-15).pdf,,Cross,WSPITDesc,,cross_reference,Cross-reference the alphabetic codes with WSPITDesc.Code where Type_ = 5 for descriptions.,15
qa_database_schema_worldscope_point_in_time_v1_0_6_2023_09_15,QA Database Schema - Worldscope Point in Time v1.0.6 (2023-09-15).pdf,PointDate,FreqCode,WSPITCode,,cross_reference,FreqCode tinyint N FreqCode is the frequency: – 1 = Annual (A) – 2 = Restated – Annual (B) – 3 = Restated – Quarterly (C) – 4 = Restated – Quarterly Cumulative (E) – 5 = Restated – Semi-Annual (F) – 6 = Restated – Trimester (K) – 7 = Restated – Trimester Cumulative (L) – 8 = Quarterly (Q) – 9 = Quarterly – Cumulative (R) – 10 = Semi-Annual (S) – 11 = Trimester (T) – 12 = Trimester – Cumulative (U) – 13 = Weekly (W) – 14 = Monthly (M) This field cross-references with WSPITCode.Code where Type_ = 11.,16
qa_database_schema_worldscope_point_in_time_v1_0_6_2023_09_15,QA Database Schema - Worldscope Point in Time v1.0.6 (2023-09-15).pdf,,Cross,WSPITDesc,,cross_reference,Cross-reference the alphabetic codes with WSPITDesc.Code where Type_ = 5 for descriptions.,16
qa_database_schema_worldscope_point_in_time_v1_0_6_2023_09_15,QA Database Schema - Worldscope Point in Time v1.0.6 (2023-09-15).pdf,PointDate,SegTypeCode,WSPITCode,,cross_reference,SegTypeCode tinyint N SegTypeCode is the segment type (product or geographic): – 1 = P = Product – 2 = G = Geographic WSPITSeg.SegTypeCode cross-references with WSPITCode.Code where Type_ = 15.,16
qa_database_schema_worldscope_point_in_time_v1_0_6_2023_09_15,QA Database Schema - Worldscope Point in Time v1.0.6 (2023-09-15).pdf,,Cross,WSPITDesc,,cross_reference,Cross-reference the alphabetic codes with WSPITDesc.Code where Type_ = 6.,16
qa_database_schema_worldscope_point_in_time_v1_0_6_2023_09_15,QA Database Schema - Worldscope Point in Time v1.0.6 (2023-09-15).pdf,PointDate,Item,WSPITItem,,cross_reference,Item int N This field cross-references with WSPITItem.Item.,16
qa_database_schema_worldscope_point_in_time_v1_0_6_2023_09_15,QA Database Schema - Worldscope Point in Time v1.0.6 (2023-09-15).pdf,WSPITSegFtNote,FreqCode,WSPITCode,,cross_reference,FreqCode tinyint N FreqCode is the frequency: – 1 = Annual (A) – 2 = Restated – Annual (B) – 3 = Restated – Quarterly (C) – 4 = Restated – Quarterly Cumulative (E) – 5 = Restated – Semi-Annual (F) – 6 = Restated – Trimester (K) – 7 = Restated – Trimester Cumulative (L) – 8 = Quarterly (Q) – 9 = Quarterly – Cumulative (R) – 10 = Semi-Annual (S) – 11 = Trimester (T) – 12 = Trimester – Cumulative (U) – 13 = Weekly (W) – 14 = Monthly (M) This field cross-references with WSPITCode.Code where Type_ = 11.,17
qa_database_schema_worldscope_point_in_time_v1_0_6_2023_09_15,QA Database Schema - Worldscope Point in Time v1.0.6 (2023-09-15).pdf,,Cross,WSPITDesc,,cross_reference,Cross-reference the alphabetic codes with WSPITDesc.Code where Type_ = 5 for descriptions.,17
qa_database_schema_worldscope_point_in_time_v1_0_6_2023_09_15,QA Database Schema - Worldscope Point in Time v1.0.6 (2023-09-15).pdf,WSPITSegFtNote,SegTypeCode,WSPITCode,,cross_reference,SegTypeCode tinyint N SegTypeCode is the segment type (product or geographic): – 1 = P = Product – 2 = G = Geographic WSPITSegFtNote.SegTypeCode cross-references with WSPITCode.Code where Type_ = 15.,17
qa_database_schema_worldscope_point_in_time_v1_0_6_2023_09_15,QA Database Schema - Worldscope Point in Time v1.0.6 (2023-09-15).pdf,,Cross,WSPITDesc,,cross_reference,Cross-reference the alphabetic codes with WSPITDesc.Code where Type_ = 6.,17
qa_database_schema_worldscope_point_in_time_v1_0_6_2023_09_15,QA Database Schema - Worldscope Point in Time v1.0.6 (2023-09-15).pdf,WSPITSegFtNote,Item,WSPITItem,,cross_reference,Item int N This field cross-references with WSPITItem.Item.,17
qa_database_schema_worldscope_point_in_time_v1_0_6_2023_09_15,QA Database Schema - Worldscope Point in Time v1.0.6 (2023-09-15).pdf,WSPITStmtDData,FreqCode,WSPITCode,,cross_reference,FreqCode tinyint N FreqCode is the frequency: – 1 = Annual (A) – 2 = Restated – Annual (B) – 3 = Restated – Quarterly (C) – 4 = Restated – Quarterly Cumulative (E) – 5 = Restated – Semi-Annual (F) – 6 = Restated – Trimester (K) – 7 = Restated – Trimester Cumulative (L) – 8 = Quarterly (Q) – 9 = Quarterly – Cumulative (R) – 10 = Semi-Annual (S) – 11 = Trimester (T) – 12 = Trimester – Cumulative (U) – 13 = Weekly (W) – 14 = Monthly (M) This field cross-references with WSPITCode.Code where Type_ = 11.,18
qa_database_schema_worldscope_point_in_time_v1_0_6_2023_09_15,QA Database Schema - Worldscope Point in Time v1.0.6 (2023-09-15).pdf,WSPITStmtDData,Item,WSPITItem,,cross_reference,Item int N This field cross-references with WSPITItem.Item.,18
qa_database_schema_worldscope_point_in_time_v1_0_6_2023_09_15,QA Database Schema - Worldscope Point in Time v1.0.6 (2023-09-15).pdf,WSPITStmtSData,FreqCode,WSPITCode,,cross_reference,FreqCode tinyint N FreqCode is the frequency: – 1 = Annual (A) – 2 = Restated – Annual (B) – 3 = Restated – Quarterly (C) – 4 = Restated – Quarterly Cumulative (E) – 5 = Restated – Semi-Annual (F) – 6 = Restated – Trimester (K) – 7 = Restated – Trimester Cumulative (L) – 8 = Quarterly (Q) – 9 = Quarterly – Cumulative (R) – 10 = Semi-Annual (S) – 11 = Trimester (T) – 12 = Trimester – Cumulative (U) – 13 = Weekly (W) – 14 = Monthly (M) This field cross-references with WSPITCode.Code where Type_ = 11.,19
qa_database_schema_worldscope_point_in_time_v1_0_6_2023_09_15,QA Database Schema - Worldscope Point in Time v1.0.6 (2023-09-15).pdf,WSPITStmtIData,Item,WSPITItem,,cross_reference,Item int N This field cross-references with WSPITItem.Item.,19
qa_database_schema_worldscope_point_in_time_v1_0_6_2023_09_15,QA Database Schema - Worldscope Point in Time v1.0.6 (2023-09-15).pdf,,LSEG,WSPITCode,,cross_reference,LSEG Quantitative Analytics Worldscope Point in Time 20 CORPORATE Field Type Nullable Description – 12 = Trimester – Cumulative (U) – 13 = Weekly (W) – 14 = Monthly (M) This field cross-references with WSPITCode.Code where Type_ = 11.,20
qa_database_schema_worldscope_point_in_time_v1_0_6_2023_09_15,QA Database Schema - Worldscope Point in Time v1.0.6 (2023-09-15).pdf,,Cross,WSPITDesc,,cross_reference,Cross-reference the alphabetic codes with WSPITDesc.Code where Type_ = 5 for descriptions.,20
qa_database_schema_worldscope_point_in_time_v1_0_6_2023_09_15,QA Database Schema - Worldscope Point in Time v1.0.6 (2023-09-15).pdf,WSPITSupp,Item,WSPITItem,,cross_reference,Item int N This field cross-references with WSPITItem.Item.,20
qa_database_schema_worldscope_point_in_time_v1_0_6_2023_09_15,QA Database Schema - Worldscope Point in Time v1.0.6 (2023-09-15).pdf,WSPITSupp,FreqCode,WSPITCode,,cross_reference,FreqCode tinyint N FreqCode is the frequency: – 1 = Annual (A) – 2 = Restated – Annual (B) – 3 = Restated – Quarterly (C) – 4 = Restated – Quarterly Cumulative (E) – 5 = Restated – Semi-Annual (F) – 6 = Restated – Trimester (K) – 7 = Restated – Trimester Cumulative (L) – 8 = Quarterly (Q) – 9 = Quarterly – Cumulative (R) – 10 = Semi-Annual (S) – 11 = Trimester (T) – 12 = Trimester – Cumulative (U) – 13 = Weekly (W) – 14 = Monthly (M) This field cross-references with WSPITCode.Code where Type_ = 11.,20
qa_database_schema_worldscope_point_in_time_v1_0_6_2023_09_15,QA Database Schema - Worldscope Point in Time v1.0.6 (2023-09-15).pdf,WSPITSupp,Item,WSPITItem,,cross_reference,Item int N This field cross-references with WSPITItem.Item.,20
qa_database_schema_worldscope_v1_2_5_2022_09_02,QA Database Schema - Worldscope v1.2.5 (2022-09-02).pdf,,Update,the,,cross_reference,"Update Cycle: Daily Adjusted: N/A Indexes Index Fields pkey_Wscode (Clustered) Section_, Field, Value_ Field Type Nullable Description Section_ varchar(1) N Section_ may be: • A: Accounting Standards and Industry Codes • C: SIC Codes • D: Stock Exchanges, Stock Indexes • F: Country Information Field int N Field cross-references with the Wsndata or Wsidata tables where Field = Ws*data.Item.",9
qa_database_schema_worldscope_v1_2_5_2022_09_02,QA Database Schema - Worldscope v1.2.5 (2022-09-02).pdf,Wscode,Value_,the,,cross_reference,"Value_ int N Value_ cross-references with the Wsndata or Wsidata tables where Value_ = Ws*data.Value_."" Desc_ varchar(120) Y Desc_ is the translation of Field + Value_.",9
qa_database_schema_worldscope_v1_2_5_2022_09_02,QA Database Schema - Worldscope v1.2.5 (2022-09-02).pdf,Wsddata,Item,Wsitem,,cross_reference,Item int N Item cross-references with Wsitem where Item = Wsitem.Number.,10
qa_database_schema_worldscope_v1_2_5_2022_09_02,QA Database Schema - Worldscope v1.2.5 (2022-09-02).pdf,,In,Wsndata,,cross_reference,"In Wstext, Value_ cross-references with Wsndata, Wsldata, Wsmdata, or Wssdata where Value_ = Ws*data.Value_.",10
qa_database_schema_worldscope_v1_2_5_2022_09_02,QA Database Schema - Worldscope v1.2.5 (2022-09-02).pdf,Wsfnote,Item,Wsitem,,cross_reference,Item int N Item cross-references with Wsitem where Item = Wsitem.Number.,11
qa_database_schema_worldscope_v1_2_5_2022_09_02,QA Database Schema - Worldscope v1.2.5 (2022-09-02).pdf,Wsfnote,Note,Wsftext,,cross_reference,"Note varchar(4) N Note cross-references with Wsftext where Note = Wsftext.Note_, and with Wstext where Item = Wstext.Field and Wstext.Section_ = E.",11
qa_database_schema_worldscope_v1_2_5_2022_09_02,QA Database Schema - Worldscope v1.2.5 (2022-09-02).pdf,Wsftext,Item,Wsitem,,cross_reference,Item int N Item cross-references with Wsitem where Item = Wsitem.Number.,12
qa_database_schema_worldscope_v1_2_5_2022_09_02,QA Database Schema - Worldscope v1.2.5 (2022-09-02).pdf,Wsidata,Item,Wsitem,,cross_reference,Item int N Item cross-references with Wsitem where Item = Wsitem.Number.,13
qa_database_schema_worldscope_v1_2_5_2022_09_02,QA Database Schema - Worldscope v1.2.5 (2022-09-02).pdf,,Update,all,,cross_reference,Update Cycle: Daily Adjusted: N/A Indexes Index Fields pkey_Wsitem (Clustered) Number Wsitem_name Name Field Type Nullable Description Number int N Number cross-references with all Ws*DATA tables where Number = Ws*data.Item.,14
qa_database_schema_worldscope_v1_2_5_2022_09_02,QA Database Schema - Worldscope v1.2.5 (2022-09-02).pdf,,Position,Wscode,,cross_reference,Position 1 = INDUSTRIAL Position 2 = UTILITY Position 3 = TRANSPORTATION Position 4 = BANK Position 5 = INSURANCE Position 6 = OTHER FINANCIAL Units tinyint Y Units may be: • The item is U.S. dollar denominated (0) • The item is non-U.S. dollar denominated (1) RefSect varchar(1) Y RefSect cross-references with Wscode where RefSect = WSCODE.Section_.,15
qa_database_schema_worldscope_v1_2_5_2022_09_02,QA Database Schema - Worldscope v1.2.5 (2022-09-02).pdf,Wsitem,RefNumb,Wscode,,cross_reference,"RefNumb int Y RefNumb cross-references with Wscode and Wstext depending on whether the QType is A, N, or I.",15
qa_database_schema_worldscope_v1_2_5_2022_09_02,QA Database Schema - Worldscope v1.2.5 (2022-09-02).pdf,,For,Wscode,,cross_reference,"For example, QTypes of N or I cross-reference with Wscode where RefNumb = Wscode.Field and RefSect = Wscode.Section_.",15
qa_database_schema_worldscope_v1_2_5_2022_09_02,QA Database Schema - Worldscope v1.2.5 (2022-09-02).pdf,Wsldata,Item,Wsitem,,cross_reference,Item int N Item cross-references with Wsitem where Item = Wsitem.Number.,16
qa_database_schema_worldscope_v1_2_5_2022_09_02,QA Database Schema - Worldscope v1.2.5 (2022-09-02).pdf,Wsndata,Item,Wsitem,,cross_reference,Item int N Item cross-references with Wsitem where Item = Wsitem.Number.,17
qa_database_schema_worldscope_v1_2_5_2022_09_02,QA Database Schema - Worldscope v1.2.5 (2022-09-02).pdf,Wsndata,Item,Wsitem,,cross_reference,Item int N Item cross-references with Wsitem where Item = Wsitem.Number.,17
qa_database_schema_worldscope_v1_2_5_2022_09_02,QA Database Schema - Worldscope v1.2.5 (2022-09-02).pdf,Wssdata,Item,Wsitem,,cross_reference,Item int N Item cross-references with Wsitem where Item = Wsitem.Number.,18
qa_database_schema_worldscope_v1_2_5_2022_09_02,QA Database Schema - Worldscope v1.2.5 (2022-09-02).pdf,,Update,Wsxdata,,cross_reference,"Update Cycle: Rarely Adjusted: N/A Indexes Index Fields pkey_Wstext (Clustered) Section_, Field, Value_ Field Type Nullable Description Section_ varchar(1) N Section_ may be: • A: Accounting Standards and Industry Codes • C: SIC Codes • D: Stock Exchanges, Stock Indexes • E: Everything else. (General) • F: Country Information Field int N Field cross-references with Wsxdata, Wsldata, Wsmdata, or Wssdata where Field = Ws*data.Item.",18
qa_database_schema_worldscope_v1_2_5_2022_09_02,QA Database Schema - Worldscope v1.2.5 (2022-09-02).pdf,,In,Wsndata,,cross_reference,"In Wstext, Value_ cross-references with Wsndata, Wsldata, Wsmdata, or Wssdata where Value_ = Ws*data.Value_.",18
qa_database_schema_worldscope_v1_2_5_2022_09_02,QA Database Schema - Worldscope v1.2.5 (2022-09-02).pdf,Wsxdata,Item,Wsitem,,cross_reference,Item int N Item cross-references with Wsitem where Item = Wsitem.Number.,19
qa_database_schema_worldscope_v1_2_5_2022_09_02,QA Database Schema - Worldscope v1.2.5 (2022-09-02).pdf,,Index,all,,cross_reference,"Index Fields code (part of compound index) item itemName Field Type Nullable Description code Int N code is the primary link across all Worldscope (Ws*) tables. item Int N item cross-references with all Ws*DATA tables where item = Ws*data.Item. itemName varchar(55) Y itemName is the name of the data item. itemUnits varchar(9) Y itemUnits describes the units this item is stored in and can be: • ‘Shares’ • ‘Persons’ • currency eg ‘USD’ • currency per share eg ‘CHF/share’ Note: This is the Worldscope currency and not the reported currency Example Use Case: Select itemName, itemUnits from vw_WSItemUnits where item = 1001 -- net sales or revenues and code = 51904 -- Thomson Reuters",20
qa_database_schema_worldscope_v1_2_5_2022_09_02,QA Database Schema - Worldscope v1.2.5 (2022-09-02).pdf,,Index,all,,cross_reference,"Index Fields Code, Item, Freq, Year_, Seq (compound index) periodUpdateFlag (part of compound index) Field Type Nullabl e Description code Int N Code is the primary link across all Worldscope (Ws*) tables. item Int N item cross-references with all Ws*DATA tables where item = Ws*data.Item.",21
qa_database_schema_worldscope_v1_2_5_2022_09_02,QA Database Schema - Worldscope v1.2.5 (2022-09-02).pdf,,,vw_SecurityMasterX,,join_hint,"An item meeting this criterion will have ‘RKD’ in this field; otherwise it will have ‘WS’ Value_ float Y Value_ is the value of the specified item. itemUnits Varchar(9) Y units describes the units this item is stored in and can be: • ‘Shares’ • ‘Persons’ • currency eg ‘USD’ • currency per share eg ‘CHF/share’ Note: This is the Worldscope currency, not the currency of document, above Example Use Case: select m.id as qaID,m.sedol,m.name,d.fiscalPeriodEndDate,d.epsReportDate,d.periodUpdateFlag,d.periodU pdateDescription, d.currencyOfDocument,d.periodSource,d.Value_,d.itemUnits from vw_SecurityMasterX m join vw_WsCompanyMapping w on w.code = m.seccode and w.type_ = m.typ left join vw_WsItemData d on d.code = w.vencode and d.item = 5476 -- BOOK VALUE PER SHARE and d.freq = 'a' -- ANNUAL where m.id = 'ibm'",22
qa_database_schema_worldscope_v1_2_5_2022_09_02,QA Database Schema - Worldscope v1.2.5 (2022-09-02).pdf,,Index,all,,cross_reference,"Index Fields Code, Item, Freq, Year_, Seq (compound index) periodUpdateFlag (part of compound index) Field Type Nullable Description code Int N Code is the primary link across all Worldscope (Ws*) tables. item Int N item cross-references with all Ws*DATA tables where item = Ws*data.Item.",25
qa_database_schema_worldscope_v1_2_5_2022_09_02,QA Database Schema - Worldscope v1.2.5 (2022-09-02).pdf,,,the,,join_hint,"An item meeting this criterion will have ‘RKD’ in this field; otherwise it will have ‘WS’ rate float Y rate is the exchange rate from the Worldscope currency to the currency of document reportedValue float Y Value_ is the value of the specified item in the currency of document rather than the Worldscope currency (This field is calculated by taking the original value from WSItemDataVw and dividing by rate) itemUnits Varchar(9) Y units describes the units this item is stored in and can be: • ‘Shares’ • ‘Persons’ • currency eg ‘USD’ • currency per share eg ‘CHF/share’ Note: This is the currency of document above, not the Worldscope currency Example Use Case: select m.id as qaID,m.sedol,m.name,d.fiscalPeriodEndDate,d.epsReportDate,d.periodUpdateFlag,d.periodU pdateDescription, d.currencyOfDocument,d.periodSource,d.rate,d.reportedValue,d.itemUnits from vw_SecurityMasterX m join vw_WsCompanyMapping w on w.code = m.seccode and w.type_ = m.typ left join vw_WsFXAdjustment d on d.code = w.vencod",26
qa_database_schema_worldscope_v1_2_5_2022_09_02,QA Database Schema - Worldscope v1.2.5 (2022-09-02).pdf,,Cross,prc,,cross_reference,Cross-reference with prc.PRCISS where prc.PRCISR.isrcode = prc.PRCISS.isrcode. seccode smallint N Seccode is the code links across the master tables. typ Int N Typ is the security type and can be: • 1 (North American Equities) • 6 (Global Equities) vencode Int Y VenCode is the corresponding vendor’s unique code.,27
qa_database_schema_worldscope_v1_2_5_2022_09_02,QA Database Schema - Worldscope v1.2.5 (2022-09-02).pdf,,,vw_securityMasterX,,join_hint,"Example Use Case: select m.id,m.cusip, p.isrCode,p.vencode from vw_securityMasterX m join vw_wsCompanyMapping p on p.seccode = m.seccode and p.typ = m.typ where m.id in ('45920030','@INTLB1','ibm') -- These QA Id's are all securities for the IBM Company",27
quantitative_analytics_schema_catalog_v1_0,Quantitative Analytics Schema Catalog v1.0.pdf,QASchTableInfo,AvailableOn,,,cross_reference,"AvailableOn int Yes Platform(s) the offering is available on, cross-reference QASchCode where CodeType = 1.",6
quantitative_analytics_schema_catalog_v1_0,Quantitative Analytics Schema Catalog v1.0.pdf,QASchTableInfo,AvailableOn,,,cross_reference,"AvailableOn int Yes Platform(s) the offering is available on, cross-reference QASchCode where CodeType = 1.",6
quantitative_analytics_schema_catalog_v1_0,Quantitative Analytics Schema Catalog v1.0.pdf,QASchTableInfo,UpdateFrequency,,,cross_reference,"UpdateFrequency int Yes The update schedule for the Table, cross-reference QASchCode where CodeType = 2.",6
quantitative_analytics_schema_catalog_v1_0,Quantitative Analytics Schema Catalog v1.0.pdf,QASchTableInfo,EntitlementType,,,cross_reference,"EntitlementType int Yes The type of Entitlements in the Table, cross-reference QASchCode where CodeType = 3.",6
